NUMERO_ISCRIZIONE;WEB_URL
A000000030;www.agenziazurich.it/va505
A000000117;https://agenzie.italiana.it/agenzie/agenziaclusone
A000000156;https://www.agenzievittoria.com/castelsanpietroterme/
A000000156;www.latuavittoria.it
A000000175;www.danielabrigandi.it
A000000193;www.assicurazionimaida.it
A000000337;www.marandoassicurazioni.it
A000000459;www.cortiassicura.it
A000000690;www.rasobarrecaassicurazioni.it
A000000690;www.rasobarrecassicurazioni.it
A000000737;www.facebook.com/AssiDiGi/
A000000737;www.instagram.com/saraassicurazioniqualiano/
A000000737;www.sara.it/agenzia?id=A217
A000000847;www.agenzie.generali.it/casalecchiodireno
A000000866;www.agenzievittoria.com/arezzo
A000000870;https://www.ageallianz.it/piedimontematese6311/
A000000875;www.francescotrupiano.it
A000000942;https://www.effeemmeassicurazioni.it/
A000000943;https://www.assistudioperboni.it/
A000000949;www.ageallianz.it/saronno124
A000001019;https://agenzie.realemutua.it/agenzia322/Pages/R_Overview.aspx
A000001166;https://eur03.safelinks.protection.outlook.com/?url=https%3A%2F%2Fwww.arag.it%2Fportal%2Ftutela-legale-ols-famiglia%2F-%2Fols%2F341e07cd-24b8-4a41-bc60-14b6237ba273&data=05%7C02%7Cbackoffice.commerciale%40arag.it%7C982079ae46d3403035e608de0031fcad%7C8ffb3be783a7463fa543aedb2683b1ae%7C0%7C0%7C638948411869372937%7CUnknown%7CTWFpbGZsb3d8eyJFbXB0eU1hcGkiOnRydWUsIlYiOiIwLjAuMDAwMCIsIlAiOiJXaW4zMiIsIkFOIjoiTWFpbCIsIldUIjoyfQ%3D%3D%7C0%7C%7C%7C&sdata=adPu%2FbNFsQwztlzGHQtc92V7ZUFDpbCoZiCfYSU1dKM%3D&reserved=0
A000001166;https://eur03.safelinks.protection.outlook.com/?url=https%3A%2F%2Fwww.arag.it%2Ftutela-legale-ols-cp%2Fa7077c3c-741a-4bd1-8f3c-71bd0cf73253&data=05%7C02%7Cbackoffice.commerciale%40arag.it%7C982079ae46d3403035e608de0031fcad%7C8ffb3be783a7463fa543aedb2683b1ae%7C0%7C0%7C638948411869344704%7CUnknown%7CTWFpbGZsb3d8eyJFbXB0eU1hcGkiOnRydWUsIlYiOiIwLjAuMDAwMCIsIlAiOiJXaW4zMiIsIkFOIjoiTWFpbCIsIldUIjoyfQ%3D%3D%7C0%7C%7C%7C&sdata=HpAhCRRZCok3GuSLfDOPDEMZxv1yV23YEwkftwV9kmA%3D&reserved=0
A000001166;https://www.biscaroassicurazioni.com/
A000001166;https://www.biscaroassicurazioni.com/assicurazione-auto.html
A000001166;https://www.biscaroassicurazioni.com/assicurazione-azienda.html
A000001166;https://www.biscaroassicurazioni.com/assicurazione-casa.html
A000001166;https://www.biscaroassicurazioni.com/assicurazione-per-professionisti.html
A000001166;https://www.biscaroassicurazioni.com/assicurazione-personale.html
A000001166;https://www.biscaroassicurazioni.com/previdenza-e-risparmio.html
A000001166;https://www.facebook.com/biscaroassicurazioni
A000001199;www.lostumboassicurazioni.it
A000001284;www.versicherungsagentur.bz
A000001311;www.agenzie.Generali.it/castrovillari
A000001314;www.agenzie.generali.it/sienaviamassetana
A000001383;https://agenzie.realemutua.it/agenzie/agenziaromaflaminio
A000001454;WWW.PUNTOASSICURAZIONI.IT
A000001473;www.agenzie.generali.it/cuneo
A000001496;WWW.FACEBOOK.COM/PROFILE.PHP?ID=100007796384713
A000001496;WWW.INSTAGRAM.COM/LUCA_SALVATORE___?IGSH=MWFTMXPHNWLZNGRYDQ==
A000001496;WWW.LINKEDIN.COM/IN/LUCASAL72?TRK=UNIVERSAL-SEARCH-CLUSTER
A000001608;www.agenzievittoria.com/bogliascorecco
A000001609;www.ageallianz.it/genova155000/
A000001611;www.assicurazionibonomi.it
A000001810;www.ageallianz.it/caprinoveronese955
A000001811;www.ageallianz.it/schio960
A000001854;WWW.ASSICURAZIONIVITRANI.IT
A000001872;www.pistiddaantonio.com
A000001888;www.agenzievittoria.com/pedrengopiazzini
A000001970;www.agenzie.generali.it/casertagmbosco
A000002046;www.facebook.com/saravicenzacentro
A000002052;https://www.ageallianz.it/grezzana789/
A000002052;www.mazomirko.com
A000002070;https://www.arag.it/portal/tutela-legale-ols-famiglia/-/ols/df409993-3c06-4a52-99e3-938721db6c9e
A000002102;www.assicurazionimaita.it
A000002143;www.lodoviciassicurazioni.it
A000002145;www.centrofriuli.eu
A000002154;www.massimetti-agenziaunipol.it
A000002359;www.agenzie.generali.it/romaappianuova
A000002365;www.agenzievittoria.com/trieste
A000002365;www.assitrieste.it
A000002382;www.agenzie.generali.it/romaappianuova
A000002400;https://assicomunale.it/
A000002464;www.chiabrera.blog/
A000002498;www.agenzie.generali.it/mazaradelvallo
A000002528;https://www.agenzievittoria.com/fanosanmartino/
A000002538;www.agenzievittoria.com/agliana
A000002565;www.agenziazurich.it/vb502
A000002611;WWW.AGENZIACRESSOTTI.COM
A000002676;HTTPS://WWW.AGENZIE.GENERALI.IT/PALERMOCAVOUR
A000002678;https://www.agenzie.generali.it/palermodonsturzo
A000002695;https://agenzie.realemutua.it/agenzia285/Pages/R_Overview.aspx
A000002947;www.vittoriaassicurazionivigevano.it
A000002948;BERALDOASSICURAZIONI.IT
A000002958;www.agenzievittoria.com/fornovoditaro/
A000002968;www.agenzievittoria.com/erba
A000002973;WWW.VITTORIAASSICURAZIONIBUSSOLENGO.IT
A000002974;www.agenzievittoria.com/cesena
A000002974;www.gasperoniassicurazioni.com
A000002974;www.vittoriaassicurazionicesena.it
A000002986;www.agenzievittoria.com/padovafiera
A000002998;www.agenzievittoria.com/ravennagallaplacidia/
A000003002;www.agenzievittoria.com/firenzefortezzadabasso/
A000003003;www.agenzievittoria.com/firenzefortezzadabasso/
A000003006;www.agenzievittoria.com/montebelluna
A000003008;www.agenzievittoria.com/olevanoromano
A000003013;HTTPS://WWW.AGENZIEVITTORIA.COM/RIETI/
A000003014;www.agenzievittoria.com/umbria/spoleto/
A000003015;https://www.agenzievittoria.com/bellariaigeamarina/
A000003015;www.agenzievittoria.com/cesenatico
A000003025;https://www.facebook.com/profile.php?id=61551060786380
A000003027;WWW.ASSICURAZIONIVOLPATO.IT
A000003030;www.agenzievittoria.com/crema
A000003064;www.facebook.com/vignola2226.Ricchiserviziassicurativi/
A000003091;www.dagapiti.it
A000003105;agenzia.cattolica.it/firenzeveracini/it/agenzia
A000003120;https://agenzie.realemutua.it/agenzie/agenziacagliaricarlofelice
A000003120;www.mauroatzori.it
A000003179;https://fortevincenza-agenziaunipol.it/
A000003187;www.assibelloni.it
A000003213;www.agenziazurich.it/to013
A000003256;UNIPOLSAITIVOLI.IT
A000003273;www.accmarchesi.it
A000003284;www.frattiniescrinzo.it
A000003286;HTTPS://WWW.FACEBOOK.COM/SHARE/15FYYJQVDF/?MIBEXTID=WWXIFR
A000003286;HTTPS://WWW.INSTAGRAM.COM/AGGENERALISORAALIGHIERI?IGSH=MXJ2ZGPTZ3CZOXZWAW%3D%3D&UTM_SOURCE=QR
A000003286;https://www.agenzie.generali.it/soraalighieri
A000003294;agenzia.cattolica.it/abbiategrasso/it
A000003384;www.assicuramente.com
A000003385;www.cnt-assicurazioni.it
A000003494;www.agenziaciancio.it
A000003556;https://iafratiassicura.it/
A000003609;www.agenzie.generali.it/breganze
A000003659;www.troisiassicurazioni.it
A000003699;www.unipolsaicassanelli.it
A000003776;www.melettiassicurazioni.it
A000003776;www.unipolsaisassomarconi.it
A000003778;www.fambrini.it
A000003781;WWW.CFCPARMA.IT
A000003792;https://www.agenzie.generali.it/trentosolteri10
A000003794;https://agenzia.cattolica.it/valdobbiadene
A000003795;https://www.facebook.com/gavazziassicurazioni
A000003799;www.agenziazurich.it/tv506
A000003800;HTTPS://WWW.INSTAGRAM.COM/EXPLORE/LOCATIONS/1033586053/AG-GENERALI-PARMA-VIA-SIDOLI/
A000003800;HTTPS://WWW.LINKEDIN.COM/IN/ERMANNO-BORGARANI?ORIGINALSUBDOMAIN=IT
A000003804;www.voltanassicurazioni.com
A000003821;WWW.ASSIGARATTINI.IT
A000003955;https://agenzie.realemutua.it/agenzie/agenziamilanogiotto
A000003981;https://agenzia.cattolica.it/meratepascoli
A000004234;www.relya.it
A000004277;www.agenzievittoria.com/padovacentro
A000004374;www.unipolsairivoli.com
A000004378;www.assicooper.com
A000004460;HTTPS://WWW.FACEBOOK.COM/GENERALIALBACRISTORE/
A000004460;HTTPS://WWW.INSTAGRAM.COM/AGGENERALIALBACRISTORE/
A000004460;HTTPS://WWW.LINKEDIN.COM/IN/AG-GENERALI-ALBA-CRISTO-RE-582570193/
A000004486;agenzia.cattolica.it/cremacapergnanica
A000004486;agenzia.cattolica.it/cremonaduomo
A000004486;www.consorzioagrariocremona.it/assicurazioni/
A000004486;www.facebook.com/cattolicaagenziacremacapergnanica/
A000004487;www.agenzievittoria.com/MantovaPradella/
A000004532;https://agenzie.realemutua.it/agenzie/agenziamilanocittastudi
A000004583;WWW.ROSELLINSURANCE.IT
A000004668;www.borgiemantini.it
A000004674;https://www.agenziazurich.it/tv503
A000004674;https://www.paologamba.it
A000004717;WWW.BONALUMIGROUP.IT
A000004724;www.agenzievittoria.com/merano
A000004833;https://agenzia.cattolica.it//milanocentrale
A000004852;www.agenzie.generali.it/perugiapontesangiovanni
A000004901;https://agenzia.cattolica.it/padovaturazza/it/agenzia_2.it
A000004920;www.unipolsaialbertopiazza.it
A000005036;www.agenzie.generali.it/mantovaarrivabene
A000005103;https://agenzia.cattolica.it/bergamolallio
A000005155;https://www.agenziecattolica.generali.it/MARANELLO
A000005159;https://agenzia.cattolica.it/todi/it/agenzia
A000005197;www.agenzie.generali.it/pavia
A000005203;https://www.agenziecattolica.generali.it/romacaffarelletta
A000005253;www.agenzievittoria.com/canelli/
A000005253;www.agenzievittoria.com/canelliliberta/
A000005292;HTTPS://WWW.FACEBOOK.COM/AGGENERALIPALERMOLIBERTA171/
A000005338;www.agenziazurich.it/vt002
A000005376;HTTPS://AGENZIE.AXA.IT/RENDE8011
A000005391;www.instagram.com/fabiocasinisrl_assicurazioni/
A000005391;www.linkedin.com/in/fabio-casini-210a0791/
A000005502;www.ageallianz.it/iseo2082/
A000005570;www.unipolsaiassicura.it
A000005581;HTTP://AGENZIE.AXA.IT/ROMA5955
A000005594;WWW.SPADAASSICURAZIONI.COM
A000005652;https://www.agenzievittoria.com/vigonovo/
A000005710;www.agenzie.generali.it/salaconsilina
A000005713;meleassicurazioni.it
A000005749;https://agenzia.cattolica.it/sarnico
A000005776;www.agenzie.generali.it/vigevanotogliatti
A000005956;www.agenzie.generali.it/romabalduina
A000005975;https://instagram.com/agenziabplus
A000005975;https://www.facebook.com/BPlusConsulenzeAssicurative
A000005985;www.agenzie.generali.it/cirie
A000005985;www.facebook.com/AgGeneraliCirie
A000005988;www.facebook.com/agenziaITASRovigo
A000006111;HTTPS://WWW.AGENZIECATTOLICA.GENERALI.IT/AREZZOCENTRALE
A000006177;https://www.agenziazurich.it/no502
A000006190;www.agenzie.generali.it/umbertide
A000006196;www.unipolsaiorbetello.it
A000006198;www.agenzievittoria.com/milanoloreto/
A000006277;HTTP://WWW.ACIVALMONTONE.IT
A000006277;HTTPS://WWW.FACEBOOK.COM/MANNARINOASSICURAZIONI
A000006277;HTTPS://WWW.INSTAGRAM.COM/MANNARINO_ASSICURAZIONI/
A000006277;https://www.agenzie.generali.it/colleferrogaribaldi
A000006314;www.agenzie.generali.it/veronafiera
A000006328;WWW.FACEBOOK.COM/AGGENERALIBASSANODELGRAPPACADORNA
A000006328;WWW.INSTAGRAM.COM/GENERALIBASSANOGRAPPACADORNA
A000006328;WWW.INSTAGRAM.COM/GIOVANNIZANANDREA
A000006328;WWW.LINKEDIN.COM/AGGENERALIBASSANODELGRAPPACADORNA
A000006328;www.agenzie.generali.it/bassanodelgrappacadorna
A000006394;www.unipolsaicomovolta.it
A000006438;https://www.agenziazurich.it/VA002
A000006495;www.agenzie.generali.it/foggiasanlorenzo
A000006517;www.agenzie.generali.it/spoleto
A000006675;www.agenzie.generali.it/camisanovicentino
A000006677;www.bcccaravaggio.it
A000006702;www.agenziazurich.it/bs501#
A000006804;www.agenziasessa.it
A000006804;www.antoniosessa.it
A000006926;www.danieladesantisassicurazioni.it
A000006926;www.sara.it/agenzia?id=1102
A000006937;assilife.net
A000006956;www.ghisuassicurazioni.it
A000007029;www.agenziacolombosas.com
A000007047;www.agenziazurich.it/no507
A000007051;www.assivoghera.it
A000007061;www.agenziazurich.it/bs501#
A000007081;www.facebook.com/vignola2226.Ricchiserviziassicurativi/
A000007093;https://www.ageallianz.it/crema2042/
A000007156;WWW.AGENZIEVITTORIA.COM/PAVIA/
A000007169;www.agenziazurich.it/fr501
A000007169;www.agenziazurich.it/fr503
A000007234;https://www.ageallianz.it/cittadella369
A000007280;www.bernardelloassicurazioni.it
A000007312;www.assivoghera.it
A000007383;www.agenzie.generali.it/veneziasanmarco
A000007394;www.bassicurazioni.it
A000007433;www.unipolsaischio.it
A000007454;https://www.agenziazurich.it/to020
A000007464;https://studioassicurativosamele.it
A000007569;https://www.agenziecattolica.generali.it/erbacentro
A000007569;https://www.assicurazionieprestiti.it
A000007569;https://www.cr-assicurazioni.it
A000007649;www.agenziazurich.it/bz503
A000007660;www.azassicurazioni.com
A000007713;agenzie.axa.it/lecco1336
A000007728;agenzie.axa.it/lecco1336
A000007735;https://www.agenzie.generali.it/ischia
A000007772;https://www.vittoriaassicurazioni.com/agenzie/aci-castello/G09-di-bella-armando
A000007918;www.rassicura.me
A000007956;agenzia.cattolica.it/ravenna
A000008038;www.facebook.com/orlandiServizi.it
A000008038;www.linkedin.com/company/orlandi-servizi-assicurativi-snc?original_referer=https%3A%2F%2Fwww.orlandiservizi.it%2F
A000008038;www.orlandiservizi.it
A000008091;https://www.mbconsultinggrosseto.it/
A000008119;www.agenzie.generali.it/potenzaviapretoria108
A000008135;www.facebook.com/orlandiServizi.it
A000008135;www.linkedin.com/company/orlandi-servizi-assicurativi-snc?original_referer=https%3A%2F%2Fwww.orlandiservizi.it%2F
A000008135;www.orlandiservizi.it
A000008160;www.unipolsaimodena.it
A000008224;https://dapraassicurazioni.it/
A000008244;www.innamoratoassicurazioni.it
A000008267;www.agenzia.cattolica.it/calolziocorte
A000008267;www.facebook.com/cattolicaagenziacalolziocorte/
A000008280;www.assicurazionicaccia.it
A000008314;www.assicurazionirapisarda.it
A000008320;www.unipolsaisiena.it
A000008386;HTTPS://WWW.SUNDAANDPARTNERS.COM
A000008496;WWW.AGENZIEVITTORIA.COM/QUARTUSANTELENA/
A000008538;https://agenzie.realemutua.it/agenzie/agenziapistoia
A000008592;https://www.agenzie.generali.it/reggioemiliagiambellino
A000008593;www.agenzievittoria.com/campania/mercato-san-severino
A000008624;https://www.agenzievittoria.com/dalmine/
A000008667;https://www.ageallianz.it/milano695/
A000008715;www.agenzie.generali.it/campobassonobile
A000008744;www.borghiassicurazionisas.it
A000008770;https://pagliaraniassicuratori.com/
A000008789;www.barbatoassicurazioni.it
A000008809;www.agenzie.generali.it/barlettagaribaldi
A000008810;www.agenzie.generali.it/pistoiasantagostino
A000008836;https://www.dolci-assicurazioni.com/
A000008841;www.agenzievittoria.com/romalanciani/
A000009142;WWW.ASSICURAZIONIFARAGUNA.IT
A000009188;www.campoassicurazioni.it
A000009188;www.unipolsaigenova.com
A000009188;www.unipolsaigenova.net
A000009334;www.intermediarioassicurativolegale.it
A000009334;www.soluzioniassicurativelegali.it
A000009356;WWW.agenzie.generali.it/gavi
A000009387;https://www.agenzie.generali.it/trevisostradaovest
A000009387;https://www.facebook.com/AssitreAgenziadiAssicurazioni/
A000009387;https://www.instagram.com/assitre_agenzia_assicurazioni_/
A000009387;https://www.tuaassicurazioni.it/agenzie/treviso
A000009389;www.agenziazurich.it/no001
A000009453;www.agenzie.generali.it/carpiquartirolo
A000009507;www.agenziecattolica.generali.it/alessandria
A000009510;https://agenzia.cattolica.it/barletta/it/agenzia
A000009614;https://www.agenziecattolica.generali.it/casalecchiodireno
A000009658;https://www.agenzievittoria.com/villafrancadiverona/
A000009658;https://www.heltaiassicurazioni.it/
A000009658;https://www.pianetaoutdoor.com/
A000009686;https://instagram.com/lazzariniassicurazioni?igshid=YmMyMTA2M2Y=
A000009686;https://www.facebook.com/lazzariniassicurazioni
A000009727;www.stemberger.it
A000009746;https://www.facebook.com/unipolsaicerignola/
A000009792;www.bancacentro.it
A000009899;www.agenziazurich.it/mi509
A000009917;www.ageallianz.it/corato691/
A000009922;https://assicurazionilupo.it
A000010012;www.saiostia.it
A000010047;WWW.SA-ASSICURAZIONI.IT
A000010097;www.agenzie.generali.it/musiledipiave
A000010134;www.agenzie.generali.it/manfredonia
A000010147;www.assipiu.com
A000010176;https://www.agenzie.generali.it/Termoli
A000010176;www.agenzie.generali.it/Termoli
A000010188;www.agenziazurich.it/vc003
A000010229;www.scalzotto.it
A000010275;www.agenzie.generali.it/roccabianca/
A000010293;https://agenziaprovincie.it/
A000010316;www.agenzievittoria.com/senigallia
A000010434;www.bogogna.it
A000010466;www.saitorinonord.it
A000010592;WWW.UNICANAVESE.COM
A000010815;https://www.facebook.com/profile.php?id=100063545530419
A000010830;www.ageallianz.it/mascalucia960000/
A000010917;https://www.agenzievittoria.com/milanovenezia/
A000010961;https://agenzie.realemutua.it/agenzie/agenziacastelliromani
A000010964;https://www.agenziazurich.it/no502
A000011156;www.tuaassicurazioni.it/agenzie/zafferana-etnea
A000011683;www.agenzievittoria.com/padovacentro
A000011684;www.agenziazurich.it/to001
A000011684;www.assivi.it
A000011694;https://assicurazionisanremo2004.business.site/
A000011694;www.agenzievittoria.com/sanremo
A000011723;www.assiquattro.it
A000011731;www.marandoassicurazioni.it
A000011743;www.futurass.it
A000011749;www.darcangeloassicurazioni.it
A000011770;www.assicurazionebedandbreakfast.it
A000011770;www.assicurazionemedico.it
A000011782;www.bebassicurazioni.it
A000011785;HTTPS://ALBERTIASSICURAZIONI.IT/
A000011799;www.gandiniassicurazioni.it
A000011800;https://www.facebook.com/frena.partner
A000011800;www.frena-partner.com
A000011802;www.emiliana-assicurazioni.it
A000011821;WWW.VOLPEASSICURAZIONI.IT
A000011822;https://www.gavaassicurazioni.it/
A000011836;WWW.CANALAGENZIAASSICURAZIONI.IT
A000011836;https://www.arag.it/portal/tutela-legale-ols-famiglia/-/ols/e2620e57-ad2a-4fc9-b0d4-0efb89c264b9
A000011836;https://www.arag.it/tutela-legale-ols-cp/f30712b4-3569-4193-a1d7-0a1fb7f4e294
A000011842;www.celestiassicurazioni.com
A000011851;www.agenziazurich.it/mi055
A000011851;www.bsassicurazioni.it
A000011858;www.rcmedici.eu
A000011866;www.ageallianz.it/borgomanero246/
A000011866;www.bogogna.it
A000011866;www.facebook.com/borgomanero246
A000011866;www.facebook.com/polizzaassicurazioni/
A000011876;www.assicurazioniravenna.it
A000011876;www.facebook.com/AssicurazioniRavenna
A000011878;www.consulenzeprogetti.it
A000011878;www.facebook.com/assicurarsiatorino
A000011884;www.agenziecattolica.generali.it/cremacapergnanica
A000011884;www.consorzioagrariocremona.it/assicurazioni/
A000011884;www.facebook.com/cattolicaagenziacremacapergnanica/
A000011885;www.assicurazioniperugia.it
A000011887;HTTPS://WWW.ARAG.IT/PORTAL/TUTELA-LEGALE-OLS-FAMIGLIA/-/OLS/BBC3532C-1F36-4D6B-A215-567592492CD1
A000011887;HTTPS://WWW.ARAG.IT/TUTELA-LEGALE-OLS-CP/E8BA710F-ECF7-4122-9235-621BEC175ABF
A000011887;https://bit.ly/2OFYWUS
A000011887;https://bit.ly/3qyA3YH
A000011887;www.scottonassicurazioni.it
A000011887;www.unipolsaiabano.it
A000011889;www.agenziazurich.it/ar501
A000011889;www.lorenzovillani.it
A000011889;www.navarrinievillani.it
A000011906;www.ferroegambardella.it
A000011922;www.ageallianz.it/roma20810
A000011928;www.progettocima.it
A000011938;www.bfbassicurazioni.it
A000011949;www.sinergiecarpi.it
A000011956;www.assiservice.bz
A000011959;WWW.AGENZIEVITTORIA.COM/TORINOMARTINETTO/
A000011959;WWW.FACEBOOK.COM/SHARE/1BCOBVR1PM/?MIBEXTID=WWXIFR
A000011959;WWW.INSTAGRAM.COM/STEA.SRL.ALLIANZ.5034?IGSH=MWXWZG8XEW4YMWNUOQ==
A000011959;WWW.LINKEDIN.COM/IN/STEA-SRL-ALLIANZ-TORINO-MARTINETTO-76BB58350
A000011959;www.ageallianz.it/torino5034
A000011961;www.ageallianz.it/grosseto5441
A000011961;www.facebook.com/allianzgrosseto
A000011969;www.agenziazurich.it/vi508
A000011969;www.mjmassicurazioni.it
A000011982;agenzia.cattolica.it/codogno
A000011994;www.assiborgo.it
A000011996;www.assicurazioniminzoni.it
A000011999;www.crashsrl.eu
A000012041;https://www.instagram.com/multirischi/
A000012041;www.multirischi.it
A000012050;www.milanoaquileia.it
A000012057;www.diepi.it
A000012062;www.assitrio.it
A000012066;www.stradellaassicurazioni.it
A000012069;www.agenziazurich.it/vr501
A000012076;https://agenzie.italiana.it/agenzie/agenziastorica
A000012090;https://agenzie.italiana.it/agenzie/agenziasaccocciasimonettasnc
A000012107;www.agenzievittoria.com/novara
A000012109;www.agenzievittoria.com/cremona/
A000012111;www.agenzievittoria.com/pisa/
A000012112;www.agenzievittoria.com/bergamo
A000012116;www.agenzievittoria.com/pesarotorraccia
A000012117;https://www.agenzievittoria.com/materaaltamura/
A000012118;www.agenzievittoria.com/romagrottarossa/
A000012118;www.facebook.com/vittoriaassicurazioniromagrottarossa/
A000012122;https://www.siamosrl.it/
A000012123;www.agenzievittoria.com/ragusa
A000012126;https://www.agenzievittoria.com/padovaest/
A000012127;www.agenzievittoria.com/casalemonferrato
A000012129;www.agenzievittoria.com/rovigo
A000012141;www.agenziacolombosas.com
A000012156;www.agenzia.cattolica.it/petiliapolicastro
A000012156;www.facebook.com/ScordamagliaAssicurazioni
A000012184;www.vertuassicurazioni.com
A000012189;www.agenziazurich.it/BL001
A000012206;https://agenzia.cattolica.it/sienastalloreggi
A000012209;www.agenziazurich.it/li503
A000012209;www.zurichelba.it
A000012216;www.agenzie.generali.it/conselve
A000012217;www.assifeltre.it
A000012219;https://agenzie.realemutua.it/agenzie/agenziaparma/
A000012219;https://cfcparma.it/
A000012220;WWW.GRASSIESABBADINI.COM
A000012220;WWW.GRASSIESABBADINI.IT
A000012221;www.assicredit.it
A000012235;https://agenzie.axa.it/legnago2402
A000012236;https://agenzie.axa.it/oderzo2200
A000012240;https://agenzie.realemutua.it/agenzie/agenziamilanogiotto
A000012244;www.consulenzeassicurative-bs.com
A000012258;https://assiconsulenze.com/
A000012258;https://www.agenzie.generali.it/bareggio
A000012261;www.agenzie.generali.it/romaorsaminore
A000012276;assicuriamo.com
A000012280;https://agenzie.italiana.it/agenzie/agenzialeoniesasdelli
A000012285;WWW.AGENZIARANGHIERO.IT
A000012294;www.agenzie.generali.it/roncade
A000012305;WWW.GECACONSULENZE.COM
A000012305;WWW.GECACONSULENZE.IT
A000012305;WWW.PROTEZIONEGENITORI.COM
A000012305;WWW.PROTEZIONEGENITORI.IT
A000012313;www.assicuramantova.it
A000012314;www.assicurazionisaf.it
A000012315;www.agenzie.generali.it/lodiviasancolombano
A000012315;www.tornariassicurazioni.it/
A000012324;www.studio2r.com
A000012324;www.studio2r.it
A000012335;www.agenziazurich.it/bg509
A000012335;www.facebook.com/p/Agenzia-Zurich-Albino-Bg-GG-di-Gusmini-Giovanni-C-sas-100063509499044/
A000012348;WWW.FILIPPIASSISERVICE.IT
A000012353;www.agenziazurich.it/pd514
A000012358;www.ageallianz.it/codroipo304/
A000012358;www.ageallianz.it/sandanieledelfriuli311/
A000012361;www.albaintermediazioni.it
A000012365;www.frigerioassicurazioni.com
A000012368;https://agenzie.realemutua.it/agenzie/agenziatorinosommeiller
A000012368;www.falgar.it
A000012381;www.assicurazionitreviso.com
A000012381;www.assicurazionitreviso.net
A000012384;www.b-tinsurance.it
A000012384;www.webins.it
A000012392;www.agenzie.generali.it/torinoviastradella
A000012392;www.assicuratorino.it
A000012393;www.agenzie.generali.it/peschieraborromeo
A000012396;WWW.AGENZIE.GENERALI.IT/MESTRINO
A000012396;WWW.FACEBOOK.COM/AGGENERALIMESTRINO
A000012404;www.gisassicurazioni.com
A000012409;WWW.ASSITRE.IT
A000012415;www.agenzie.generali.it/cerea
A000012417;www.assicurazionialbaro.it
A000012423;www.agenzie.generali.it/cattolica
A000012426;www.assicurazionifolignospoleto.com
A000012426;www.unipolrentalfolignospoleto.com
A000012430;www.agenzie.generali.it/romaserafico
A000012431;https://agenzia.cattolica.it/legnagosalieri/it/agenzia
A000012448;www.badifinass.it
A000012454;www.agenzie.generali.it/ravenna
A000012457;https://www.arag.it/portal/tutela-legale-ols-famiglia/-/ols/5131440d-df2d-472f-abc7-e34758ae0741
A000012457;https://www.arag.it/tutela-legale-ols-cp/495cfc3c-65eb-4a4c-b590-0f1121232262
A000012461;www.agenzie.generali.it/manzano
A000012462;HTTPS://WWW.ARAG.IT/PORTAL/AFFITTI-BREVI/-/PRODOTTO/46E7F2AB-4F45-4436-916B-EE80E73956E7
A000012462;HTTPS://WWW.ARAG.IT/PORTAL/TUTELA-LEGALE-OLS-FAMIGLIA/-/OLS/2753440C-91B1-4DDE-B696-2B3B508B02A2
A000012462;HTTPS://WWW.ARAG.IT/TUTELA-LEGALE-OLS-CP/375E8D83-6207-4DE7-841B-D2E6AACF2529
A000012462;HTTPS://WWW.FACEBOOK.COM/ZANETTIASSICURAZIONISRL/
A000012462;HTTPS://WWW.INSTAGRAM.COM/ZANETTIASSICURAZIONISRL/
A000012462;HTTPS://WWW.LINKEDIN.COM/COMPANY/ZANETTI-ASSICURAZIONI-S.R.L./
A000012462;WWW.ZANETTIASSICURAZIONI.COM
A000012473;www.doriasrl.it
A000012480;www.assicurazionipermedici.it
A000012484;www.assiservizi.it
A000012485;WWW.RADETTIASSICURAZIONI.IT
A000012505;www.ambientescuola.com
A000012505;www.ambientescuola.it
A000012507;www.puscedduassicurazioni.com
A000012517;https://www.instagram.com/natile_polignano_ag_unipolsai/
A000012517;www.natilepolignano.it
A000012522;HTTPS://WWW.AGENZIAZURICH.IT/BZ502
A000012522;HTTPS://WWW.ARAG.IT/PORTAL/TUTELA-LEGALE-OLS-FAMIGLIA/-/OLS/7E0ED6BF-81B7-426E-A2DF-F884BAC21BB9
A000012522;HTTPS://WWW.ARAG.IT/TUTELA-LEGALE-OLS-CP/293B4278-C403-44E5-853E-8B71B63098E7
A000012522;https://agenzie.axa.it/bolzano1686
A000012522;https://www.agenziazurich.it/bz004
A000012522;www.begher.it
A000012539;www.agenziazurich.it/no507
A000012555;www.romagnassicurazioni.it
A000012556;www.agenzie.generali.it/giulianova
A000012559;www.agenzievittoria.com/luccasanconcordio
A000012560;HTTPS://WWW.AGENZIECATTOLICA.GENERALI.IT/MODENADUOMO
A000012560;https://taroniassicurazioni.it
A000012574;WWW.CANAVESEASSICURA.IT
A000012582;WWW.DEMOZZIASSICURAZIONI.IT
A000012584;https://www.agenzie.generali.it/ferraraviamalagu?prv=search
A000012596;WWW.BOVIOASSICURAZIONI.IT
A000012629;www.agenziazurich.it/bs501#
A000012630;https://www.facebook.com/share/16qZhXgQiQ/?mibextid=wwXIfr
A000012630;https://www.instagram.com/terzaniassicurazioni
A000012649;www.assivoghera.it
A000012655;www.assicurazionifrascati.it
A000012673;https://valenteass.it/
A000012675;www.assita.com
A000012675;www.assita.it
A000012689;www.savoretti.it
A000012691;www.zennaroassicurazioni.com
A000012692;https://www.agenziecattolica.generali.it/MARANELLO
A000012693;ageallianz.it/dolo334
A000012693;contrattobaserca.com
A000012693;contrattobaserca.it
A000012693;contrattobasercauto.it
A000012693;rcabase.com
A000012693;rcabase.it
A000012693;rcaconte.com
A000012694;www.sarnei.it
A000012699;https://studioassicurativosamele.it/
A000012703;www.agenziazurich.it/te501
A000012705;www.agenzievittoria.com/vicenza
A000012705;www.krochmal.it
A000012711;HTTPS://IT.LINKEDIN.COM/COMPANY/FABIVERSICHERUNGEN
A000012711;HTTPS://WWW.FACEBOOK.COM/FABIVERSICHERUNGEN/
A000012711;HTTPS://WWW.INSTAGRAM.COM/FABIVERSICHERUNGEN/
A000012711;www.agenziazurich.it/bz503
A000012727;https://www.agenzie.generali.it/forlimazzini/
A000012743;www.assicurazionibozza.com
A000012747;facebook.com/agenziamontichiariunipolsai
A000012747;instagram.com/agenzia_brescianisnc_unipolsai
A000012747;www.unipolsaimontichiari.it
A000012750;www.agenzie.generali.it/erbaxxvaprile74
A000012752;https://agenzie.italiana.it/agenzie?codAgenzia=FBE
A000012771;FACEBOOK.COM/ALLIANZRIVADELGARDA
A000012771;www.ageallianz.it/rivadelgarda353
A000012824;www.ageallianz.it/parabiago158
A000012827;morettoassicura.com
A000012834;www.ageallianz.it/trieste391/
A000012857;https://assiservicesnc.it/
A000012857;www.agenzievittoria.com/bolognasanlazzaro
A000012859;https://www.facebook.com/arcuriprotegge
A000012859;https://www.instagram.com/arcuri.protegge/ 
A000012859;https://www.linkedin.com/company/arcuri-protegge/
A000012859;www.arcuriprotegge.it
A000012860;www.borghiassicurazionisas.it
A000012867;www.ageallianz.it/udine396/
A000012867;www.scfassicurazioni.it
A000012882;www.gemignaniassicurazioni.it
A000012899;www.assigroupassicurazionibologna.it
A000012915;www.ageallianz.it/cesena403
A000012915;www.allianzfantini.it
A000012919;www.ageallianz.it/velletri550/
A000012923;www.agenziazurich.it/bn001
A000012924;www.ageallianz.it/torino5890/
A000012924;www.agenziazurich.it/to005
A000012924;www.holins.it
A000012924;www.i4t.it
A000012925;https://www.ageallianz.it/fiorenzuoladarda423
A000012936;www.ageallianz.it/cento3836/
A000012939;www.boveroassicurazioni.com
A000012950;https://www.agenzie.generali.it/bassanodelgrappa
A000012953;www.ageallianz.it/velletri5408/
A000012957;https://assicurazionilupo.it
A000012958;HTTPS://WWW.AGENZIE.GENERALI.IT/ISERNIADEIPENTRI
A000012958;HTTPS://WWW.FACEBOOK.COM/SHARE/1H2AUP3CYN/?MIBEXTID=LQQJ4D
A000012958;HTTPS://WWW.INSTAGRAM.COM/AGGENERALI.ISERNIADEIPENTRI?IGSH=A3DQAHM5BNLSDZJS&UTM_SOURCE=QR
A000012976;www.viscontiassicurazioni.it
A000012982;www.ageallianz.it/pescantina344
A000012987;www.agenzie.generali.it/carpenedo
A000012987;www.generalicarpenedo.it
A000012987;www.te.me/generaliagecarpenedo
A000012989;www.martelliporsennapatrone.it
A000012999;www.gpmassicurazioni.it/
A000013005;https://www.ageallianz.it/novara213/
A000013013;https://www.ageallianz.it/trieste377/
A000013013;https://www.agenziazurich.it/ts003
A000013016;www.grassiassicurazioni.it
A000013018;https://www.ageallianz.it/caprinoveronese331/
A000013038;https://www.facebook.com/BFAssicurazioni
A000013038;www.bfassicurazioniefinanza.com
A000014246;WWW.GALGANOSPA.COM
A000014246;WWW.GALGANOSPA.EU
A000027631;www.agenzievittoria.com/tivoliterme/
A000027631;www.vittoriaassicurazioni.com/agenzie/tivoli
A000027807;https://www.introzziassicurazioni.it/
A000028342;www.realemutua.it/agenziamestre
A000028356;www.facchinettiassicuratori.com
A000028833;www.assicurazioni-padova.it
A000029166;WWW.ALBANESEASSICURA.IT
A000029785;https://www.facebook.com/gabriele.gandolfi.12
A000029785;https://www.linkedin.com/in/gabrielegandolfi/
A000030021;https://www.agenzievittoria.com/campobassoovest/
A000036798;www.frattiniescrinzo.it
A000037301;HTTPS://WWW.FACEBOOK.COM/SHARE/15R5CBUHHX/?MIBEXTID=WWXIFR
A000037301;HTTPS://WWW.LINKEDIN.COM/COMPANY/AGGENERALILECCEMAZZINI/
A000037301;https://www.instagram.com/ag.generalileccemazzini?utm_source=ig_web_button_share_sheet&igsh=dmdpcTduamx3M3Z3
A000037301;www.agenzie.generali.it/leccemazzini
A000037385;www.cgassicurazioni.com
A000038064;www.scoccoassicurazioni.it
A000038618;www.agenzievittoria.com/marinadicarrara
A000039339;HTTPS://WWW.FACEBOOK.COM/COCCHETTICONSULENZE/
A000039339;HTTPS://WWW.FACEBOOK.COM/PROFILE.PHP?ID=100042730215956
A000039818;www.ageallianz.it/bologna3802/
A000039918;HTTPS://IT.PINTEREST.COM/AGGENERALIBARLETTAALDOMORO/
A000039918;HTTPS://WWW.FACEBOOK.COM/ADRIANODIMATTEO.INFO
A000039918;HTTPS://WWW.FACEBOOK.COM/AGGENERALIBARLETTAALDOMORO
A000039918;HTTPS://WWW.FACEBOOK.COM/DEBORA.CALABRESE
A000039918;HTTPS://WWW.FACEBOOK.COM/ILARIA.LENOCI
A000039918;HTTPS://WWW.FACEBOOK.COM/RUGGIERO.FILANNINO
A000039918;HTTPS://WWW.INSTAGRAM.COM/AGGENERALIBARLETTAALDOMORO/
A000039918;HTTPS://WWW.INSTAGRAM.COM/DIMATTEO_ADRIANO_CONSULENTE
A000039918;HTTPS://WWW.INSTAGRAM.COM/DODOLAPADULA
A000039918;HTTPS://WWW.INSTAGRAM.COM/FRANCESCA.OLIVIERI
A000039918;HTTPS://WWW.INSTAGRAM.COM/IAIA131
A000039918;HTTPS://WWW.INSTAGRAM.COM/RUGGIE78
A000039918;HTTPS://WWW.INSTAGRAM.COM/_DEBORA_CALABRESE
A000039918;HTTPS://WWW.INSTAGRAM.COM/_DINA69
A000039918;HTTPS://WWW.LINKEDIN.COM/COMPANY/AG-GENERALI-BARLETTA-ALDO-MORO/
A000039918;HTTPS://WWW.LINKEDIN.COM/IN/ADRIANODIMATTEO
A000039918;HTTPS://WWW.LINKEDIN.COM/IN/DEBORA-CALABRESE
A000039918;HTTPS://WWW.LINKEDIN.COM/IN/DINA-GAZZILLO
A000039918;HTTPS://WWW.LINKEDIN.COM/IN/RUGGIERO-FILANNINO
A000039918;www.agenzie.generali.it/barlettaaldomoro
A000048346;www.bancacentro.it
A000048590;www.bischettiassicurazioni.it
A000048801;www.agenzie.generali.it/leccopiazzadegliaffari
A000049135;www.bluagroup.it
A000049288;www.agenziazurich.it/mo502
A000049358;www.assistudiove.it
A000049361;HTTPS://WWW.FACEBOOK.COM/ASSICURAZIONIBERNARDELLO/?LOCALE=IT_IT
A000049361;HTTPS://WWW.INSTAGRAM.COM/BERNARDELLOELENAASSICURAZIONI/
A000049361;WWW.BERNARDELLOASSICURAZIONI.IT
A000049361;www.bernardelloassicurazioni.it
A000049419;www.fasceboggiaassicurazioni.it
A000049739;www.gruppodigiacomo.it
A000049749;www.guglielmiassicurazioni.it
A000049819;https://agenzia.cattolica.it/parmacornocchio
A000050043;www.allianzagenziasenigallia.it
A000050178;https://www.agenzievittoria.com/pesarorossini/
A000050396;http://agenzie.realemutua.it/agenzie/agenziagubbio
A000050422;www.agenzievittoria.com/monterotondo
A000050465;www.agenzievittoria.com/abbiategrasso
A000050471;www.assicurazionilollato.it
A000050483;www.agenzievittoria.com/cantu
A000050487;www.agenzievittoria.com/biella
A000050491;https://www.agenzievittoria.com/romaparioli/
A000050516;https://agenzia.cattolica.it/leccopescarenico
A000050597;www.agenzie.generali.it/legnano
A000050620;WWW.IACOPONIASSICURAZIONI.IT
A000050621;HTTPS://WWW.ASSISTUDIOPERBONI.IT/
A000050653;www.generali.pavia.it
A000050665;WWW.REALESANBONIFACIO.IT
A000050696;www.facebook.com/ridolfiassicurazioni/?locale=it_IT
A000050696;www.ridolfiassicurazioni.it
A000050728;www.agenziazurich.it/NO501
A000050768;www.agenzie.generali.it/vicenzavialediaz
A000050797;www.gmqassicurazioni.it
A000050816;www.carlogalbiati.it
A000050835;www.rossanoassicurazioni.it
A000050898;https://agenzie.axa.it/sanlazzarodisavena3331
A000050898;www.santiassicurazioni.it
A000050919;www.agenziazurich.it/bg507
A000050919;www.vetrugnoassicurazioni.it
A000050934;WWW.COMUNICASSICURAZIONI.IT
A000051046;www.agenzie.generali.it/uboldo
A000051107;www.agenziazurich.it/cr002
A000051107;www.piettassicurazioni.it
A000051321;https://agenzia.cattolica.it/cataniabuonarroti
A000051400;www.ag-cat.it
A000051513;HTTPS://WWW.AGEALLIANZ.IT/SIRACUSA3277/
A000051669;www.agenzie.generali.it/stradella
A000051875;HTTPS://WWW.FACEBOOK.COM/AGENZIAFANOLIDOGROUPAMA
A000051875;HTTPS://WWW.FACEBOOK.COM/ALLIANZFANOBATTISTINI/
A000051875;HTTPS://WWW.FACEBOOK.COM/BATTISTINISAS/
A000051875;HTTPS://WWW.INSTAGRAM.COM/ALLIANZFANOLIDO/
A000051875;HTTPS://WWW.INSTAGRAM.COM/ASSIBATTISTINI/
A000051875;HTTPS://WWW.INSTAGRAM.COM/GROUPAMAFANOLIDO/
A000051875;www.ageallianz.it/fano6195
A000051875;www.assibattistini.com
A000051875;www.battistinisas.it
A000051897;www.malfiassicurazioni.it
A000052167;WWW.INSIDEA.IT
A000052170;www.agenziazurich.it/bz503
A000052261;www.agenziazurich.it/te001
A000052375;www.asfalia.it
A000052574;HTTPS://IT.LINKEDIN.COM/COMPANY/GENERALI-ITALIA---AGENZIA-DI-FERRARA
A000052574;HTTPS://WWW.AGENZIE.GENERALI.IT/FERRARABALUARDI
A000052574;HTTPS://WWW.FACEBOOK.COM/AGGENERALIFERRARABALUARDI/
A000052574;HTTPS://WWW.INSTAGRAM.COM/AGGENERALIFERRARABALUARDI/
A000052574;HTTPS://WWW.YOUTUBE.COM/@GENERALIFERRARA5953
A000052575;www.assifriuligroup.it
A000052586;www.mandatoassicurazioni.it
A000052809;www.unipolsaivibovalentia.it
A000052813;www.plataroti.it
A000052961;www.vianiassicura.it
A000052989;www.sara.it/agenzia?id=5553
A000053138;www.ageallianz.it/casalmaggiore105
A000053142;www.agenzie.generali.it/imperiabelgrano
A000053263;www.agenziazurich.it/ts002
A000053345;UNIPOLSAIPISA.COM
A000053516;www.agenziazurich.it/mi546
A000053545;www.agenzie.generali.it/romatiburtinanemorense
A000053553;www.agenzie.generali.it/milanosanraffaele
A000053601;WWW.OPITERGIUMASSICURAZIONI.IT
A000053669;www.loreficeconsulting.it
A000053726;www.agenzievittoria.com
A000053744;www.agenzievittoria.com/piemonte/oulx/
A000053745;www.agenzievittoria.com/castelfrancoemilia
A000053835;www.agenzievittoria.com/mondov
A000053844;www.agenzie.generali.it/valenzagaribaldi/
A000053848;www.agenzie.generali.it/pavia
A000053876;www.agenzie.generali.it/romaappianuova
A000053881;www.abmassicurazioni.it/agenti/bentivoglio-maurizio
A000053885;HTTPS://ALBERTIASSICURAZIONI.IT/
A000053912;https://www.ageallianz.it/sassuolo2177/contatti
A000054027;https://agenzia.cattolica.it/lameziatermeticino
A000054035;www.agenzie.generali.it/erba
A000054086;www.agenzievittoria.com/loreto
A000054163;www.falvoassicurazioni.it
A000054311;www.agenzie.generali.it/gorizia
A000054445;www.agenziazurich.it/rc004
A000054754;https://assicurami-snc-di-bizzarri-roberto.business.site
A000054872;www.agenzievittoria.com/pinerolo/
A000055159;www.pattis-pastorelli.com
A000055288;www.polizza-auto.net
A000055288;www.polizzavita.io
A000055288;www.xure.it
A000055410;www.agenzievittoria.com/lombardia/sermide-e-felonica/
A000055419;https://www.agenzievittoria.com/cavadeitirreni/
A000055420;https://www.agenzievittoria.com/salerno/
A000055458;https://www.agenzievittoria.com/liguria/savona/
A000055476;https://www.agenzie.generali.it/trescorebalneario
A000055502;www.agenzie.generali.it/castelmaggiore
A000055506;WWW.AGEALLIANZ.IT/VALDAGNO343
A000055506;WWW.AGENZIE.AXA.IT/VALDAGNO2091
A000055506;www.assicurazioniefinanza.it
A000055551;WWW.PASTORELLIASSICURAZIONI.IT
A000055551;www.assicuratinviaggio.it
A000055551;www.polizzepervisti.it
A000055551;www.polizzetravel.com
A000055557;www.assicurazionifelisatti.com
A000055633;www.assicuratoriassociati.it
A000055650;https://www.agenzie.generali.it/malalbergo
A000055684;https://agenzie.realemutua.it/agenzie/agenziacastelliromani
A000055696;www.agenziazurich.it/cs507
A000055733;www.agenzie.generali.it/casalecchiodirenopascoli
A000055835;https://agenzia.cattolica.it/catanzarodefilippis
A000055870;WWW.UNIPOLALASSIO.IT
A000056069;https://www.agenzie.generali.it/reggiocalabria
A000056169;www.agenzie.generali.it/torinoviavaldellatorre
A000056315;www.agenzie.generali.it/bresciacastello
A000056315;www.generalibsc.it
A000056331;WWW.ASSICAPANO.IT
A000056331;WWW.FACEBOOK.COM/ASSICAPANO
A000056331;WWW.INSTAGRAM.COM/ASSICAPANO
A000056430;https://www.ageallianz.it/sassuolo2177/contatti
A000056444;www.finital.it
A000056476;www.rvd.bz.it
A000056600;www.cisas.net
A000056700;www.ageallianz.it/sinalunga469/
A000056761;www.gioloassicurazioni.com
A000056792;www.pintiassicurazioni.it
A000056913;WWW.UNIPOLROMA.IT
A000056913;assoservice.unipolroma.it
A000056913;catnat.unipolroma.it
A000056913;garanziademaniale.unipolroma.it
A000056913;garanziaviaggi.unipolroma.it
A000056913;progettoanama.unipolroma.it
A000056913;progettocaf.unipolroma.it
A000056913;progettochiosco.unipolroma.it
A000056913;progettofederagit.unipolroma.it
A000056913;progettofondocasa.unipolroma.it
A000056913;progettotelematix.unipolroma.it
A000057062;https://www.agenzie.generali.it/melzo
A000057149;www.marfin.it
A000057284;WWW.ALPIAS.BZ
A000057598;https://agenzie.axa.it/verona2420
A000057598;https://www.facebook.com/profile.php?id=100070518730597
A000057608;www.agenzievittoria.com/olbia
A000057625;www.agenzie.generali.it/canosadipuglia
A000057705;https://agenzia.cattolica.it/fornovovalditaro
A000057708;www.casoliassicurazioni.it
A000057963;www.serviziassicurativi.info
A000058092;www.bergamo.aci.it
A000058104;https://www.geroinassicura.it/
A000058109;www.assireno.it
A000058139;www.assitrio.it
A000058230;www.dibonitoassicura.it
A000058262;https://www.morbinati.it/
A000058265;https://www.morbinati.it
A000058394;https://www.ageallianz.it/villafrancadiverona346/
A000058407;www.chiassacarloassicurazioni.it
A000058550;www.agenzie.generali.it/vicenzapalladio
A000058603;www.agenzievittoria.com/antegnate
A000058627;https://agenzia.cattolica.it/curno
A000058627;https://serviziassicurativicurno.it
A000058706;www.gruppocontas.it
A000058851;www.fabrizioassicurazioni.it
A000058883;WWW.AFCONSULENZA.COM
A000058883;https://www.arag.it/portal/tutela-legale-ols-famiglia/-/ols/6dbfa8fe-657b-4d5a-b25d-ab390af85a25
A000058883;https://www.arag.it/tutela-legale-ols-cp/82f7e524-33f4-4064-84cc-66945494936b
A000058895;www.ageallianz.it/gorizia293/
A000059042;http://www.firenzenord.it/
A000059042;http://www.groupama.fi.it/
A000059042;http://www.sa-assicurazioni.it
A000059042;https://sites.google.com/view/assicurarsi
A000059042;https://www.arag.it/portal/tutela-legale-ols-famiglia/-/ols/b383eb6a-db29-4e6c-a269-af7e081323f8
A000059086;https://agenzia.cattolica.it/ravennaestaida
A000059086;https://agenzia.cattolica.it/ravennaovestcotignola
A000059086;www.consorzioagrarioravenna.it
A000059286;https://www.sara.it/agenzia?id=175D
A000059794;https://www.agenziazurich.it/ca001
A000059794;https://www.facebook.com/profile.php?id=100054667740513
A000059976;https://www.vittoriaassicurazioni.com/agenzie/milano/G06-calderini-stefano-alberto
A000059990;https://veneziaechierico.it
A000060049;https://www.agenzie.generali.it/genovapiazzadellavittoria
A000060056;www.mocelliniassicurazioni.it
A000060162;www.ageallianz.it/carpi425/
A000060171;www.nemoassicurazioni.it
A000060457;WWW.AGENZIEVITTORIA.COM/MASSACARRARA
A000060476;www.torquatiassicurazioni.it
A000060484;WWW.FACEBOOK.COM/MBASSICURAZIONIMONZA
A000060484;WWW.INSTAGRAM.COM/MB_ASSICURAZIONI
A000060484;WWW.LINKEDIN.COM/IN/PALERMOANDREA
A000060484;WWW.X.COM/MBASSICURAZIONI
A000060484;WWW.mbassicurazioni.com
A000060510;WWW.INSURANCEFACTORY.IT
A000060590;HTTPS://WWW.FACEBOOK.COM/AGGENERALIBORGOMANEROSANMARCO
A000060590;HTTPS://WWW.INSTAGRAM.COM/AGGENERALIBORGOMANEOSANMARCO/
A000060590;HTTPS://WWW.LINKEDIN.COM/COMPANY/AGENZIA-GENERALI-BORGOMANERO-SAN-MARCO
A000060590;https://www.agenzie.generali.it/borgomanerosanmarco
A000060669;bracass.it
A000060851;www.ferreroassicurazioni.com
A000060880;WWW.MONDOTUTELA.IT
A000060964;www.ageallianz.it/sansevero642/
A000061043;www.agenziazurich.it/bs006/agenzia/default.aspx
A000061043;www.instagram.com/AG_ZURICH_BRESCIA
A000061297;www.centrofideiussioni.it
A000061301;www.arassicurazioni.it
A000061320;https://agenzia.cattolica.it/ventimiglia
A000061689;www.bancadalba.it
A000061744;www.agenzievittoria.com/pistoiavivai
A000061791;https://agenzie.italiana.it/agenzie?codAgenzia=291
A000061812;https://agenzie.axa.it/schio2511
A000061818;www.ovb.it
A000061990;https://www.azzurra2005.it/
A000062157;https://ageallianz.it/quartusantelena764/
A000062218;www.dimarcoassicurazioni.it
A000062237;www.soluzioneautotrasporti.it
A000062277;www.facebook.com/AgenziaGiovarruscioDavideUnipolsai
A000062293;www.agenzie.generali.it/moncalieri
A000062371;WWW.LAURIASALVATORE-AGENZIAUNIPOL.IT
A000062523;www.agenziazurich.it/vb001
A000062525;https://www.ageallianz.it/alessandria201
A000062592;www.assicurazionizara.it
A000062668;https://www.agenzie.generali.it/battipaglia
A000062708;www.agenzievittoria.com/cuneoliberta/
A000062728;www.agenzievittoria.com/arcore/
A000062827;HTTPS://WWW.AGENZIECATTOLICA.GENERALI.IT/CITTADICASTELLO
A000062844;www.guzzardiassicurazioni.it
A000062869;agenzia.cattolica.it/tropeatondo
A000062959;www.agenzie.generali.it/canelliviatrento
A000062994;www.desioassicurazioni.it
A000063225;www.agenzie.generali.it/omegna
A000063325;www.bivass.it
A000063340;www.agenzievittoria.com/trentino-alto-adige/primiero-san-martino-di-castrozza
A000063366;www.agenzie.generali.it/montesansavino
A000063485;www.agenzie.generali.it/figlinevaldarno
A000063593;www.agenzie.generali.it/monterotondo
A000063608;www.fondvilla.it
A000063628;www.ageallianz.it/sacile395
A000063628;www.ageallianz.it/sanvendemiano37500
A000063628;www.allianz311.it
A000063675;WWW.AGENZIAZURICH.IT/SA503
A000063675;WWW.TROIANOASSICURAZIONI.IT
A000063910;www.agenzie.generali.it/camisanovicentino
A000063916;WWW.GOVAITRA.IT
A000064209;www.ageallianz.it/cento424000/
A000064209;www.ageallianz.it/ferrara738/
A000064248;www.valtortamassicura.it
A000064276;WWW.ASSICURAZIONISILLI.COM
A000064321;https://www.agenziecattolica.generali.it/ferrarasantostefano
A000064341;bova-agenziaunipol.it
A000064398;www.ageallianz.it/portoferraio492/
A000064401;www.agenzievittoria.com/pontederaterminal/
A000064494;WWW.MUSAJOSOMMA.IT
A000064574;www.confiance.it
A000064597;WWW.FDEPALMA.IT
A000064848;www.ageallianz.it/massafra639/
A000064863;www.agenzie.generali.it/bozzolo
A000064866;bova-agenziaunipol.it
A000064916;www.ageallianz.it/gioiatauro684
A000065001;https://www.ageallianz.it/silandro392/
A000065001;www.thaler-stark.com
A000065016;https://www.facebook.com/ortensidessifiorini
A000065016;https://www.instagram.com/ortensi_dessi_fiorini_assicura/
A000065016;www.ageallianz.it/breno126/
A000065045;www.goldeninsurance.it
A000065048;www.agenzie.generali.it/bozzolo
A000065200;WWW.AGENZIE.GENERALI.IT/PARMAGIOLITTI/
A000065200;www.agenzie.generali.it/parmagiolitti/
A000065274;https://www.agenziecattolica.generali.it/fidenzarepubblica
A000065274;https://www.agenziecattolica.generali.it/parmacornocchio
A000065274;https://www.consorzioagrarioparma.it/prodotti-assicurativi/
A000065274;https://www.facebook.com/cattolicaagenziaparmacornocchio
A000065295;https://agenzia.cattolica.it/parmacornocchio
A000065343;www.ageallianz.it/novara6339/
A000065343;www.ungarocavallito.com
A000065749;www.nicoliniassicurazioni.it
A000066000;https://www.agenzie.generali.it/romaappiolatino
A000066032;www.edassicura.it
A000066076;www.zonzaassicurazioni.it
A000066139;www.gmasrlbo.it
A000066335;www.bancadalba.it
A000066357;www.assicofra.it
A000066504;https://www.agenziecattolica.generali.it/SANTARCANGELODIROMAGNA
A000066552;www.ageallianz.it/brescia2027
A000066552;www.agenziazurich.it/bs513
A000066552;www.soroassicurazioni.it
A000066630;WWW.ASS-INVEST.IT
A000066687;https://agenzie.axa.it/potenza7707
A000066959;www.agenziazurich.it/me504
A000066959;www.sergiassicura.it
A000067156;www.agenzie.generali.it/bresciamoro
A000067156;www.facebook.com/AgGeneraliBresciaMoro
A000067172;https://agenzie.realemutua.it/agenzie/agenziarivarolocentro
A000067174;https://sannaassicurazioni.com
A000067209;www.zfassicurazioni.it
A000067310;https://www.agenzie.generali.it/fossanoviaroma
A000067567;www.ageallianz.it/cassino554/
A000067616;www.procopioassicurazioni.it
A000067671;www.creditocauzioni.it
A000067711;HTTPS://WWW.AGEALLIANZ.IT/BOLOGNA2706
A000067711;https://www.agenziazurich.it/bo016
A000067747;https://www.facebook.com/Massimiliano.Badalotti
A000067747;linkedin.com/in/badalotti-massimiliano-b94015122
A000067798;www.damianisnc.it
A000067993;https://www.agenzie.generali.it/veronaviaroma
A000067998;www.studioassicurativocaramia.it
A000068015;www.agenzievittoria.com/empoli/
A000068021;WWW.ASSICURAZIONIBIMA.IT
A000068051;www.ageallianz.it/castelfrancoveneto306/
A000068051;www.ramiassicurazioni.it
A000068116;WWW.CONSULENZECONTE.COM
A000068160;https://www.facebook.com/valleseassicurazioni
A000068276;www.ageallianz.it/maglie641/
A000068276;www.stefanizziassicurazioni.it
A000068312;www.agenzie.generali.it/tolentino
A000068326;https://www.agenzie.generali.it/palermoemilia
A000068488;www.assicurazionipisa.it
A000068573;www.agenzie.generali.it/monopoli
A000068691;www.agenzie.generali.it/formigine
A000068713;www.uiainternational.net
A000068831;www.umbrianord-agenziaunipol.it
A000068930;WWW.AGENZIE.GENERALI.IT/ROMAsantamariaausiliatrice
A000069047;https://it.linkedin.com/company/methissrl
A000069047;www.facebook.com/MethisSRL
A000069047;www.methis.org
A000069109;WWW.MARIANIASSICURAZIONI.IT
A000069119;www.creditsolutionsrl.it
A000069161;HTTPS://AVELLINO.ACI.IT/
A000069396;www.agenzie.generali.it/sansepolcro
A000069479;https://www.agenzievittoria.com/venezia/
A000069479;https://www.facebook.com/vittoriaassicurazionivenezia/
A000069568;www.agenzie.generali.it/terracina
A000069587;www.agenziazurich.it/ba509
A000069728;www.unipolsailuino.com
A000069765;WWW.ASSICURAZIONIMAGLIA.IT
A000069805;www.assiliguresavona.it
A000069840;www.guglielmiassicurazioni.it
A000069938;www.ageallianz.it/bologna50005
A000070048;www.agenzie.generali.it/bresciaviasalvodacquisto
A000070053;www.ageallianz.it/fagnanoolona292000
A000070065;www.bragadinassicurazioni.it
A000070082;https://agenzie.axa.it/sissatrecasali3706
A000070082;https://www.facebook.com/ReggiAssicurazioni
A000070082;www.reggiassicurazioni.it
A000070111;https://www.facebook.com/profile.php?id=100090945477732
A000070111;https://www.instagram.com/myinsurer/
A000070111;www.buzziassicurazioni.com
A000070111;www.buzziassicurazioni.it
A000070111;www.buzziinsurancegroup.com
A000070111;www.facebook.com/buzziassicurazioni
A000070111;www.myinsurer.it
A000070131;https://agenzie.italiana.it/agenzie/agenziaguicciardi
A000070131;www.guicciardiassicurazioni.it
A000070157;www.agenzievittoria.com/viareggiomare/
A000070161;www.agenzievittoria.com/cataniacorsoitalia
A000070161;www.agenzievittoria.com/siracusa
A000070161;www.vittoriaassicurazionicatania.it
A000070161;www.vittoriaassicurazionisiracusa.it
A000070174;www.agenzievittoria.com/legnago
A000070191;https://agenzie.realemutua.it/agenzie/agenziabudrio
A000070225;FACEBOOK.COM/MARCO.MANGHI.79
A000070225;LINKEDIN.COM/IN/MARCO-MANGHI-A8717BA4
A000070230;HTTPS://WWW.INSTAGRAM.COM/EXPLORE/LOCATIONS/1033586053/AG-GENERALI-PARMA-VIA-SIDOLI/
A000070230;HTTPS://WWW.LINKEDIN.COM/IN/TIZIANA-VISCARDI-3B332140?ORIGINALSUBDOMAIN=IT
A000070256;www.agenziagiordano.it
A000070256;www.unipolsaicirie.it
A000070258;WWW.AGENZIAATLANTE.IT
A000070303;www.agenzievittoria.com/montevarchi
A000070374;www.parmassicura.com
A000070379;https://www.agenzie.generali.it/este
A000070379;www.agenzie.generali.it/este
A000070379;www.facebook.com/generalieste/
A000070379;www.instagram.com/agenziageneralieste/
A000070403;www.agenzie.generali.it/massacarrara
A000070713;WWW.ASSIGERVASIO.IT
A000070732;www.bondenarieferrari.it
A000070734;HTTPS://WWW.FACEBOOK.COM/AGGENERALIVIGEVANOFARINI
A000070734;HTTPS://WWW.INSTGRAM.COM/AG.GENERALI.VIGEVANO.FARINI
A000070734;HTTPS://WWW.LINKEDIN.COM/COMPANY/AG-GENERALI-VIGEVANO-FARINI
A000070922;https://www.agenziecattolica.generali.it/zevio
A000071001;www.bancassicurazione.net
A000071001;www.ditadi.com
A000071001;www.insurance.it
A000071116;www.agenziecattolica.generali.it/cosenzaserra
A000071116;www.facebook.com/coscarellaassicurazioni
A000071116;www.instagram.com/coscarellaassicurazioni
A000071119;www.assicurazionicanciani.com
A000071177;www.ronchiassicurazioni.it
A000071250;www.abmassicurazioni.it/agenti/moscheni-gianguido/
A000071257;www.agenzie.generali.it/melzobianchi
A000071324;www.agenzievittoria.com/portosangiorgio/
A000071352;https://www.ageallianz.it/lugo409/
A000071387;www.assicurazioni-carra.it
A000071450;www.chemolloassicurazioni.it
A000071563;https://agenzie.axa.it/cassino5609
A000071627;WWW.ARRIGHIASSICURAZIONILUCCA.COM
A000071909;www.assirofessional.it
A000072123;Https://.www.facebook.com/.ZurichBagheria
A000072123;Https://.www.facebook.com/.ZurichPalermo
A000072123;https://www.agenziazurich.it/pa001
A000072133;HTTPS://AGENZIE.AXA.IT/MONCALIERI585
A000072321;https://servizilegaliassicurativi.com/chebanca
A000072321;https://servizilegaliassicurativi.com/fabi
A000072321;https://www.servizilegaliassicurativi.com
A000072321;https://www.servizilegaliassicurativi.com/polizza_anasf.php
A000072338;www.agenzie.generali.it/centodavinci/
A000072595;www.nocentiniassicurazioni.it
A000072648;www.ageallianz.it/casoria629
A000072714; HTTPS://WWW.INSTAGRAM.COM/AG.GENERALIANCONABARACCOLA
A000072714;HTTPS://WWW.FACEBOOK.COM/AGGENERALIANCONABARACCOLA
A000072714;https://www.agenzie.generali.it/anconabaraccola
A000072766;www.massettisnc.it/home
A000072780;www.agenzie.generali.it/monopoli
A000072848;www.poly-mga.com
A000072866;https://www.facebook.com/acassicurazioni.it
A000072866;www.acassicurazioni.it
A000072931;www.agenzie.generali.it/cortona
A000073041;www.agenzie.generali.it/camposampiero
A000073185;www.agenzie.generali.it/corleone
A000073283;www.agenzie.generali.it/monopoli
A000073317;www.agenziazurich.it/pc001
A000073409;www.collinaassicurazioni.it
A000073496;www.agenzie.generali.it/pontassieve
A000073664;www.lazzaroniassicurazioni.it
A000073730;HTTPS://WWW.LINKEDIN.COM/COMPANY/AGENZIA-GENERALI-CAVA-DE-TIRRENI-VIA-VENETO/
A000073730;www.agenzie.generali.it/cavadetirreniviaveneto
A000073934;www.ageallianz.it/venariareale5094
A000073957;www.agenzievittoria.com/affi
A000073991;www.agenzievittoria.com/sarnico
A000074077;WWW.AGENZIAATLANTE.IT
A000074081;www.colatoassicurazioni.it
A000074090;www.piniassicurazioni.it
A000074093;HTTP://AGENZIA.CATTOLICA.IT/GARBAGNATE
A000074159;www.agenzie.generali.it/torinoreumberto126
A000074171;https://www.agenzie.generali.it/orvietogaribaldi
A000074253;HTTPS://WWW.FACEBOOK.COM/LOSTUMBOASSICURAZIONICZ/
A000074253;HTTPS://WWW.INSTAGRAM.COM/LOSTUMBO_ASSICURAZIONI/
A000074253;www.lostumboassicurazioni.it
A000074297;HTTPS://POMPEIPACE.WIXSTUDIO.IO/HOME/
A000074305;https://agenzie.realemutua.it/agenzie/agenziarimini
A000074358;https://www.facebook.com/saraagmilano
A000074358;https://www.saramilanoagenzia.it
A000074429;www.agenzie.generali.it/genovapiazzademarini
A000074475;www.bragadinassicurazioni.it
A000074477;www.agenzie.generali.it/oristanotharros/
A000074521;HTTPS://WWW.FACEBOOK.COM/AGGENERALIGENOVAPIAZZADANTE?MIBEXTID=WWXIFR&RDID=DJMM1F4HC1Z3P4VT&SHARE_URL=HTTPS%3A%2F%2FWWW.FACEBOOK.COM%2FSHARE%2F1A3DHEP9EF%2F%3FMIBEXTID%3DWWXIFR#
A000074521;HTTPS://WWW.FACEBOOK.COM/CARLO.TENDERINI.5/
A000074521;HTTPS://WWW.INSTAGRAM.COM/AGGENERALIGENOVAPIAZZADANTE/
A000074521;HTTPS://WWW.LINKEDIN.COM/COMPANY/GENERALI-ITALIA-S.P.A---AGENZIA-GENERALI-GENOVA-PIAZZA-DANTE/?VIEWASMEMBER=TRUE
A000074521;HTTPS://WWW.LINKEDIN.COM/IN/CARLO-TENDERINI/
A000074521;www.agenzie.generali.it/genovapiazzadante
A000074521;www.generaligenovapiazzadante.it
A000074521;www.inagenovacentro.it
A000074521;www.noigenova-assicurazioni.it
A000074521;www.noigenova.it
A000074521;www.tenderiniassicurazioni.it
A000074587;www.agenzie.axa.it/camposampiero2020
A000074587;www.gruppovecchiato.it
A000074606;https://www.agenziecattolica.generali.it/rende
A000074661;https://www.agenzie.generali.it/casalemonferratoviaroma
A000074661;https://www.facebook.com/share/1GiJcpN5cY/?mibextid=wwXIfr
A000074661;https://www.linkedin.com/in/generali-casale-monferrato-via-roma-548a68372?utm_source=share&utm_campaign=share_via&utm_content=profile&utm_medium=ios_app
A000074733;www.agenziazurich.it/bs502
A000074804;HTTPS://WWW.AGENZIE.GENERALI.IT/CAGLIARIPORTO
A000074804;HTTPS://WWW.FACEBOOK.COM/AGGENERALICAGLIARIPORTO
A000074804;HTTPS://WWW.INSTAGRAM.COM/ACP4PEOPLE/
A000074804;HTTPS://WWW.INSTAGRAM.COM/AGGENERALICAGLIARIPORTO/
A000074804;HTTPS://WWW.INSTAGRAM.COM/MAUROANTONIOZEDDA
A000074804;HTTPS://WWW.LINKEDIN.COM/COMPANY/AG-GENERALI-CAGLIARI-PORTO/
A000074804;HTTPS://WWW.LINKEDIN.COM/IN/EMANUELE-ULERI-B12683249/
A000074804;HTTPS://WWW.LINKEDIN.COM/IN/MAUROANTONIOZEDDA/
A000074804;HTTPS://WWW.YOUTUBE.COM/@GENERALICAGLIARIPORTO
A000074804;WWW.AGENZIACAGLIARIPORTO.IT
A000074890;https://agenzie.realemutua.it/agenzie/agenziaimperia
A000074942;https://agenzie.realemutua.it/agenzie/agenziasoverato
A000074991;https://www.facebook.com/profile.php?id=100076083372824
A000074991;www.assitel.it
A000075001;https://lucchettaassicurazioni.it
A000075127;HTTPS://STUDIOCHIANURASS.IT
A000075245;www.saccoassicurazioni.com
A000075308;https://agenzie.realemutua.it/agenzie/agenziabassanocastelfranco/chi-siamo
A000075345;www.linkedin.com/in/alessandra-brescianini-5344ab40/
A000075352;www.gmgcampus.com
A000075370;WWW.AGENZIAATLANTE.IT
A000075376;WWW.AGENZIAATLANTE.IT
A000075412;www.go-assicurazioni.it
A000075437;www.agenzievittoria.com/desio
A000075443;www.agenzie.generali.it/biellaviacarso
A000075515;www.corazzaassicurazioni.it
A000075527;https://www.agenzie.generali.it/bagnacavallo
A000075622;WWW.AGENZIAATLANTE.IT
A000075651;www.agenzie.axa.it/firenze4212
A000075768;https://www.agenziecattolica.generali.it/orzinuovi
A000075777;www.intermediaconsulting.it
A000075782;https://agenzia.cattolica.it/romatriestenomentana
A000075840;www.intermediaconsulting.it
A000075924;https://agenzie.realemutua.it/agenzie/agenziagela
A000076131;www.agenzievittoria.com/fidenzaberenini
A000076139;www.agenzievittoria.com/fidenzaberenini
A000076143;https://www.agenzie.generali.it/pomiglianodarco
A000076153;www.intermediaconsulting.it
A000076319;www.casiglianiassicurazioni.it
A000076345;www.generalicolle.it
A000076392;https://www.agenziecattolica.generali.it/bolsena
A000076631;www.frassicaassicurazioni.it
A000076686;www.costantinig.it
A000076709;www.mangioneassicura.it
A000076759;www.bancacentro.it
A000076817;www.agenzie.generali.it/triesteunitaditalia
A000076839;www.agenziazurich.it/ba511
A000076944;https://www.agenzievittoria.com/cremagaribaldi/
A000076951;www.unipolsaiborgosanlorenzo.it
A000077243;www.sozioassicurazioni.it
A000077260;www.agenzie.generali.it/monserrato
A000077283;www.casalegno.com
A000077298;www.ageallianz.it/salo170/
A000077298;www.allianzsalo170.it
A000077375;WWW.CORTIASSICURAZIONI.EU
A000077554;HTTPS://WWW.BONINIASSICURAZIONIERISPARMIO.COM/
A000077639;www.lazzaroniassicurazioni.it
A000077697;www.assineve.com
A000077710;www.agenziazurich.it/an001#
A000077710;www.tambass.it
A000077723;https://agenzie.realemutua.it/agenzie/agenzianapolivomero
A000077753;https://www.agenzie.generali.it/PRATODELLAVALLE
A000077753;https://www.facebook.com/GeneraliPadovaPratodellaValle
A000077753;https://www.instagram.com/generalipadovapratodellavalle/
A000077753;https://www.linkedin.com/company/generalipadovapratodellavalle
A000077774;www.ageallianz.it/milano10016
A000077774;www.allianz-trade.com/it_IT/dove-ci-trovi/lombardia/agenzia-como.html
A000077774;www.allianz-trade.com/it_IT/dove-ci-trovi/lombardia/agenzia-dongo.html
A000077774;www.allianz-trade.com/it_IT/dove-ci-trovi/lombardia/agenzia-milano-connext.html
A000077805;www.ageallianz.it/roma20015
A000077805;www.allianzroma20015.it
A000077856;WWW.BOSIOASSICURAZIONI.COM
A000077877;www.alba90.it
A000077912;www.ageallianz.it/latisana324000/
A000077977;https://www.ageallianz.it/torino3115000/
A000078021;https://www.facebook.com/AllianzMeran/
A000078021;https://www.facebook.com/AllianzMerano/
A000078021;https://www.facebook.com/AllianzUlten
A000078021;www.ageallianz.it/merano975
A000078021;www.assiplusmerano.com
A000078668;https://agenzie.realemutua.it/agenzie/agenziamantovagrazioli
A000078770;www.brescianiniassicurazioni.it
A000078770;www.linkedin.com/company/brescianini-assicurazioni/
A000078809;www.agenzievittoria.com/guardiasanframondi/
A000078838;www.agenzievittoria.com/montichiari
A000078843;www.agenzievittoria.com/cagliaripalazzodoglio/
A000078843;www.agenzievittoria.com/oristano/
A000078843;www.amicidivittoria.it
A000078843;www.assicurazionisardegna.com
A000078843;www.giorico.it
A000078843;www.sardegnaassicurazioni.it
A000078843;www.virtualagencyvittoria.com
A000078843;www.virtualagencyvittoria.it
A000078843;www.virtualcamper.it
A000078843;www.virtualcamperitalia.com
A000078843;www.virtualcamperitalia.it
A000078843;www.virtualeletric.com
A000078843;www.vittoria.sardegna.it
A000078843;www.vittoriaassicurazionicagliari.com
A000078843;www.vittoriaassicurazionicagliari.it
A000078843;www.vittoriaassicurazionionline.it
A000078843;www.vittoriaassicurazionisardegna.com
A000078843;www.vittoriaassicurazionisardegna.it
A000078868;www.agenzievittoria.com/bustoarsizio
A000078875;WWW.SANTAGOSTINOAZ.IT
A000078993;www.agenzie.generali.it/feltreprimiero
A000079033;https://form.jotform.com/Marfin_Agenzia/contatti
A000079033;https://form.jotform.com/Marfin_Agenzia/polizza-vita
A000079033;https://form.jotform.com/Marfin_Agenzia/preventivo-rc-auto
A000079033;https://form.jotform.com/Marfin_Agenzia/rcptecniche
A000079033;https://form.jotform.com/Marfin_Agenzia/rubelli-spa-preventivo-rcauto
A000079033;https://www.agenziazurich.it/ve505
A000079033;https://www.facebook.com/marfinintermediarioassicurativo
A000079033;https://www.instagram.com/marfin_agenzia_assicurativa/
A000079033;www.marfin.it
A000079034;agenziecattolica.generali.it/modenasangeminiano
A000079034;https://mariottiassicurazioni.it/
A000079098;http://www.agenzie.generali.it/TORINOCORSICA
A000079195;www.assiprofessional.it
A000079278;instagram.com/rosazza_assicurazioni?igshid=NTc4MTIwNjQ2YQ==
A000079278;www.agenzie.generali.it/biellaviapietromicca
A000079278;www.facebook.com/RosazzaAssicurazioni
A000079300;www.assistudiovigevano.com
A000079350;https://www.agenzie.generali.it/caltanissettaferdinandoprimo
A000079368;WWW.SANDRETTIASSICURAZIONI.IT
A000079405;https://wwwageallianz.it/grosseto605000/
A000079475;https://www.facebook.com/profile.php?id=100047175948241
A000079517;www.ageallianz.it/roma7198/
A000079543;www.roveda.it
A000079646;https://www.agenzie.generali.it/cosenzacorsomazzini
A000079660;https://www.ageallianz.it/sorrento623/
A000079809;www.agenzie.generali.it/melegnano
A000079814;www.axire.it
A000079855;https://agenzie.realemutua.it/agenzie/agenziasandonadipiave
A000079859;www.horusnetwork.it
A000079985;www.agenzie.generali.it/savigliano
A000080027;https://agenzia.cattolica.it/parmatorelli/it
A000080040;FACEBOOK.COM/AGGENERALIBENEVENTOCORSOVITTORIOEMANUELE
A000080040;HTTPS://WWW.AGENZIE.GENERALI.IT/BENEVENTOCORSOVITTORIOEMANUELE/
A000080047;www.agenzie.generali.it/castelmaggiore
A000080153;www.ageallianz.it/roma6387/
A000080267;www.feliciassicurazioni.it
A000080462;www.agenzie.generali.it/albenga
A000080465;WWW.ASSIQUATTROSNC-AGENZIAUNIPOL.IT
A000080484;www.agenzia.cattolica.it/alba
A000080494;https://agenzie.axa.it/bergamo828
A000080522;www.agenziazurich.it/MI003
A000080522;www.assicurazionipugliagaggiani.com
A000080556;www.carraassicurazioni.it
A000080591;WWW.FERRAROASSICURAZIONI.COM
A000080632;WWW.FACEBOOK.COM/AGGENERALIBARIFEDERICOII
A000080632;WWW.INSTAGRAM.COM/AGGENERALIBARIFEDERICOII/
A000080632;WWW.LINKEDIN.COM/COMPANY/28161483/ADMIN/DASHBOARD/
A000080632;www.agenzie.generali.it/BARIFEDERICOII/
A000080697;WWW.BENETTIASSICURAZIONI.IT
A000080868;www.plgsas.it
A000081232;www.matarazzi.it
A000081268;agenzia.cattolica.it/bastiapontesangiovanni
A000081356;www.ageallianz.it/campobasso576/
A000081481;www.agenzie.generali.it/genovaviaventimiglia
A000081535;WWW.WIDECARESERVICES.COM
A000081695;https://www.ageallianz.it/torino173000
A000081817;https://www.facebook.com/mazzeoassicurazioni
A000081817;https://www.instagram.com/allianzmazzeoassicurazioni
A000081817;www.ageallianz.it/modugno663/
A000081859;www.agenziazurich.it/PS503
A000081944;www.provisa.it
A000081959;www.agenzie.generali.it/borgosanlorenzo
A000082196;WWW.ASSICAR.IT
A000082250;https://agenzia.cattolica.it/taranto
A000082270;https://agenzia.cattolica.it/reggiocalabria
A000082270;https://www.facebook.com/cattolicaagenziareggiocalabria
A000082288;www.facebook.com/SaraAssicurazioniAgenziaCavaDeTirreni
A000082288;www.instagram.com/ciancioassicurazioni
A000082373;www.santomancoassicurazioni.it
A000082427;WWW.ASSIGESTCONSULTING.IT
A000082555;HTTPS://WWW.AGENZIE.GENERALI.IT/PONTESANPIETRO
A000082555;HTTPS://WWW.FACEBOOK.COM/AGGENERALIPONTESANPIETRO
A000082556;https://www.crestaniassicurazioni.it
A000082583;www.dicioccioassicurazioni.it
A000082788;www.colucciassicuratori.it
A000083011;www.ageallianz.it/magenta2110
A000083011;www.cdinsurance.it
A000083019;www.piacenza.aci.it
A000083157;www.agenzialongo.it
A000083238;www.caluso-agenziaunipol.it
A000083556;https://www.facebook.com/AgenziaGianpieroMerolleAssicurazioniUnipolSai
A000083688;www.agenziaassicurazioniunipolsai.it
A000083707;www.ageallianz.it/melzo136/
A000083707;www.ageallianz.it/trezzosulladda3257000/
A000083889;www.agenzievittoria.com/broni
A000083889;www.agenzievittoria.com/voghera
A000084358;www.ageallianz.it/rimini6112/
A000084449;www.agenziarosatelli.it
A000084677;WWW.FRANCAVIGLIA-ASSICURAZIONI.IT
A000084723;www.bertoliassicurazioni.it
A000084736;www.agenzie.axa.it/treviglio804
A000084802;www.scavoassicurazioni.it
A000084912;https://laurabannoassicura.it/
A000085049;www.gfunipolsai.it
A000085058;WWW.bona-assicura.com
A000085163;https://www.agenziecattolica.generali.it/jesi
A000085163;https://www.ughiassicurazioni.it/
A000085388;https://agenzie.axa.it/lameziaterme7880
A000085402;www.assicurazionigandini.it
A000085647;HTTPS://PAOLOGORIASSICURAZIONIEINVESTIMENTI.IT
A000085867;www.gruppoquantum.eu
A000086013;HTTPS://WWW.AGENZIECATTOLICA.GENERALI.IT/ANAGNI
A000086034;www.margiotta1936.it
A000086117;HTTPS://WWW.FACEBOOK.COM/ALLIANZASSICURASAS/
A000086117;HTTPS://WWW.INSTAGRAM.COM/ALLIANZ_ASSICURABDG/
A000086117;www.ageallianz.it/bassanodelgrappa301/
A000086117;www.assicurabassano.com
A000086215;HTTPS://IT.LINKEDIN.COM/COMPANY/AGENZIA-GENERALI-AREZZO-VIA-MARGARITONE
A000086215;HTTPS://WWW.FACEBOOK.COM/AGGENERALIAREZZOVIAMARGARITONE/
A000086215;HTTPS://WWW.INSTAGRAM.COM/MINOZZIASSICURAZIONI/
A000086215;https://www.agenzie.generali.it/arezzoviamargaritone
A000086476;www.agenzie.generali.it/firenzedanti
A000086517;www.agenzie.generali.it/firenzeliberta
A000086554;www.caluso-agenziaunipol.it
A000086573;www.agenziazurich.it/mi026
A000086582;www.agenzievittoria.com/sestosangiovanni
A000086679;www.parrinelloassicurazioni.it
A000086764;https://www.agenziazurich.it/fi001
A000087130;www.unipolsailimbiate.it
A000087131;www.unipolsailimbiate.it
A000087210;www.gruppodigiacomo.it
A000087218;www.abserviziassicurativi.it
A000087497;www.agenzie.generali.it/manfredoniamarinadelgargano
A000087506;www.gestioneassicurativa.it
A000087545;WWW.BOSIOASSICURAZIONI.COM
A000087577;www.mediafin.info
A000087859;www.agenzievittoria.com/gaeta/
A000087864;www.agenzievittoria.com/moncaliericentro/agenzia/moncalieri-centro/
A000087903;www.agenzievittoria.com/milanosansiro
A000087959;WWW.ARCASERVICEASSICURAZIONI.IT
A000087973;https://www.agenziecattolica.generali.it/cesenastadio
A000088003;www.galliassicurazioni.it
A000088022;www.pavoniassicurazioni.it
A000088041;www.gianlucapiccionettiassicurazioni.it
A000088272;www.assicurato.net
A000088691;www.realestagno.it
A000088982;http://www.realemutuabtp.it/portale/index.html
A000088982;https://agenzie.realemutua.it/agenzia735/Pages/R_Overview.aspx
A000090138;https://agenzie.italiana.it/agenzie?codAgenzia=APA
A000090230;www.agenzie.generali.it/borgosesiapiazzamazzini
A000090288;www.agenzie.generali.it/mantovaarrivabene
A000090335;www.consorziocaes.org
A000090335;www.eticarcaes.it
A000090411;HTTPS://WWW.AGENZIE.GENERALI.IT/RICCIONEPAESE
A000090478;https://www.agenzievittoria.com/milanoaspevi
A000090526;www.agenzievittoria.com/desio
A000090599;www.unistaso.it
A000090684;HTTPS://WWW.FACEBOOK.COM/SHARE/15MY2UWT9P/?MIBEXTID=WWXIFR
A000090684;HTTPS://WWW.INSTAGRAM.COM/SERGIOSCHENA69/
A000090684;HTTPS://WWW.LINKEDIN.COM/IN/SERGIO-SCHENA-31956B23?UTM_SOURCE=SHARE&UTM_CAMPAIGN=SHARE_VIA&UTM_CONTENT=PROFILE&UTM_MEDIUM=IOS_APP
A000090738;https://www.agenzie.generali.it/cefalu
A000090748;www.agemoco.com
A000090796;www.generalicerrato.it
A000091058;www.gruppofedertrasporti.it/contatti
A000091058;www.gruppofedertrasporti.it/servizi-consulenza/assicurazioni
A000091254;www.agenzie.generali.it/foggiatelesforo
A000091260;www.cdassicurazioni.it
A000091391;WWW.ROBERTOPRETIASSICURAZIONI.IT
A000091392;www.pichiassicurazioni.com
A000091432;www.sgdassicurazioni.it
A000091464;HTTPS://WWW.AGENZIE.GENERALI.IT/MONTEBELLUNABERTOLINI
A000091464;HTTPS://WWW.FACEBOOK.COM/AGGENERALIMONTEBELLUNABERTOLINI
A000091464;HTTPS://WWW.FACEBOOK.COM/ANTONELLA.VENEZIA.18
A000091464;HTTPS://WWW.INSTAGRAM.COM/ANTOVEN01
A000091464;HTTPS://WWW.INSTAGRAM.COM/GENERALIMONTEBELLUNABERTOLINI
A000091472;www.ageallianz.it/taormina719
A000091486;https://www.agenziecattolica.generali.it/selargius/contatti
A000091489;https://agenzie.italiana.it/agenzia243/PAGES/R_OVERVIEW.aspx
A000091489;https://www.agenziazurich.it/lc003
A000091498;www.gruppofriuliassicurazioni.it
A000091499;WWW.GRUPPOFRIULIASSICURAZIONI.IT
A000092385;www.montaniassicurazioni.it
A000096496;www.lazzaroassicurazioni.it
A000096641;https://agenzia.cattolica.it/chiari
A000096830;www.milanosanbabila.it
A000097141;salomonealfioassicurazioni.it
A000097141;salomoneassicurazioni.com
A000097323;www.assicurazionipecora.it
A000097334;www.carraassicurazioni.it
A000097371;https://www.agenzie.generali.it/fabriano
A000097454;www.fioranomediazioni.it
A000097661;www.masiassicurazioni.com
A000097718;Bartolettiassicurazioni.com
A000097756;www.triplaaassicura.com
A000097782;WWW.ASSITREA.IT
A000097966;https://agenzie.italiana.it/agenzia228/Pages/R_Overview.aspx
A000098014;https://www.ageallianz.it/medicina434/
A000098103;https://www.agenzie.generali.it/vogheraxxsettembre
A000098318;www.bampiassicurazioni.com
A000098479;www.laborfin.it
A000098496;WWW.NAPOLEONIEMATTESI.IT
A000098496;https://www.facebook.com/napoleoniemattesi.assicurazioni
A000098514;www.unipolsaipalermo.it
A000098630;www.mossaassicurazioni.it
A000098667;https://www.agenzie.generali.it/pesaropertini
A000099078;https://www.facebook.com/andrea.peruzzi.71/
A000099078;https://www.instagram.com/anderaperu?igsh=MWFxeW1hc2J1NGlzeQ==
A000099134;www.agenzie.generali.it/arezzocalamandrei
A000099194;https://www.agenzievittoria.com/imoladeamicis/
A000099198;WWW.LONZICONSULENZE.IT
A000099248;segantiniassicurazioni.it
A000099541;www.vitellozziassicurazioni.it
A000099554;WWW.ABISASSICURA.COM
A000099559;WWW.CALABROASSICURAZIONI.IT
A000099609;https://www.agenzie.generali.it/formiaviavitruvio77
A000099685;www.itas-prato-assicurazioni.com
A000099756;www.vitellozziassicurazioni.it
A000099799;HTTPS://WWW.ITAS-PRATO-ASSICURAZIONI.COM/
A000100066;unipolsaiviareggio.com
A000100103;www.agenzie.generali.it/sciaccaportici
A000100368;www.salmeri.it
A000100420;agenzia.cattolica.it/botrugnoemanuele
A000100531;www.unipolsaifiumicino.it
A000100554;https://agenzia.cattolica.it/gaglianodelcapo
A000100731;www.agenziazurich.it/bs503
A000100773;www.agenziazurich.it/bs503
A000100804;https://www.agenzie.generali.it/ANDRIABONOMO
A000100905;www.caverni.eu
A000100916;www.gruppoassipoint.it
A000101472;www.agenziazurich.it/ap001
A000101472;www.amatuccimarcello.it
A000101472;www.marcelloamatucci.it
A000101543;www.assiconsultpisa.com
A000101696;facebook.com/battiniassicurazioni
A000101696;https://instagram.com/battiniassicurazioni?igshid=MzRIODBiNWFIZA==
A000101696;www.battiniassicurazioni.it
A000101736;https://www.facebook.com/EurofinassAssicurazioni/
A000101736;https://www.instagram.com/eurofinass_assicurazioni/
A000101736;https://www.linkedin.com/company/eurofinass-sas/
A000101736;https://www.youtube.com/@eurofinass
A000101856;www.sara.it/agenzia?id=5880
A000101884;https://www.dannaassicurazioni.it/
A000101884;https://www.facebook.com/dannassicurazioni/?locale=sv_SE
A000101892;www.gadenzassicurazioni.it
A000101918;WWW.BRUNIASSICURAZIONI.IT
A000101960;www.carpitaassicurazioni.it
A000103635;www.centrofasec.it
A000103685;www.vsre.it
A000103806;www.chiariassicurazioni.it
A000103833;https://www.arag.it/portal/tutela-legale-ols-famiglia/-/ols/32b37a06-84c0-4350-865b-c5fc08a24475
A000103833;https://www.arag.it/portal/tutela-legale-ols-professionista/-/ols-professionista/dd9373d6-e9ce-4b36-bd19-22051871003a
A000103906;WWW.ARAG.IT/TUTELA-LEGALE-OLS-CP/CB6CC928-D3D9-4BBB-8B33-224CA7EFBF3F
A000103906;www.arag.it/portal/tutela-legale-ols-famiglia/-/ols/cda4f9c7-b861-43f7-90b1-5d75668bbe70
A000103906;www.nandiassicurazioni.it
A000103954;www.safeassicurazioni.com
A000103967;www.arenassicurazioni.it
A000104029; HTTPS://WWW.ARAG.IT/PORTAL/TUTELA-LEGALE-OLS-FAMIGLIA/-/OLS/98CF8E22-EE59-4F59-AF7C-18D054FA614A
A000104029; HTTPS://WWW.ARAG.IT/TUTELA-LEGALE-OLS-CP/788340F9-BD60-4D72-B658-4C7BB6210D1E
A000104029;www.andreamartano.com
A000104029;www.assicuraconmartano.it
A000104029;www.lissoneassicurazioniagenzia.com
A000104029;www.martano.org
A000104107;HTTPS://AGENZIE.REALEMUTUA.IT/AGENZIE/AGENZIATREVIGLIO
A000104165;www.linkedin.com/company/studiobertola
A000104165;www.studiobertola.com
A000104236;www.ageallianz.it/asti106000/
A000104332;www.molteniassicurazioni.com
A000104361;ROTTONARA-DEBIASI.IT
A000104512;HTTPS://WWW.AGENZIECATTOLICA.GENERALI.IT/FIGLINEINCISA
A000105862;www.agenzieallianz001.it
A000106337;WWW.INSTAGRAM.COM/ABFASSICURAZIONI
A000106337;www.abfassicurazioni.com
A000106337;www.facebook.com/abfassicurazioni
A000106361;www.tamborrinoassicurazioni.it
A000106427;bartoliniemauri.com
A000106464;www.assifinassicurazioni.it
A000106507;www.agenziazurich.it/bg506
A000106512;http://www.agenzie.generali.it/santantimo/
A000107015;assit.it
A000107034;https://agenzie.italiana.it/agenzie?codAgenzia=539
A000107082;www.agenzievittoria.com/torinostatuto/
A000107095;www.agenzievittoria.com/desio
A000107121;www.agenzievittoria.com/pontedera
A000107143;https://www.agenzievittoria.com/romaprati/
A000107147;www.agenzievittoria.com/sestocalende/
A000107159;www.agenzievittoria.com/bolognaportasanfelice
A000107174;www.agenzievittoria.com/isoladellascala
A000107174;www.sartoriassicura.it
A000107186;www.agenzievittoria.com/milanofrattini/
A000107209;WWW.AGENZIAMUNAFO.IT
A000107240;www.agenzievittoria.com/milanolagosta/
A000107262;HTTPS://WWW.AGENZIE.GENERALI.IT/CITTADELLABORGOPADOVA
A000107679;www.camincorchia.it
A000107691;www.agenziazurich.it/no001
A000107694;HTTPS://WWW.AGENZIECATTOLICA.GENERALI.IT/SOVERATO
A000107694;HTTPS://WWW.ASSIPAASSICURAZIONI.COM/
A000107753;www.ageallianz.it/giarre723
A000107929;WWW.GALGANOSPA.COM
A000107939;www.assirellinanni.com
A000107996;www.lloydassicura.it
A000108089;www.agenziazurich.it/mi501
A000108446;Pieffeassicurazionisas.it
A000108651;https://www.agenzie.generali.it/frattamaggioreviaroma
A000108757;www.tiegiassicurazioni.it
A000108774;www.agenzie.generali.it/rhoviadeimartiri
A000108887;www.agenzie.generali.it/piacenza
A000108922;WWW.ASSISCHIO.IT
A000108931;www.agenzie.generali.it/bustoarsiziocorsoxxsettembre
A000108956;www.agenzie.generali.it/albignasego
A000108988;https://robbianigiuseppe.wixsite.com/agenzia
A000109003;WWW.INSURANCEBERICA.IT
A000109166;www.cerviniass.it
A000109326;www.insuranceberica.it
A000109327;www.agenzieallianz1955.it
A000109327;www.lambiase1955.it
A000109352;www.aicardiassicurazioni.com
A000109352;www.facebook.com/aicardiassicurazioni
A000109352;www.instagram.com/aicardiassicurazioni
A000109380;CARELLOASSICURAZIONI.IT
A000109380;WWW.FACEBOOK.COM/CARELLOASSICURAZIONI
A000109516;www.agenzievittoria.com/borgovalditaro
A000109646;https://agenzia.cattolica.it/milanofiera/it/home
A000109652;www.multilife.it
A000109724;mattozzigroup.it
A000109749;www.assimura.it
A000109749;www.assiwine.it
A000109749;www.bastalatargaitalia.it
A000109752;https://casamentiassicurazioni.it/
A000109770;https://www.ageallianz.it/giulianova580/
A000109786;HTTPS://WWW.AGENZIE.GENERALI.IT/MARSALA
A000109786;HTTPS://WWW.FACEBOOK.COM/SHARE/1BNBFHQXA1/
A000109786;HTTPS://WWW.INSTAGRAM.COM/GENERALIMARSALA?IGSH=MTLWMHZOBZM1AWD3AA==
A000109786;HTTPS://WWW.LINKEDIN.COM/COMPANY/AGENZIA-GENERALI-MARSALA/
A000109845;www.agenziazurich.it/mi546
A000109853;www.mainardiecodecasa.it
A000109987;https://www.nuovaassitime.it/
A000110132;www.agenziazurich.it/NA504
A000110183;https://www.agenzie.generali.it/bergamoportanuova
A000110344;https://www.agenziecattolica.generali.it/marcellinara
A000110408;WWW.ASSICOVER.IT
A000110429;www.trivenetoassicura.it
A000110476;www.ageallianz.it/mantova114/
A000110476;www.assicons.it
A000111099;www.agenziazurich.it/sr004
A000111119;https://www.agenzie.generali.it/thieneviavittorioveneto
A000111129;www.assidir.it
A000111175;www.agenzievittoria.com/arezzobelvedere/
A000111189;www.assicorso.it
A000111231;www.suedtirolvita.eu
A000111241;https://agenzie.axa.it/oggiono1028
A000111241;https://www.milaniefumagalli.it/
A000111339;www.agenzie.generali.it/sanluri
A000111429;www.agenzie.generali.it/imperia
A000111586;www.agenzie.generali.it/potenzagaribaldi
A000111679;https://www.agenzie.generali.it/santagatadimilitello
A000111710;www.ageallianz.it/castelnuovodigarfagnana477/
A000113671;www.masterassicura.it
A000113714;https://www.agenziazurich.it/ca003
A000113869;www.agenziazurich.it/no001
A000113967;www.assicurazionicarmagnola.it
A000114627;www.nigiassicurazioni.it
A000114646;www.agenzievittoria.com/sienamonteaperti/
A000114686;www.agenzievittoria.com/cecina
A000114719;https://www.agenzie.generali.it/vittoriaviafirenze
A000114781;www.gisabele.it
A000114797;https://www.leddaassicurazionilipunti.it/
A000114889;WWW.SCAVOLINIASSICURAZIONI.IT
A000114931;www.asspartner.com
A000114937;www.agenzievittoria.com/casatenovo
A000114937;www.rivaassicurazioni.eu
A000115011;www.generali.pavia.it
A000115067;www.agenzie.generali.it/acquiterme
A000115070;https://fllibevilacquaassicurazioni.it/
A000115184;WWW.ARCOMANOASSICURAZIONI.IT
A000115204;www.lanciniassicurazioni.it
A000115307;www.assicurati.eu
A000115307;www.professionistacinofilo.it
A000115436;WWW.FACEBOOK.COM/DELMOROSERVIZIASSICURATIVI
A000115438;www.agenzievittoria.com/rivadelgarda/
A000115475;www.agenzie.generali.it/luccaportaelisa
A000115677;WWW.BROASS.IT
A000115749;https://www.arag.it/portal/tutela-legale-ols-famiglia/-/ols/5910e7a3-6330-479f-8b09-66ea296321c3
A000115749;https://www.arag.it/tutela-legale-ols-cp/05a10d7f-4e0c-471b-a9f2-9ad9201042b0 
A000115749;www.assicurazioniara.it
A000115889;www.actisdatoassicurazioni.it
A000115957;www.sonnessaassicurazioni.it
A000115996;www.nosellaassicurazioni.it
A000115999;www.tarriconeconsulentiassicurativi.it
A000116096;https://www.agenziecattolica.generali.it/sirolo
A000116105;promo.sirtoriassicurazioni.com
A000116105;www.ageallianz.it/cernuscosulnaviglio6085
A000116144;WWW.UNITARANTO.IT
A000116160;https://agenzia.cattolica.it/sannicolaregina/it/home
A000116187;HTTPS://WWW.ARAG.IT/TUTELA-LEGALE-OLS-CP/3F058A5C-15B5-4EA2-AE0F-A947C7AC8EEA
A000116187;www.arag.it/portal/tutela-legale-ols-famiglia/-/ols/ec5790d6-a6c0-4bd0-bba1-a3e6b1606dbf
A000116187;www.brunelliassicura.it
A000116187;www.facebook.com/brunelliassicurazioni
A000116535;www.malandraassociati.it
A000116551;https://www.ageallianz.it/matera3635/
A000116583;www.agenziazurich.it/FG003
A000116694;HTTPS://WWW.BRUNOGIOVANNIASSICURAZIONI.IT/
A000116810;www.assistudiovigevano.com
A000116846;www.agenziazurich.it/mi550
A000116968;www.agenziazurich.it/pd002
A000117015;www.coppiassicurazioni.com
A000117117;www.unipolsaicarrara.it
A000117170;https://www.robinogrossibianchisnc.it/
A000117312;www.unipolsaicossato.it
A000117581;www.assicurazioniolbia.it
A000117581;www.assicurazioniolbiatempio.it
A000117652;www.borgosesiacentro.it
A000117701;WWW.AGENZIE.GENERALI.IT/REGGIOCALABRIAGELSOMINO
A000117721;www.assicurazioniluisalagana.it
A000117770;WWW.ULNLIFE.COM
A000117858;www.lazzaroniassicurazioni.it
A000117882;www.ageallianz.it/milano10073/
A000117882;www.facebook.com/profile.php?id=100063937814584
A000117882;www.gcfassicurazioni.it
A000117882;www.instagram.com/allianzagenziamilanopagano/
A000117890;www.ageallianz.it/vicenza313000
A000118002;www.muscoassicurazioni.it
A000118060;www.agenzie.generali.it/mestre
A000118060;www.lucerazzini.it
A000118099;www.cerianiassicuratori.it
A000118104;https://agenzie.axa.it/MODENA3680
A000118104;www.assicurazionibonucchi.com
A000118114;https://www.arag.it/portal/tutela-legale-ols-famiglia/-/ols/fac1bb34-d968-4490-abe1-e715a950d766
A000118114;www.assi-ge-co.com
A000118114;www.assi-ge-co.it
A000118114;www.assicurazione-drone.it
A000118114;www.assicurazionimonopattino.it
A000118114;www.musicistasereno.it
A000118114;www.polizzaautoelettriche.it
A000118114;www.quotapolizza.it
A000118176;https://agenzie.realemutua.it/agenzie/agenziarivoli/
A000118176;www.assicurazionirivoli.it
A000118188;www.agenzievittoria.com/buttiglieraalta
A000118221;www.agenzie.generali.it/cremonaventisettembre
A000118306;www.assigroupassicurazioni.com
A000118317;WWW.DIESSEASSICURAZIONI.IT
A000118326;https://www.agenzie.generali.it/trevisoportaaltinia
A000118326;https://www.facebook.com/share/16BfbTWtmp/
A000118326;https://www.instagram.com/agenziageneraliportaaltinia?igsh=ajQ3NTlrZHRoOHZz
A000118349;www.udineassicurazioni.it
A000118433;www.arag.it/tutela-legale-ols-cp/53ae4c9d-227a-4eed-a318-6e51b9daae63
A000118433;www.dalcin.it
A000118501;https://www.marconiassicurazioni.it/
A000118523;www.agenzie.generali.it/monopoliviafiume
A000118555;https://agenzia.agenziavittoriassicurazione.it/
A000118555;https://www.facebook.com/profile.php?id=100083394548323
A000118555;www.agenzievittoria.com/firenze
A000118555;www.avenne.it
A000118555;www.giovannisimonettiassicurazioni.it
A000118555;www.instagram.com/agente_assicurativo_firenze
A000118562;https://www.assifinconsult.it/
A000118774;HTTPS://WWW.ARAG.IT/PORTAL/TUTELA-LEGALE-OLS-FAMIGLIA/-/OLS/B576CE1F-1A09-499D-A83C-3D77BAE1BBDC
A000118774;HTTPS://WWW.ARAG.IT/TUTELA-LEGALE-OLS-CP/BDBFC901-C69E-4313-ABEC-329CFC1E3C7C
A000118919;www.allinsurance.it
A000118947;www.picciottilorisrl.it
A000118974;https://www.facebook.com/AgenziaMerlo
A000119064;https://www.agenzievittoria.com/scafa/
A000119064;https://www.facebook.com/vittoriaassicurazionibrecciarola
A000119064;https://www.facebook.com/vittoriaassicurazioniscafa/
A000119064;https://www.instagram.com/vittoriaassicurazioni_scafa/
A000119064;https://www.linkedin.com/company/vittoriaassicurazioni-scafa
A000119080;www.almaservice.org
A000119272;HTTPS://ASSICURAZIONIMORDACCI.COM
A000119306;www.dicioccioassicurazioni.it
A000119323;www.agenzievittoria.com/piemonte/chieri
A000119342;HTTPS://WWW.INSTAGRAM.COM/PURICELLIASSICURAZIONI/
A000119342;https://www.facebook.com/PuricelliAssicurazioni/
A000119342;https://www.groupama.it/trova-agente/milano/agenzia-magenta-n00c55
A000119342;www.puricelliassicurazioni.it
A000119431;www.agenziazurich.it/si001
A000119670;www.agenzievittoria.com/alessandriacrimea
A000119674;WWW.SCALZOFEDERICO-AGENZIAUNIPOL.IT
A000119878;www.agriprogram.net
A000119878;www.assiprogram.net
A000119878;www.autoprogram.it
A000119878;www.casaprogram.net
A000119878;www.ecoprogram.info
A000119878;www.inprogram.net
A000119878;www.risparmiauto.net
A000119959;www.fiorellaassicurazioni.it
A000119995;WWW.ASSIFRANCE.IT
A000120059;WWW.CASALEGNO.COM
A000120230;www.ageallianz.it/voghera225000/agenzia
A000120238;www.assicurazioniconsensus.it
A000120283;www.assicuraservizi.it
A000120483;www.ageallianz.it/lauria833000
A000120652;WWW.AGEALLIANZ.IT/BOLOGNA3471000/
A000120667;www.ageallianz.it/monteriggioni3613000/
A000120688;www.assinvest.net
A000120778;www.ageallianz.it/sangiovanniinpersiceto705
A000120892;www.agenziazurich.it/to508
A000120892;www.assirivoli.it
A000120933;www.stropeniassicurazioni.it
A000120941;www.agenzie.generali.it/vigevano
A000120985;https://agenzie.italiana.it/agenzie/agenziacarlino
A000121044;www.agenzievittoria.com/napolisancarlo
A000121049;www.agenzievittoria.com/pietrasanta/
A000121084;www.agenzievittoria.com/bresciamille
A000121084;www.agenzievittoria.com/rovato
A000121130;https://instagram.com/consulenzeassicurative?igshid=YmMyMTA2M2Y=
A000121130;https://www.agenzievittoria.com/gavardo/
A000121130;https://www.consulenzeassicurative.com/
A000121130;https://www.facebook.com/consulenzeassicurativediloronadirecsas
A000121130;https://www.linkedin.com/company/consulenze-assicurative-di-loro-nadir-sas/?viewAsMember=true
A000121179;http://www.ageallianz.it/triggiano664/
A000121179;https://www.facebook.com/AllianzGiovanniMangino/
A000121237;www.agenzievittoria.com/aronalaghi
A000121261;https://www.facebook.com/profile.php?id=100068322046955
A000121264;www.assicoop.com
A000121406;www.caliandroassicurazioni.it
A000121419;www.reatiassicurazioni.it
A000121451;www.assicurazionilaterza.it
A000121567;WWW.FACEBOOK.COM/AGGENERALICIVITANOVAMARCHEVIACARDUCCI
A000121567;WWW.INSTAGRAM.COM/GENERALI_CIVITANOVA_M_CARDUCCI
A000121567;www.agenzie.generali.it/civitanovamarcheviacarducci
A000121603;http://linkedin.com/
A000121603;https://www.agenziecattolica.generali.it/pisacisanello
A000121603;https://www.cattolica.it/
A000121603;https://www.paginegialle.it/cattolicacontrozzi
A000121769;www.assicurazionitorino.it
A000121790;WWW.AGENZIEVITTORIA.COM/MASSACARRARA
A000121797;https://agenzie.realemutua.it/agenzie/agenziamodenacarpi
A000122490;https://agenzia.cattolica.it/arezzoisonzo
A000122493;www.agenzie.generali.it/nuoro
A000122528;www.facebook.com/pdmsas
A000122528;www.instagram.com/pdm_sas/
A000122528;www.pdmsas.it
A000122528;www.tuaassicurazioni.it/agenzie/adelfia
A000122528;www.tuaassicurazioni.it/agenzie/adelfia-1
A000122539;https://www.comunicassicurazioni.it
A000122609;www.agenzievittoria.com/gallarateronchetti
A000122609;www.brozziassicurazioni.it
A000122714;www.agenzie.generali.it/palermopiazzaleungheria73
A000122751;www.agenzie.generali.it/noviligure
A000122773;www.agenziazurich.it/bg508
A000122779;WWW.VALVANOASSICURAZIONI.IT
A000122868;https://agenzie.realemutua.it/agenzie/agenziaavellino
A000122872;https://agenzia.cattolica.it/nogara
A000122872;https://www.facebook.com/cattolicaagenzianogara
A000122926;https://www.facebook.com/studioassicurativosilviamilillo/
A000122928;www.agenzievittoria.com/torinosanpaolo
A000122929;www.agenzievittoria.com/castiglionetorinese
A000122935;www.assicura.si
A000122935;www.bancassicura.it
A000122973;WWW.BUSSINELLOSAS.IT
A000123005;www.raiffeisen.it/de/eisacktal
A000123058;HTTPS://WWW.FACEBOOK.COM/AGGENERALIBRINDISIPORTO/
A000123058;HTTPS://WWW.INSTAGRAM.COM/AGGENERALIBRINDISIPORTO?IGSH=EW5QZTZXEMH4N3BH
A000123058;https://www.agenzie.generali.it/brindisiporto
A000123080;https://www.ageallianz.it/faenza3831/
A000123080;www.tabanelliassicurazioni.it
A000123091;http://agenzia.cattolica.it/comocoloniola/it
A000123107;HTTPS://WWW.AGENZIEVITTORIA.COM/CONEGLIANO/
A000123116;www.assix.it
A000123165;www.antoniniassicurazioni.com
A000123165;www.antoniniassicurazioni.it
A000123357;https://facebook.com/agggeneralitortonapiazzamilano8
A000123475;https://agenzia.cattolica.it/corato/it/home
A000123499;www.agenzie.generali.it/milanosantambrogio
A000123553;https://www.arag.it/portal/cp-light/-/prodotto/481011f0-af41-4789-a811-87324956db21
A000123553;https://www.arag.it/portal/tutela-legale-ols-famiglia/-/ols/40d38f08-7fba-43c3-a826-852638b3c575
A000123555;www.agenzie.generali.it/foggiafiore/
A000123594;HTTPS://AGENZIE.REALEMUTUA.IT/AGENZIE/AGENZIAFIRENZECAMPODIMARTE
A000123594;https://agenzie.realemutua.it/agenzia541/Pages/R_Overview.aspx
A000123615;agenzie.axa.it/cittadicastello5005
A000123800;https://agenzie.realemutua.it/agenzie/agenziaceva
A000123923;HTTPS://WWW.ARAG.IT/TUTELA-LEGALE-OLS-CP/600D7A91-B07A-4189-99DE-8BB280D5DB37
A000123923;https://agenzie.axa.it/reggioemilia4008/#
A000123923;https://www.arag.it/portal/tutela-legale-ols-famiglia/-/ols/b16b447e-cb20-447d-aad9-b707f64bc417
A000123957;www.agenzie.generali.it/ABBIATEGRASSO
A000123983;https://www.ageallianz.it/varedo187/
A000123983;www.ageallianz.it/varedo187/
A000124026;www.agenziazurich.it/bs507
A000124030;https://assicolombo.it/
A000124030;www.agenzie.generali.it/finomornasco
A000124053;www.agenziazurich.it/ct501
A000124059;https://agenzia.cattolica.it/materadante
A000124163;www.agenzie.generali.it/chiari
A000124215;www.agenzie.generali.it/montebelluna
A000124215;www.generalimontebelluna.com
A000124235;https://agenzia.cattolica.it/monopoli
A000124469;www.sergiodimatteo.it
A000124680;HTTPS://WWW.AGENZIAZURICH.IT/CT004
A000124717;www.agenzie.generali.it/pavialiberta
A000124722;www.modeneseassicurazioni.it
A000124768;www.pezzoliassicurazioni.it
A000124838;www.ageallianz.it/milano182/
A000124890;WWW.MARCHETTIASSICURAZIONI.IT
A000124915;www.luigilulliconsulenze.it
A000124953;HTTPS://PAGANO1948.IT/
A000125018;https://www.facebook.com/normanniassicurazioni
A000125018;www.normanni-assicurazioni.it
A000125113;www.centrosicuro.com
A000125113;www.centrosicuro.it
A000125195;www.agenzia.cattolica.it/paolasanfrancesco
A000125283;https://agenzia.cattolica.it/albenga
A000125293;https://agenzie.realemutua.it/agenzie/agenziafirenze
A000125293;www.funghiniassicurazioni.it
A000126144;www.agenziazurich.it/ts002
A000126199;www.agenzie.generali.it/rieti
A000126584;WWW.AGENTIGENERALI.IT
A000126677;HTTPS://WWW.PERLASSICURAZIONI.IT
A000126760;www.agenziazurich.it/vi501
A000126760;www.grendeneassicurazioni.it
A000126782;WWW.RAMIASSICURAZIONI.COM
A000126889;WWW.CENTROSERVIZIASSICURATIVI.COM
A000127008;IT.LINKEDIN.COM/COMPANY/PROSPETTIVA-ASSICURAZIONI
A000127008;WWW.FACEBOOK.COM/PROSPETTIVAASSICURAZIONISARDEGNA/
A000127008;WWW.INSTAGRAM.COM/PROSPETTIVA_ASSICURAZIONI/PROFILECARD/?IGSH=MWTVM3M2MXVMZJUXDQ==
A000127008;www.prospettivaassicurazioni.it
A000127013;https://agenzia.cattolica.it/magentaviamilano
A000127015;www.agenziazurich.it/mi070
A000127015;www.assicentrale.it
A000127028;https://agenzie.axa.it/pavia703
A000127039;www.monellaassicuratori.com
A000127052;www.agenzie.generali.it/barlettaalvisi
A000127072;www.algieriassicurazioni.it
A000127078;www.ageallianz.it/moglianoveneto292/
A000127084;www.agenzievittoria.com/vallodellalucania/
A000127437;https://www.ageallianz.it/pistoia459/
A000127457;www.acu.ud.it
A000127472;www.agenzievittoria.com/beinascopiazza
A000127544;www.studioampolo.it
A000127699;www.belloniassicura.com
A000127749;www.unipolsai-bl.com
A000127749;www.unipolsaibl.com
A000127764;www.agenzievittoria.com/jesimura
A000127764;www.cantarini.eu
A000127916;www.agenzievittoria.com/campobasso
A000127966;WWW.VOLPATOASSICURAZIONI.IT
A000128061;HTTPS://WWW.FACEBOOK.COM/CECCHINIASSICURAZIONI/
A000128061;https://www.facebook.com/ItalianaAssicurazioni.Aprilia/
A000128061;https://www.facebook.com/ItasAssicurazioni.Aprilia/
A000128101;https://vibovalentia.aci.it
A000128119;www.agenziazurich.it/pi001
A000128119;www.facebook.com/assicurazionicapolieolmi
A000128167;WWW.AGENZIAFIRENZEOVEST.IT
A000128178;www.assitirrena.it
A000128333;HTTPS://WWW.AGENZIECATTOLICA.GENERALI.IT/VOLTERRA
A000128464;www.vittoriaassicurazioni.com/agenzie/clusone
A000128465;www.agenziecattolica.generali.it/squinzano
A000128523;www.agenzie.generali.it/trapani
A000128621;WWW.MAWDY.IT
A000128692;agenzie.generali.it/fidenzaberenini
A000129223;WWW.RIZZOASSICURAZIONI.IT
A000129230;www.realemutualodi.it
A000129319;www.manciniassicurazioni.it
A000129489;www.arca-rho.com
A000129505;WWW.ASSICURAZIONIPOTENZA.IT
A000129514;WWW.ASSITEAM.COM
A000129539;WWW.FIORELLAASSICURAZIONI.IT
A000129585;www.eufrate.it
A000129585;www.facebook.com/EufrateAssicurazioniSas
A000129585;www.instagram.com/eufrate_assicurazioni
A000129841;www.bancacentro.it
A000129891;WWW.ASSICURAZIONIRIETI.IT
A000129903;https://lungarini.plus/controllopolizza
A000129903;www.lungarini.it
A000129943;www.allianzpadova265.it
A000130079;https://www.agenzie.generali.it/pratovialedellarepubblica281
A000130082;www.assiconsultrivalta.it
A000130112;WWW.AGENZIEBLM.IT
A000130318;https://www.facebook.com/allianzagenziacanelliOttavioSina
A000130840;https://sikurafabriano.it/
A000130852;http://www.assicurazionifirenzerifredi.it/
A000130852;https://firenzerifredi.yolasite.com/
A000130852;https://www.facebook.com/agenziarifredi/
A000130852;https://www.instagram.com/agenziagenerale/
A000130916;www.martizi.it
A000130916;www.mediciassicurati.it
A000131323;www.agenzie.generali.it/lainate
A000131339;https://www.assicurazionimarinafantato.it
A000131350;https://agenzia.cattolica.it/modicapietronenni
A000131370;https://www.buttafuoco.eu/
A000131437;HTTPS://AGENZIE.REALEMUTUA.IT/AGENZIE/AGENZIAVITERBO
A000131526;WWW.IM.LAND
A000131526;https://agenzie.realemutua.it/agenzie/agenziaborgosesia
A000131787;www.agenzievittoria.com/tortoli
A000131861;https://www.assigeasondrio.it/
A000131861;https://www.preventivo.assigeasondrio.it/
A000131870;HTTPS://WWW.AGENZIECATTOLICA.GENERALI.IT/PISTOIAFERMI
A000131872;https://agenzie.realemutua.it/agenzia894/Pages/R_Overview.aspx
A000131890;www.ageallianz.it/melzo136/
A000131890;www.ageallianz.it/trezzosulladda3257000/
A000132042;HTTPS://WWW.INSTAGRAM.COM/GENERALIPARMAVITTORIOEMANUELE?IGSH=MXE3YZB0ZJG5DHRQZA%3D%3D&UTM_SOURCE=QR
A000132042;HTTPS://WWW.LINKEDIN.COM/IN/AG-GENERALI-PARMA-PIAZZALE-VITTORIO-EMANUELE-73476394/
A000132064;https://www.arag.it/portal/tutela-legale-ols-famiglia/-/ols/1e422d43-2eef-4aae-9ed4-122afd4a777f
A000132064;https://www.assicurazioniloanesi.it/
A000132195;www.agenziazurich.it/rm010
A000132195;www.assistudioposcolieri.it
A000132311; agenziecattolica.generali.it/bolognamazzini
A000132325;https://www.agenzie.generali.it/brindisisaponea
A000132371;https://agenzie.realemutua.it/agenzie/agenziapavullofrignano/chi-siamo
A000132567;WWW.ASSILIFE.IT
A000132651;WWW.VERNASERVIZI.IT
A000132675;www.unipolsaiaprilia.it
A000132721;www.agenziazurich.it/sa504#
A000132745;www.agenzie.generali.it/vicenzacorsopadova
A000132752;www.agenzie.generali.it/ostra
A000132764;www.agenzie.generali.it/parma
A000132764;www.agenzie.generali.it/parma/chi-siamo
A000132799;www.agenzie.generali.it/palermomare
A000132968;www.studiofoppa.it
A000133060;www.agenzie.generali.it/urbino
A000133140;www.agenziatrombetta.it
A000133230;www.agenziazurich.it/bs516
A000133231;www.studiopecchini.com
A000133299;HTTPS://WWW.AGENZIE.GENERALI.IT/ROMAPORTAPIA
A000133299;HTTPS://WWW.INSTAGRAM.COM/EXPLORE/LOCATIONS/337597000428700/AG-GENERALI-ROMA-PORTA-PIA/
A000133414;www.ageallianz.it/salo170/
A000133414;www.allianzsalo170.it
A000133800;www.agenzie.generali.it/vicenzapalladio
A000133801;www.agenzie.generali.it/vicenzapalladio
A000133802;www.assicurazionipoeta.it
A000133802;www.facebook.com/AssiPoeta/
A000133802;www.instagram.com/assicurazioni.poeta/
A000133860;www.agenziazurich.it/an502
A000133878;www.6protetto.it
A000134034;HTTPS://WWW.SICURISUBITO.IT/CONVENZIONEPT/
A000134034;https://landing.vittoriaassicurazioni.com/guardia-costiera
A000134034;https://www.agenzievittoria.com/romaaspevi/
A000134150;www.agenzie.generali.it/monselice
A000134291;https://www.assicoop.it/bologna-metropolitana/
A000134371;www.agenzie.generali.it/orbetello
A000134374;www.agenzie.generali.it/orbetello
A000134398;https://www.agenzie.generali.it/monselice
A000134398;https://www.facebook.com/AgGeneraliMonselice
A000134442;https://agenzia.cattolica.it/collesannitalibera
A000134468;www.agenzie.generali.it/anzio
A000134469;https://agenzia.cattolica.it/sondrio
A000134469;https://www.schiantarelli.it/
A000134792;www.docaliassicurazioni.it
A000134884;www.eisendle.com
A000134884;www.eisendle.it
A000135155;WWW.DAMIANIASSICURAZIONI.IT
A000135266;www.ageallianz.it/ghedi227000
A000135266;www.montemagnoassicurazioni.it
A000135267;HTTPS://WWW.ARAG.IT/TUTELA-LEGALE-OLS-CP/99AA0110-FDA8-4AA7-ADDA-467B62537639
A000135267;https://www.arag.it/portal/tutela-legale-ols-famiglia/-/ols/4eae301c-3d5b-4f88-b2d7-966389e7df52
A000135267;https://www.lorenzoborghesani.it/
A000135281;www.agenziazurich.it/mi566
A000135281;www.gaddaerossi.com
A000135296;https://www.agenzievittoria.com/padovachiesanuova/
A000135338;www.ageallianz.it/storo550000/
A000135338;www.tobaldiassicurazioni.it
A000135428;www.ageallianz.it/cassanomagnago853000
A000135449;www.ageallianz.it/modena3410000/
A000135501;https://www.ageallianz.it/torino5133/
A000135651;www.agenzievittoria.com/tradate
A000135651;www.assiprogetsoluzioni.it
A000135658;www.agenzievittoria.com/avezzano
A000135661;www.agenzievittoria.com/pescaracolli
A000135813;www.agenzievittoria.com/firenzelegnaia/
A000135813;www.assicurazionifirenze.com
A000135828;www.agenzie.generali.it/DOLO
A000135844;www.unipolsaiverona.it
A000136981;www.amaroassicurazioni.it
A000136995;www.ageallianz.it/brindisi632
A000137110;www.arag.it/tutela-legale-ols-cp/930a82a8-6c84-4078-b0f3-0fc0edd706b5
A000137192;https://www.agenzie.generali.it/maglie
A000137196;https://www.groupama.it/trova-agente/potenza/agenzia-potenza-n00392
A000137289;www.amiassistance.it
A000137421;http://www.filipponeassicurazioni.com/
A000137421;https://www.agenzie.generali.it/palermograttacielo
A000137429;https://agenzie.realemutua.it/agenzie/agenziabariredavid
A000137531;https://agenzie.realemutua.it/agenzia692/Pages/R_Overview.aspx
A000137543;www.assiriaonline.it
A000137605;www.camagnaassicurazioni.it
A000137605;www.groupama.it/trova-agente/vercelli/agenzia-vercelli-000375
A000137608;www.agenzie.generali.it/formia
A000137651;https://agenzie.realemutua.it/agenzie/agenziasassari
A000137834;https://it.linkedin.com/company/ag-generali-avellino-menna
A000137834;https://m.facebook.com/AgGeneraliAvellino/
A000137834;https://www.agenzie.generali.it/avellino
A000137834;https://www.instagram.com/avellino_assicurazioni_menna?igsh=MWl5dTFiZ3V4bTF ncg==E
A000137846;www.agenzie.generali.it/clusone
A000137911;WWW.GIDAINSURANCE.COM
A000137960;www.valoreunipol.it
A000137994;www.agenzie.generali.it/palermoliberta62
A000138014;WWW.AGIRE-ASSICURAZIONI.IT
A000138014;www.agenzie.generali.it/reggioemilia
A000138082;www.agenzie.generali.it/goito
A000138149;WWW.RUOCCOASSICURAZIONI.COM
A000138149;https://www.agenzie.generali.it/sorrentocorsoitalia
A000138334;http://www.agenziazurich.it/fi014
A000138410;www.facebook.com/tramacereassicurazioni
A000138410;www.instagram.com/tramacere_assicurazioni
A000138410;www.tramacereassicurazioni.com
A000138920;www.agenziazurich.it/rm008
A000138920;www.esperialazio.it
A000139055;www.agenzie.generali.it/pratoviamontalese
A000139742;www.agenzie.generali.it/sangiovannivaldarno
A000139770;www.agenzie.generali.it/sangiovannivaldarno
A000139951;www.agenzie.generali.it/sangiovannivaldarno
A000140122;https://agenzia.cattolica.it/catanzaro
A000140122;https://www.facebook.com/cattolicaagenziacatanzaro
A000140451;WWW.BERGAMI-INSURANCE.IT
A000140869;www.agenzie.generali.it/pozzuoli
A000140952;WWW.MARTINETIASSICURAZIONI.COM
A000141650;FACEBOOK.COM/MPPASSICURAZIONI/
A000141650;HTTPS://WWW.INSTAGRAM.COM/MPPASSICURAZIONI
A000141650;WWW.MPPASSICURAZIONI.COM
A000141664;www.ageallianz.it/rimini415000/
A000141664;www.facebook.com/ufficio.riminiras.
A000141767;https://agenzie.realemutua.it/agenzie/agenziacastelliromani
A000141788;www.instagram.com/assicurazionicalia.it
A000142060;https://agenzie.italiana.it/agenzie/agenziasavona
A000142073;https://agenzie.italiana.it/agenzie/agenziagiuseppediluziosas/chi-siamo
A000142123;www.agenzievittoria.com/agrigento/
A000142131;www.agenzievittoria.com/imperiasanremo/
A000142144;www.assicoop.it
A000142144;www.assicoop.it/toscana
A000142144;www.assicoop.net
A000142144;www.assicooptoscana.com
A000142144;www.assicooptoscana.it
A000142144;www.polizzaunica.it
A000142296;https://agenzie.realemutua.it/agenzia408/Pages/R_Overview.aspx
A000142311;www.saraenricogiudice.it
A000142560;https://www.arag.it/portal/associazioni-sportive-31-60/-/prodotto/aaad557c-7b64-47cb-9b00-bc2443ed88b5
A000142560;https://www.arag.it/portal/tutela-legale-ols-famiglia/-/ols/f0e021a5-3cfa-415e-86a8-aad7f513a364
A000142560;www.villa-assicurazioni.it
A000142561;www.agenzie.generali.it/sancascianovaldipesa
A000142765;https://agenzie.realemutua.it/agenzie/agenziacosenza
A000142856;https://www.ageallianz.it/paterno7302/
A000142864;https://www.agenziazurich.it/mi508
A000142878;https://agenzie.italiana.it/agenzie/agenziaacquaviva
A000143071;WWW.AGENZIE.GENERALI.IT/ROMAVIAVENETO
A000143089;https://agenzie.realemutua.it/agenzie/agenziavibovalentia
A000143095;www.agenzie.generali.it/latinafiori
A000143123;www.agenzie.generali.it/oristano
A000143238;https://it.linkedin.com/company/agenzia-di-pordenone-generali-italia-s-p-a
A000143238;www.agenzie.generali.it/pordenone
A000143238;www.facebook.com/AgGeneraliPordenone
A000143238;www.instagram.com/aggeneralipordenone/
A000143319;https://agenzie.axa.it/sangiovanniinpersiceto3314
A000143331;www.agenzie.generali.it/romacrescenzio/
A000143342;www.agenzie.generali.it/sanmartinoborgovenezia
A000143393;www.agenzie.generali.it/bitonto
A000143454;www.agenzie.generali.it/parma
A000143454;www.agenzie.generali.it/parma/chi-siamo
A000143494;https://www.agenzie.generali.it/caltanissetta
A000143505;https://www.agenzie.generali.it/ascolipiceno
A000143572;www.agenzievittoria.com/Bra
A000143603;https://agenzie.axa.it/roma5834
A000143647;https://budroniassicura.it/
A000143751;www.nica-cauzioni.it
A000144045;www.facebook.com/share/1ADc6DHhde/?mibextid=wwXIfr
A000144045;www.groupama.it/trova-agente/parma/agenzia-parma-santa-croce-000959
A000144045;www.rosiassicurazioni.it/
A000144113;https://www.ageallianz.it/catania704/
A000144449;www.assicurazionimegali.it
A000144917;https://www.facebook.com/share/1E9GbgDf2C/?mibextid=wwXIfr
A000144917;www.agenzie.generali.it/vallodellalucania
A000145465;www.agenziazurich.it/im001
A000145661;www.assigiotto.it
A000145713;www.agenzie.generali.it//cervignanoviaudine
A000145933;WWW.CALDARELLI.EU
A000146516;WWW.RIZZOASSICURAZIONI.IT
A000147058;www.ghiassicurazioni.it
A000147126;WWW.FINCATOASSICURAZIONI.IT
A000147228;www.centrostudieservizi.com
A000147605;WWW.ASSIGEST.EU
A000147776;www.vivianoassicura.it
A000147779;www.carpita.eu
A000147779;www.carpita.it
A000147896;www.agenzievittoria.com/bresciaoltremella/
A000147905;www.agenzievittoria.com/rho
A000147910;www.agenzievittoria.com/viterbo
A000147934;TOSSANI.NET
A000148075; https://www.linkedin.com/in/gaspare-messina-381451252/?skipRedirect=true
A000148075;https://www.facebook.com/profile.php?id=100010726113286&locale=it_IT
A000148078;WWW.RIZZOASSICURAZIONI.IT
A000148105;www.vinciassicurazioni.com
A000148181;https://assicuraci.it/
A000148274;HTTPS://WWW.FACEBOOK.COM/REALEMUTUAVASTO
A000148274;HTTPS://WWW.INSTAGRAM.COM/AGENZIADIVASTO/
A000148274;https://agenzie.realemutua.it/agenzie/agenziavasto
A000148340;HTTPS://WWW.AGENZIECATTOLICA.GENERALI.IT/MONTEMURLO
A000148420;www.agenzie.generali.it/genovafiasella/
A000150316;www.agenzie.generali.it/genovacorsoeuropa
A000150316;www.facebook.com/AgGeneraliGenovaCorsoEuropa
A000150316;www.hub799.it
A000150316;www.instagram.com/aggeneraligenovacorsoeuropa/
A000150316;www.linkedin.com/company/18538677/
A000150316;www.youtube.com/@hub799-generaliitaliaag.ge8
A000150386;HTTPS://AGENZIE.AXA.IT/NAPOLI6901
A000150425;www.agenzie.generali.it/fiessodartico
A000150427;www.agenzie.generali.it/fiessodartico
A000151751;www.facebook.com/people/Agenzia-AXA-di-Angelo-Varlotta/100063561434290/
A000151751;www.facebook.com/people/Agenzia-Axa-Villa-dAgri/pfbid02SxHwCBKoizvPYDtNLr1iMvgTELZd6tXKMrcEtGebks9G7tJYM8cJBn93t62MW58al/
A000151757;https://www.agenzievittoria.com/agugliano/
A000153676;https://www.agenzievittoria.com/alessandriadante/
A000153676;www.agenzievittoria.com/alessandriadante/
A000153709;www.agenzie.generali.it/barletta
A000153731;www.danisas.com
A000153790;https://generalipadovafacciolati.it/
A000153790;www.agenzie.generali.it/padovafacciolati
A000153830;www.agenzie.generali.it/cagliarivialetrento
A000153903; https://www.facebook.com/share/1AaV9jHFv4/?mibextid=wwXIfr
A000153903;https://www.instagram.com/rizzi.srl?igsh=MW0zc25pdzRlenUyaw%3D%3D&utm_source=qr
A000153903;https://www.linkedin.com/company/rizzi-srl-unipolsai-assicurazioni-agenzia-di-vercelli/
A000154005;www.ageallianz.it/putignano647/
A000154069;www.agenzie.generali.it/isernia
A000154088;https://www.biancoassicura.it
A000154103;www.agenzie.generali.it/trapanisalute
A000154107;www.mancinoassicurazioni.it
A000154194;www.agenzie.generali.it/portici
A000154313;https://agenzie.realemutua.it/agenzia138/
A000154313;www.realecuorgne.it
A000154359;www.agenziazurich.it/pv507
A000154524;www.assicurazionirossi.it
A000154706;https://agenzie.axa.it/borgosesia623
A000154825;www.agenzie.generali.it/finaleligure
A000154852;HTTPS://AP.PUCCINELLIASSICURAZIONI.IT
A000154871;www.agenzie.generali.it/parma
A000154871;www.agenzie.generali.it/parma/chi-siamo
A000154872;montioniassicurazioni.it
A000154896;www.agenzie.generali.it/parma
A000154896;www.agenzie.generali.it/parma/chi-siamo
A000154956;POMPEIASSICURAZIONI.IT
A000155012;www.assicurazionipalermo.net
A000155031;www.invernizziassicurazioni.com
A000155086;https://agenzie.axa.it/foggia7300
A000155114;https://www.buccieroassicurazioni.it
A000155123;WWW.AUREASSICURAZIONI.IT
A000155123;www.facebook.com/AgenziaAXAAureaGenova/
A000155150;www.tuaassicurazioni.it/agenzie/lodi-1
A000155378;www.agenzie.generali.it/parma
A000155378;www.agenzie.generali.it/parma/chi-siamo
A000155395;www.agenzievittoria.com/assisi
A000155483;www.unipolsaiparma.it
A000155574;WWW.AGENZIE.GENERALI.IT/CIVITAVECCHIAVIAROMA
A000156011;HTTPS://WWW.AGENZIECATTOLICA.GENERALI.IT/FIRENZECASTELLO
A000156207;WWW.REALEVENARIA.IT
A000156237;www.agenzie.generali.it/sciacca
A000156348;HTTPS://WWW.AGENZIECATTOLICA.GENERALI.IT/PRATOSANGIORGIO
A000156428;https://www.facebook.com/lucagiovinounipolsai
A000156524;www.facebook.com/tiassicur
A000156524;www.instagram.com/tiassicuraa
A000156629;https://agenzia.cattolica.it/assisi/it/
A000156790;https://agenzia.cattolica.it/cataniaeuropa/it/home
A000156790;https://www.facebook.com/cattolicaagenziacataniaeuropa
A000156814;www.agenzie.generali.it/empoli-firenzemichelangelo
A000156829;http://agenzia.cattolica.it/calvisano
A000156831;www.agenzia.cattolica.it/carpenedolo
A000156888;https://www.agenzie.generali.it/pratocecchi
A000157843;www.assimaassicurazioni.it
A000157864;WWW.ASSICURAZIONIAB.IT
A000157870;HTTPS://STUDIOCROCIANI.IT/
A000157929;PIRAZZOLIASSICURAZIONI.IT
A000157996;HTTPS://WWW.CSAVITA.IT
A000158018;https://twitter.com/IAssicura
A000158018;https://www.arag.it/portal/tutela-legale-ols-famiglia/-/ols/9d015d3f-4950-4eb3-93a0-512916a59a46
A000158018;https://www.facebook.com/iacobucciassicurazioni/?locale=it_IT
A000158018;https://www.linkedin.com/in/iacobucci-studio-di-assicurazioni-0a684564/
A000158031;www.arcobelliassicurazioni.it
A000158353;http://www.allianzcastellanza468.it
A000158353;https://www.ageallianz.it/castellanza468000/
A000158411;https://www.facebook.com/AllianzTorinoStatuto/
A000158411;https://www.facebook.com/acatservizigiaveno
A000158514;https://www.ageallianz.it/caratebrianza786000/
A000158529;www.ageallianz.it/trani4815000/
A000158529;www.tedeschiserviziassicurativi.it
A000158693;www.ageallianz.it/pescara3575000/
A000158749;www.cuneoalpi.it
A000158834;www.ageallianz.it/palermo4913000
A000159147;www.agenzievittoria.com/brescianord
A000159245;www.agenzievittoria.com/laspeziapiazzaverdi
A000159246;www.agenzievittoria.com/pratoest
A000159266;WWW.SGMASSICURA.COM
A000159266;WWW.SGMASSICURAZIONI.COM
A000159266;WWW.SGMASSICURAZIONI.IT
A000159266;www.unipolsaimagenta.it
A000159287;https://agenzia.cattolica.it/ostunifogazzaro
A000159287;https://www.beneassicura.com/
A000159353;http://www.pitinoedoglio.it
A000159353;https://www.ageallianz.it/tirano221000
A000159382;www.verasas.com
A000159390;WWW.FLEBUS.IT
A000159430;https://www.facebook.com/F.E.R.assicurazioni
A000159461;AGENZIAGRASSI.IT
A000159479;https://www.agenzie.generali.it/padovapratodellavalle
A000160656;unipolsaivibovalentia.com
A000160660;www.agenziazurich.it/pa010
A000160660;www.agenziazurich.it/pa503
A000160760;www.saibreno.it
A000160870;https://brutiumsas.wixsite.com/hdi-italia-lamezia
A000160870;www.facebook.com/brutiumsas
A000160891;WWW.PREVIMEDIA.COM
A000160891;WWW.PREVIMEDIA.IT
A000160897;www.agenzievittoria.com/perugiasettevalli
A000160936;www.agenzie.generali.it/romapacinotti
A000160991;www.assicurazioniborsellino.it
A000161081;www.agenzie.generali.it/settimotorinesecortealfieri
A000161087;WWW.AELLEASSICURAZIONI.IT
A000161361;agenziecattolica.generali.it/sidernobattisti
A000161526;https://www.agenzie.generali.it/brunicoviamichaelpacher
A000161580;https://agenzie.realemutua.it/agenzie/agenziabergamoxxsettembre
A000161580;www.assicurazionebergamo.com
A000161580;www.assicurazionebergamo.eu
A000161580;www.assicurazionebergamo.it
A000161580;www.assicurazionebergamo.net
A000161580;www.assicurazionibergamo.com
A000161580;www.assicurazionibergamo.eu
A000161580;www.assicurazionibergamo.it
A000161580;www.assicurazionibergamo.net
A000161580;www.realemutuabergamo.it
A000161780;www.fonsaicb.it
A000161784;https://www.agenzie.generali.it/martinafranca
A000161788;www.gmontisnc.com
A000161788;www.unipolsaimelzo.it
A000161904;https://como-assicurazioni.business.site/
A000161904;https://sites.google.com/site/comoassicurazioni/home?authuser=0
A000161904;https://tuaassicurazionicosenza.business.site/
A000161904;https://www.facebook.com/TuaAssicurazioniCosenza/about_privacy_and_legal_info
A000161904;https://www.linkedin.com/in/gianluigi-como-764a7b37/
A000161904;https://www.tuaassicurazioni.it/agenzie/cosenza
A000161911;https://agenzie.realemutua.it/agenzie/agenzianapolisancarlo
A000161956;https://www.agenziecattolica.generali.it/bolognasanfelice
A000162205;HTTPS://WWW.FACEBOOK.COM/ZURICHPALAZZOLO
A000162259;www.assicurazioniassirin.it
A000162329;https://agenzie.realemutua.it/agenzia824/Pages/R_Overview.aspx
A000162399;https://www.agenzie.generali.it/cuneocorsogramsci
A000162428;WWW.BALDINEPARTNERS.EU/
A000162428;www.facebook.com/baldinepartners
A000162428;www.instagram.com/baldin_e_partners/
A000162500;www.tilocca.com
A000162575;https://www.instagram.com/americanexpress_it?igsh=YTMzdXl0ZWU0MGl2
A000162575;www.americanexpress.it/assicurazioni
A000162575;www.facebook.com/share/1ELk1EgSZm/?mibextid=wwXIfr
A000162732;www.borghesepinerolo.it
A000162795;HTTPS://WWW.AGENZIECATTOLICA.GENERALI.IT/RIMINI
A000162889;https://agenzia.cattolica.it/oderzotrevisobelluno
A000163095;https://agenzie.realemutua.it/agenzie/agenziatorinomirafiori
A000163147;www.assicooper.com
A000163176;www.assicurazionifaustini.it
A000163206;www.agenzie.generali.it/santamariacapuavetere
A000163348;https://agenzie.realemutua.it/agenzie/agenziaragusa
A000163381;www.agenzietoninelli.com
A000163381;www.agenzietoninelli.it
A000163381;www.assicurazioni-camper-toninelli.it
A000163381;www.camperamico.it
A000163381;www.toninel.li
A000163381;www.toninelli.srl
A000163381;www.toninelliassicurazioni.it
A000163602;https://agenzie.axa.it/prato4709
A000163795;https://www.agenziazurich.it/cn504
A000163795;https://www.agenziazurich.it/cn505
A000163870;WWW.MIMMOASSICURAZIONI.IT
A000163952;HTTPS://IT.LINKEDIN.COM/COMPANY/BENACQUISTA-ASSICURAZIONI-SRL
A000163952;HTTPS://WWW.FACEBOOK.COM/BENACQUISTAASSICURAZIONI/
A000163952;HTTPS://WWW.INSTAGRAM.COM/BENACQUISTA_ASSICURAZIONI/
A000163952;www.benacquista.it
A000163952;www.medicalguard.it
A000163952;www.pianetavolo.it
A000163952;www.professionesicura.it
A000163952;www.safesport.it
A000163952;www.sicurezzascuola.it
A000164046;www.Allianzfirenzesud.com
A000164046;www.ageallianz.it/firenze6277/
A000164174;www.unipolsairho.net
A000164179;www.assicurmedici.it
A000164466;agenziecattolica.generali.it/cremonaduomo
A000164479;www.realelaquila.it
A000164897;www.agenzie.generali.it/tradate
A000164914;www.galli-assicurazioni.it
A000164939;www.agenzie.generali.it/vicenzapalladio
A000165031;https://www.sara.it/agenzia?id=5850
A000165137;https://agenzie.realemutua.it/agenzie/agenziacrema
A000165263;www.lostumboassicurazioni.it
A000165301;https://agenzie.realemutua.it/agenzie/agenziavigevano/chi-siamo
A000165303;www.assicurazioni-politi.it
A000165517;https://www.arag.it/portal/tutela-legale-ols-famiglia/-/ols/586576ba-2b2d-4635-971c-e76a3a238030
A000165517;www.smsassicurazioni.it
A000165627;WWW.FONTANASSICURAZIONI.IT
A000165749;www.agenziazurich.it/rm080
A000165749;www.assiparioli.it
A000165776;WWW.ASSICURIAMOLATUAPASSIONE.IT
A000165814;www.malandraassociati.it
A000165858;www.trevi.group
A000165928;www.ageallianz.it/garbagnatemilanese460000/
A000166054;www.ageallianz.it/vallodellalucania769000
A000166073;www.ageallianz.it/molfetta818000/
A000166094;https://www.facebook.com/albertozuccaassicurazioni
A000166094;https://www.instagram.com/az.assicurazioni/
A000166094;https://www.linkedin.com/company/96018606/admin/feed/posts/
A000166240;WWW.ASSICURAZIONIAVELLINO.COM
A000166271;www.giardinellaassicurazioni.it
A000166284;https://agenzie.italiana.it/agenzie?codAgenzia=AZF
A000166284;www.ageallianz.it/udine122/
A000166284;www.marzoccoassicurazioni.it
A000166288;www.appbroker.it
A000166339;www.bonass-agenziaunipol.it
A000166340;www.realemutuarovereto.it
A000166344;www.agenzievittoria.com/milanoducadaosta
A000166379;https://www.ageallianz.it/maglie4810000/
A000166379;www.pranzoassicurazioni.it
A000166490;www.isolassicurazioni.it
A000166532;https://www.agenziecattolica.generali.it/santostefanoticino
A000166714;www.portfolio-italia.it
A000166730;https://agenzie.realemutua.it/agenzie/agenziabelluno
A000166987;https://agenzie.realemutua.it/agenzie/agenziatorinoportanuova
A000167158;www.agenzie.generali.it/sienaviafrajese
A000167158;www.generalisienaviafrajese.it
A000167158;www.inaassitaliasiena.it
A000167250;www.agenziazurich.it/bs010
A000167369;http://www.assicurazionipini.it/
A000167369;https://www.facebook.com/assicurazionipini/
A000167372;WWW.MONTASSURANCES.IT
A000167372;www.facebook.com/Montassurances
A000167405;WWW.DUALINSURANCE.COM
A000167435;https://www.facebook.com/paveseassicurazionirealemutuavercelli/
A000167435;https://www.instagram.com/pavese_sas_assicurazioni/
A000167435;https://www.linkedin.com/company/reale-mutua-vercelli-borgogna-pavese/
A000167435;www.paveseassicurazioni.com
A000167435;www.realevercelli.it
A000167441;https://agenzie.realemutua.it/agenzie/agenziaavezzano/
A000167472;https://agenzie.italiana.it/agenzia61I/Pages/R_Overview.aspx
A000167492;unipolsaismcv.it
A000167535;www.areseconsulenze.it 
A000167540;https://agenzie.realemutua.it/agenzia246/Pages/R_Overview.aspx#
A000167569;https://agenzie.realemutua.it/agenzie/agenziacastelfrancoemilia
A000167569;https://www.realecastelfrancoemilia.it/
A000167663;www.agenzie.generali.it/ronciglione
A000167740;https://www.agenzie.generali.it/fasano
A000167789;www.summaassicurazioni.it
A000167992;https://www.agenziecattolica.generali.it/BERGAMODOGANA
A000167998;www.agenzievittoria.com/conselve
A000167998;www.agenzievittoria.com/piovedisacco
A000168044;www.agenzie.generali.it/mantovavirgilio
A000168118;WWW.BREASSICURA.IT
A000168149;renoassicurazioni.it
A000168576;agenziecattolica.generali.it/PADOVAGIARDINO
A000168608;www.unipolsaireggiocalabria.com
A000168755;www.raciti-rappazzo.com
A000168783;www.ageallianz.it/caltanissetta702
A000168825;www.agenzie.generali.it/rietiportadarce/chi-siamo
A000168884;https://www.agenziecattolica.generali.it/veronacalderara
A000168984;https://agenzia.cattolica.it/magione/it/agenzia
A000169071;www.agenzie.generali.it/aronapiave
A000169079;https://agenzie.italiana.it/agenzie/agenziabenevento-orsini/overview
A000169079;www.assicurazionewelfare.it
A000169079;www.kaskogara.it
A000169084;https://agenzia.cattolica.it/magione/it/agenzia
A000169219;https://www.fabebook.com/profile.php?id=100064089127683
A000169270;https://agenzie.realemutua.it/agenzia855/Pages/R_Overview.aspx
A000169290;www.assicurazionibotta.it
A000169373;www.agenzievittoria.com/lodistazione
A000169373;www.assicurazionilodi.it
A000169454;www.agenziazurich.it/sv505
A000169621;HTTPS://WWW.FACEBOOK.COM/AGGENERALICHIANCIANOTERME
A000169621;HTTPS://WWW.INSTAGRAM.COM/AGGENERALICHIANCIANOTERME
A000169622;https://www.agenzie.generali.it/montepulciano
A000169741;www.caldarelli.eu
A000169832;www.bonass-agenziaunipol.it 
A000169995;www.agenzievittoria.com/bustoarsiziopioppi
A000169999;www.bonass-agenziaunipol.it
A000169999;www.unipolcremona.com
A000169999;www.unipolcremona.it
A000170006;www.agenziazurich.it/pz001
A000170060;www.tiassicurosemplice.it
A000170168;www.masconsulting.it
A000170321;https://instagram.com/aggeneralisanseverominuziano?igshid=OGQ5ZDc2ODk2ZA==
A000170321;https://www.facebook.com/AgGeneraliSanSeveroMinuziano
A000170321;https://www.linkedin.com/company/ag-generali-san-severo-minuziano/
A000170321;www.agenzie.generali.it/sanseverominuziano
A000170378;www.assilogos.com
A000170384;WWW.ZAVATTAROASSICURAZIONI.IT
A000170414;HTTPS://WWW.AGENZIECATTOLICA.GENERALI.IT/PISTOIA
A000170424;www.unipolsaitricase.it
A000171552;WWW.ANTHEAWHOLESALE.IT
A000171583;https://www.servizigrandine.it/
A000171588;https://www.assicurazionismart.it/
A000171881;www.ageallianz.it/agropoli614/
A000171884;www.saibrugherio.it
A000171943;www.mercadanti.net
A000171945;www.ageallianz.it/casalecchiodireno433000
A000172118;www.ageallianz.it/brindisi804000/
A000172149;www.moschettoagency.it
A000172195;https://www.ageallianz.it/mantova4216000/
A000172210;www.ageallianz.it/amelia4509000/
A000172445;www.agenzievittoria.com/todi
A000172564;http://agenzia.cattolica.it/bresciadiaz
A000172627;www.agenzie.generali.it/luccadantealighieri
A000172730;www.agenzie.generali.it/sienaviafrajese
A000172730;www.generalisienaviafrajese.it
A000172730;www.inaassitaliasiena.it
A000172958;www.agenziadamico.it
A000172958;www.facebook.com/AgenziaDamico
A000173010;www.agenzie.generali.it/bresciacastello
A000173010;www.generalibsc.it
A000173034;www.agenzie.generali.it/darfoboariotermemanifattura
A000173065;www.granierisas.it
A000173309;https://agenzia.cattolica.it/villasanta
A000173369;www.saranovara.it
A000173424;https://agenzie.axa.it/codogno1111
A000173548;www.agenziazurich.it/VA504
A000173728;https://www.agenziecattolica.generali.it/beneventopietronenni
A000173760;https://www.agenzie.generali.it/altamuraverdi
A000173760;https://www.facebook.com/AgGeneraliAltamuraVerdi
A000173760;https://www.instagram.com/aggeneralialtamuraverdi/?igsh=bjIybDNteHp1czNr#
A000173760;https://www.linkedin.com/company/ag-generali-altamura-verdi
A000173937;www.assicurazioniassitre.it
A000173949;www.ageallianz.it/ischia4296/
A000174007;www.agenziazurich.it/pg503
A000174119;www.agenziazurich.it/nu501
A000174127;www.unipolsaicomovolta.it
A000174160;http://www.agenziecattolica.generali.it/ancona
A000174194;https://www.agenziazurich.it/cz002
A000174194;www.prosciassicurazioni.it
A000174242;www.exxtraitalia.com
A000178827;https://sabiagroup.it/
A000178827;https://www.agenziecattolica.generali.it/seregno
A000178833;www.agenzievittoria.com/napolivomero
A000178848;www.grupposottile.it
A000178884;www.dmgassicurazioni.it
A000178903;www.unipolsaiadria.it
A000178907;www.agenzievittoria.com/castelnuovocilento
A000179142;WWW.ENNETIASS.COM
A000179160;www.milanomoscova.it
A000179174;https://www.ageallianz.it/trieste30012/
A000179174;https://www.agenziabin.it/
A000179217;HTTPS://WWW.FACEBOOK.COM/AGENZIAGENERALISEGRATEMODIGLIANI/
A000179217;WWW.LINKEDIN.COM/COMPANY/AG-GENERALI-SEGRATE-MODIGLIANI/
A000179217;www.agenzie.generali.it/segratemodigliani
A000179333;www.ageallianz.it/ascolipiceno580000/
A000179333;www.lanciottiassicurazioni.it
A000179351;www.assiboni.com
A000179459;www.ageallianz.it/alcamo913000
A000179481;HTTPS://WWW.AGEALLIANZ.IT/ALTAMURA3801000/
A000179606;https://it.linkedin.com/company/leonardoassicurazioni
A000179606;https://www.facebook.com/leonardoassicurazioni/
A000179606;https://www.instagram.com/leonardoassicurazioni/
A000179606;https://www.youtube.com/channel/UCAODjbHRugc8SX7NdH0rsnQ
A000179606;www.leonardoassicurazioni.com
A000179606;www.leonardoassicurazioni.it
A000179689;www.agenzievittoria.com/milanobrenta
A000179754;www.agenzievittoria.com/veronanord
A000179755;www.facebook.com/vittoriaassicurazionigenovasampierdarena
A000179756;www.agenzievittoria.com
A000179779;WWW.ASSIPOST.IT
A000179794;www.assicurazionilaterza.it
A000179815;HTTPS://AGENZIE.AXA.IT/SEREGNO1319
A000179815;WWW.BRIANZAASSICURAZIONI.IT
A000179817;www.trevisoassicura.it
A000179826;https://www.facebook.com/share/1GJ6vcm3XN/
A000179964;https://agenzie.italiana.it/agenzia61I/Pages/R_Overview.aspx
A000180001;//WWW.PALERMOROSARIOSRL.IT
A000180099;HTTPS://WWW.FACEBOOK.COM/AGGENERALIVERCELLIPIAZZAPAJETTA
A000180099;HTTPS://WWW.INSTAGRAM.COM/GENERALI_VERCELLIPIAZZAPAJETTA/
A000180099;HTTPS://WWW.LINKEDIN.COM/COMPANY/AGENZIA-GENERALI-INA-ASSITALIA-VERCELLI
A000180099;https://www.agenzie.generali.it/vercellipiazzapajetta
A000180154;https://agenzie.italiana.it/agenzia61I/Pages/R_Overview.aspx
A000180218;www.generalirovato.it
A000180578;https://bistolfiassicurazioni.it/
A000180578;https://www.arag.it/portal/tutela-legale-ols-famiglia/-/ols/f4421754-7733-4fb5-83cc-5f781a60b05d
A000180652;www.pezzoliassicurazioni.it
A000180696;www.mercalliassicurazioni.it
A000180794;https://agenzia.cattolica.it/modica/it
A000180849;WWW.AGENZIASSICURAZIONI.IT
A000180893;https://www.agenzie.generali.it/maglievittorioemanuele
A000180904;https://sciarraassicurazioni.com/
A000180973;WWW.MORETTOASSICURAZIONI.IT
A000180983;https://vaccaroaquilam-agenziaunipol.it
A000181043;www.morettoassicurazioni.it
A000181102;https://agenzia.cattolica.it/albenga
A000181153;www.paninsurance.it
A000181225;www.agenzievittoria.com/romaostia
A000181320;www.assicurazionimule.it
A000181343;agenziecattolica.generali.it/NONANTOLA
A000181569;https://agenzie.italiana.it/agenzie?codAgenzia=EBI
A000181569;www.assitema.com
A000181600;www.agenzievittoria.com/botticino/
A000181622;www.agenziacapelli.com
A000181770;www.novara.aci.it
A000181800;HTTPS://WWW.LINKEDIN.COM/IN/GIAMMARCOMANFREGOLA
A000181800;HTTPS://WWW.LINKEDIN.COM/IN/MARIATERESAMIRANDA
A000181800;HTTPS://WWW.LINKEDIN.COM/IN/SARA-NAPOLILLO
A000181800;https://INSTAGRAM.COM/DEGASSICURAZIONI
A000181800;https://WWW.instagram.com/CESKA81
A000181800;https://WWW.instagram.com/IBRAMAST11
A000181800;https://WWW.instagram.com/PAOLOMSANFILIPPO
A000181800;https://WWW.instagram.com/RAFFA_PICONE
A000181800;https://WWW.instagram.com/STEFANIASPINA73
A000181800;https://assicurazionieinvestimenti.eu
A000181800;https://facebook.com/annamaria.balsamo1
A000181800;https://facebook.com/ivan.buonasorte
A000181800;https://instagram.com/MONICA_FOSCHINI
A000181800;https://instagram.com/ROSSELLA.GOMES
A000181800;https://instagram.com/annamaria.balsamo
A000181800;https://instagram.com/antonio_carito
A000181800;https://instagram.com/dora.damaso
A000181800;https://instagram.com/tomasclenk
A000181800;https://linkedin.com/in/GIUSEPPE.LIGUORI
A000181800;https://linkedin.com/in/GIUSYIANNACCONE
A000181800;https://linkedin.com/in/PASQUALEFIORDELLISI
A000181800;https://linkedin.com/in/TIZIANAGUARINOCONSULENTE
A000181800;https://linkedin.com/in/degassicurazioni
A000181800;https://linkedin.com/in/paolo-maria-sanfilippo-5626051b
A000181800;https://linkedin.com/in/raffaellapicone
A000181800;https://linkedin.com/in/valentinacolantuoni
A000181800;https://www.agenzie.generali.it/avellinoitalia
A000181800;https://www.facebook.com/ANGELO.MACCARIO1
A000181800;https://www.facebook.com/BENEDETTA.MARINO.33
A000181800;https://www.facebook.com/FRANCESCA.NIGRO.790
A000181800;https://www.facebook.com/GEPPINO.GENOVESE
A000181800;https://www.facebook.com/GIOVANNI.TADDEO.399
A000181800;https://www.facebook.com/GIUSEPPE.LIGUORI.581
A000181800;https://www.facebook.com/GIUSY.IANNACCONE
A000181800;https://www.facebook.com/INAASSITALIA.ARIANO
A000181800;https://www.facebook.com/MARIA.L.COPPOLA.1
A000181800;https://www.facebook.com/NICO.IZZO.50
A000181800;https://www.facebook.com/PAOLO.SANFILIPPO.52
A000181800;https://www.facebook.com/PASQUALE.FIORDELLISI
A000181800;https://www.facebook.com/PROFILE.PHP?ID=100008781517509
A000181800;https://www.facebook.com/PROFILE.PHP?ID=100078909817058
A000181800;https://www.facebook.com/RAFFAELLA.PICONE
A000181800;https://www.facebook.com/ROSSELLA.GOMES
A000181800;https://www.facebook.com/SARA.NAPOLILLO
A000181800;https://www.facebook.com/SHARE/15NECYBGG7/
A000181800;https://www.facebook.com/SHARE/15UAEY1HR5
A000181800;https://www.facebook.com/SHARE/19FG1BVSIM/
A000181800;https://www.facebook.com/SHARE/1C5F7JJPWB
A000181800;https://www.facebook.com/SHARE/1EQYuZCBs2
A000181800;https://www.facebook.com/SHARE/1FUY1BKZUN
A000181800;https://www.facebook.com/SHARE/1PDTPHGXYS/
A000181800;https://www.facebook.com/SIMONE.GRASSIA
A000181800;https://www.facebook.com/alberto.castronuovo
A000181800;https://www.facebook.com/antonio.carito.5
A000181800;https://www.facebook.com/dorina.damaso
A000181800;https://www.facebook.com/profile.php?id=100005063506046
A000181800;https://www.facebook.com/share/16g2nscYKa
A000181800;https://www.facebook.com/tommaso.chieffo.14
A000181800;https://www.facebook.com/valentina.colantuoni
A000181800;https://www.instagram.com/coach_gabriella_riccio
A000181800;https://www.instagram.com/ivan_buo
A000181800;https://www.linkedin.com/in/francescanigro81
A000181800;https://www.linkedin.com/in/gabriellaricciocoach
A000181898;www.ageallianz.it/ranica387000/
A000182032;assicurazionicomo.com
A000182032;assicurazionicomo.it
A000182032;comoassicura.com
A000182032;unipolcomo.com
A000182032;www.comoassicura.it
A000182032;www.rivauto.it
A000182184;www.cascavillaintermediazioni.it
A000182209;WWW.MPASRL.COM
A000182209;www.groupama.it/trova-agente/napoli/agenzia-napoli-n00173
A000182378;www.ageallianz.it/peschieraborromeo664000/
A000182521;GIOVACCHINIASSICURAZIONI.IT
A000182570;www.agenziazurich.it/mi552
A000182663;www.cascavillaintermediazioni.it
A000182683;https://agenzie.realemutua.it/agenzie/agenziamagenta
A000182707;www.maffezzoni.com
A000182740;www.agenzievittoria.com/taranto
A000182753;https://www.agenzievittoria.com/siena/
A000182882; HTTPS://WWW.LINKEDIN.COM/COMPANY/AGENZIAGENERALEMONZA
A000182882;HTTPS://WWW.FACEBOOK.COM/AGGENERALIMONZALARGOXXVAPRILE
A000182882;HTTPS://WWW.INSTAGRAM.COM/AGGENERALIMONZALARGOXXVAPRILE/
A000182882;https://agenziageneralemonza.it/
A000182882;https://www.agenzie.generali.it/monzalargoxxvaprile
A000182882;https://www.facebook.com/subagenziamonzaspecchio
A000182882;https://www.instagram.com/agrate_albanese_infinity/
A000182882;https://www.instagram.com/biuso_dvm_bollate/ 
A000182882;https://www.instagram.com/brotto_dvm_sestosg/
A000182882;https://www.instagram.com/dirita_dvm_monza/
A000182882;https://www.instagram.com/dvm_bernareggio_grigis/ 
A000182882;https://www.instagram.com/dvm_cusano_santandrea/
A000182882;https://www.instagram.com/dvm_falsaperla_cinisello/
A000182882;https://www.instagram.com/dvm_padernodugnano_altieri/
A000182882;https://www.instagram.com/futura_altomare_rho/ 
A000182882;https://www.instagram.com/futura_fiumarelli_rho/ 
A000182882;https://www.instagram.com/futura_galimberti_rho/ 
A000182882;https://www.instagram.com/futura_labanca_rho/
A000182882;https://www.instagram.com/futura_mantovani_bresso/
A000182882;https://www.instagram.com/futura_prandini_bresso/ 
A000182882;https://www.instagram.com/generali_biassono/
A000182882;https://www.instagram.com/infinity_arcore_cucumazzo/
A000182882;https://www.instagram.com/infinity_colombo_agratebrianza/
A000182882;https://www.instagram.com/infinity_proietto_agrate/
A000182882;https://www.instagram.com/infinity_vimercate_villa/
A000182882;https://www.instagram.com/lamanna_brugherio_dvm/ 
A000182882;https://www.instagram.com/limbiate_patteri_infinity/
A000182882;https://www.instagram.com/panico_dvm_cantu/
A000182882;https://www.instagram.com/rusconi_dvm_sestosangiovanni/
A000182882;https://www.instagram.com/subagenzia_monza_specchio/
A000182882;https://www.instagram.com/subagenzia_rho_qyrana/
A000182882;https://www.instagram.com/villella_dvm_sestosangiovanni/
A000182882;https://www.linkedin.com/company/agenzia-generale-di-monza-l-go-xxv-aprile-cusano-milanino-mi/
A000183223;www.gmassicurazioni.it
A000183250;WWW.UNIPOLSAIRIETI.IT
A000183277;https://instagram.com/sandro_falcone_?igsh=eXRodWc3YjhrYzNv&utm_source=qr
A000183277;https://www.facebook.com/AgGeneraliAlessandriaViaVentiquattroMaggio
A000183277;https://www.facebook.com/share/194Rc6ARs7/?mibextid=wwXIfr
A000183277;https://www.instagram.com/generalialessandriaxxivmaggio/
A000183277;https://www.linkedin.com/company/77840628/admin/dashboard/
A000183277;https://www.tiktok.com/_@ag.generali.alessandria
A000183277;https://www.tiktok.com/_@sandro.falcone5?_r=1&_t=ZN-92Qii3jOKxC
A000183297;https://www.groupama.it/trova-agente/vicenza/agenzia-schio-000485
A000183417;www.agenziazurich.it/mi545
A000183429;www.assicurazionigallina.it
A000183429;www.assigallina.it
A000183454;www.avima.it
A000183510;http://www.agenzie.generali.it/MILANOSANTAMARIADELLEGRAZIE/
A000183619;www.linguassicura.it
A000183646;https://agenzie.realemutua.it/agenzie/agenziapordenone
A000183652;agenzie.realemutua.it/agenzie/agenziaudine/
A000183652;www.realemutuaudine.it
A000183674;www.agenzie.generali.it/cavadetirreni
A000183686;www.draghi-galesso.com
A000183686;www.galessopartners.com
A000183686;www.saccadagolf.com
A000183686;www.tiassicuri.com
A000183686;www.tiassicuri.it
A000183686;www.tituteli.it
A000183722;www.agenzie.generali.it/suzzara
A000183725;agenzie.realemutua.it/agenzie/agenziaudine/
A000183725;www.realemutuaudine.it
A000183727;agenzie.realemutua.it/agenzie/agenziaudine/
A000183727;www.realemutuaudine.it
A000183848;colli-assicurazioni.it
A000183881;www.agenzie.generali.it/parma
A000183881;www.agenzie.generali.it/parma/chi-siamo
A000183885;guglielmoassicurazioni.com
A000183900;https://agenzia.cattolica.it/udine/
A000183974;www.agenzie.generali.it/sienaviafrajese
A000183974;www.generalisienaviafrajese.it
A000183974;www.inaassitaliasiena.it
A000184017;HTTPS://WWW.DICA-ASSICURAZIONI.IT/
A000184020;https://agenzia.cattolica.it/cesanomadernomatteotti
A000184020;https://www.facebook.com/cattolicaagenziacesanomadernomatteotti
A000184020;https://www.facebook.com/profile.php?id=100064370341303
A000184182;www.agenziazurich.it/ce001
A000184182;www.masuccieduva.it
A000184237;https://www.assicurazionipedersoli.it/
A000184453;https://agenzia.cattolica.it/albenga
A000184473;www.unipolsaimonreale.it
A000184505;www.assiplusassicurazioni.it
A000184622;www.agenzie.generali.it/ischiasogliuzzo
A000184700;www.aroundeasy.com
A000184700;www.assicurazioneviaggio.online
A000184700;www.assicurazionihotel.it
A000184700;www.businesstravelassicurazioni.it
A000184700;www.paffer.it
A000184700;www.paffer.it/foreign/
A000184702;www.allrisks.it
A000184703;www.agenzievittoria.com/romalanciani/
A000184705;www.agenzie.generali.it/sangiovannivaldarno
A000185310;www.agenzie.generali.it/albengaviavenezia/
A000185314;www.agenzie.generali.it/orbetello
A000185327;www.innestiassicurazioni.it
A000185329;www.miglioreassicurazione.eu
A000185362;www.agenzie.generali.it/massalombarda
A000185505;www.sartoassicurazioni.it
A000185555;HTTPS://AGENZIE.AXA.IT/CREMONA1108
A000185555;WWW.AGENZIE.AXA.IT
A000185555;www.assicurazionizabi.it
A000185588;https://agenzie.realemutua.it/agenzia809/Pages/R_Overview.aspx
A000185671;https://agenzie.italiana.it/agenzie?codAgenzia=EBT
A000185671;www.ageallianz.it/bologna50005
A000185723;https://www.ageallianz.it/gorizia333000/_2.it
A000185781;https://www.agenzievittoria.com/treviglio/
A000186152;www.agenzie.generali.it/abanoterme
A000186174;https://agenzia.cattolica.it/bergamosantalessandro
A000186198;https://www.agenzie.generali.it/mantovaviamario
A000186228;www.agenziassicurazioni.it
A000186228;www.altainvest.it
A000186228;www.assicurazionetrieste.com
A000186228;www.assicurazionetrieste.it
A000186228;www.assicurazioni.ts.it
A000186228;www.garanziabuonaesecuzione.it
A000186228;www.protezionecrediticommerciali.it
A000186499;www.cgassicurazioni.it
A000186655;www.assicurazioniconsensus.it
A000186657;www.orlandoassicurazioni.it
A000186700;www.ageallianz.it/monopoli4811000/
A000186798;www.agenzie.generali.it/sanlazzarodisavena
A000186914;www.agenziazurich.it/rm005
A000186915;www.agenziazurich.it/rm005
A000187004;www.agenzie.generali.it/campisalentina
A000187117;www.assibotto.it
A000187119;WWW.ASSIBORGOASSICURAZIONI.IT
A000187123;www.marveggioassicurazioni.com
A000187127;https://www.ageallianz.it/thiene308000/
A000187127;www.ageallianz.it/thiene308000/
A000187130;www.gcaassicurazioni.it
A000187135;https://www.borghiassicurazioni.it/
A000187164;www.ageallianz.it/mantova64
A000187167;https://www.ageallianz.it/viareggio130/
A000187173;www.agenzievittoria.com/francavillaalmare
A000187173;www.facebook.com/VittoriaAssicurazioniFrancavilla
A000187173;www.fuscoedemonte.it
A000187173;www.instagram.com/vittoriaassicurazionifrancavil
A000187186;www.ageallianz.it/sassuolo4428000
A000187245;https://www.ageallianz.it/guidoniamontecelio596/
A000187260;www.assidoctor.it
A000187266;www.agenzie.generali.it/cuneo
A000187267;www.agenzie.generali.it/cuneo
A000187296;www.brusori.com
A000187372;www.agenzievittoria.com/fidenzaberenini
A000187401;www.gadenzassicurazioni.it
A000187511;www.arag.it/portal/famiglia/-/prodotto/9ed3726a-f1d4-4dd7-ba1e-6a2d0a20799c
A000187511;www.arag.it/portal/tutela-legale-ols-famiglia/-/ols/525e7118-b08a-408d-b640-726e249455aa
A000187526;www.agenzie.generali.it/massarosa
A000187631;www.assirose.it
A000187721;www.assicurazionibelluno.com
A000187721;www.assicurazionibelluno.it
A000187724;www.agenziazurich.it/bg010
A000187775;www.acinorevassicurazioni.it
A000187778;www.ageallianz.it/catania962000/
A000187779;www.soffiettiassicura.it
A000187804;HTTPS://ASSIGEST360.IT/
A000187809;www.formatassicurazioni.it
A000187824;www.ageallianz.it/oderzo925/
A000187824;www.roratoassicurazioni.it
A000187830;www.assikarim.it
A000187881;www.gruppo-piu.it
A000188166;www.agenzie.generali.it/bracciano
A000188566;WWW.ASSIR.IT
A000189238;https://www.agenziazurich.it/te503
A000190124;www.previmed.it
A000190135;www.ageallianz.it/tricesimo379
A000190197;www.salmeri.it
A000190561;WWW.SANTONIASSICURAZIONI.IT
A000190581;https://agenzia.cattolica.it/trepuzzi
A000190771;www.assisind.it
A000190902;www.atnsrl.com
A000190914;www.agenzie.generali.it/abanoterme
A000190925;www.agenzie.generali.it/abanoterme
A000191082;WWW.ASSIGIOTTO.IT
A000191155;www.ageallianz.it/rivoli3179000
A000192179;www.assicooper.com
A000192582;www.agenziecattolica.generali.it/agrigentoscime
A000192582;www.capagrigento.com
A000193479;www.gruppomelis.com
A000193627;WWW.LELASSICURAZIONI.COM
A000194544;www.ferrariegerini.it
A000194584;WWW.GRUPPOPOLIDORI.COM
A000194671;www.agenzie.generali.it/macerata
A000194674;https://agenzie.realemutua.it/agenzie/agenziatriestecentro
A000194802;www.monacoassicurazioni.it
A000196468;www.agenziazurich.it/vi510
A000196468;www.assiteam60.it
A000196979;www.ipagency.it
A000197215;www.arag.it/portal/tutela-legale-ols-famiglia/-/ols/8e29fa62-9d21-4f3a-ac45-fd8e3a614ac6
A000197215;www.bellunoassicurazioni.it
A000197338;www.agenzie.generali.it/milanosempione75
A000197616;www.ageallianz.it/modena74/
A000197638;WWW.AGENZIE.GENERALI.IT/VELLETRI
A000197658;www.euroconsultingbg.it
A000197658;www.euroconsultingintermediazioni.it
A000198508;WWW.ASSICURAZIONIVITERBO.IT
A000198659;www.agenzie.generali.it/castanoprimo
A000198659;www.facebook.com/AgGeneraliCastanoPrimo
A000198659;www.generali.it/?agenzia=castanoprimo
A000200008;www.assicura.si
A000200306;http://thomasresenterra.altervista.org/index2.html
A000200405;HTTPS://WWW.AGEALLIANZ.IT/SANDONADIPIAVE104/
A000201443;www.monacoassicurazioni.it
A000202919;www.plurimaxsrl.it
A000202965;https://agenzia.cattolica.it/pordenone
A000202965;www.absassicurazioni.it
A000203407;www.agenzievittoria.com/giussano/agenzia/giussano/
A000204718;www.olivaconsultingagropoli.it
A000205095;WWW.FACEBOOK.COM/AGGENERALILIVORNOVIACAIROLI
A000205095;WWW.INSTAGRAM.COM/AGGENERALILIVORNOVIACAIROLI/
A000205095;WWW.LINKEDIN.COM/COMPANY/AGENZIAGENERALILIVORNO-VIACAIROLI/?VIEWASMEMBER=TRUE
A000205095;www.agenzie.generali.it/livornoviacairoli
A000205118;http://www.agenziazurich.it/PD503/default.aspx
A000205303;www.ageallianz.it/foggia633/
A000205313;www.ageallianz.it/legnano251000
A000205480;www.lionello.srl
A000205535;www.agenziazurich.it/bg003
A000205535;www.agenziazurich.it/bg501
A000205668;www.agenzie.generali.it/pratovialedellarepubblica276
A000217668;www.agenziazurich.it/to517
A000217778;HTTPS://WWW.FACEBOOK.COM/AGGENERALILODIVIALEMILANO?LOCALE=IT_IT
A000217778;HTTPS://WWW.INSTAGRAM.COM/GENERALILODI_VIALEMILANO/
A000217778;HTTPS://WWW.LINKEDIN.COM/COMPANY/90884019/ADMIN/DASHBOARD/
A000217778;www.generalilodi.it
A000217910;https://www.agenziecattolica.generali.it/cremona
A000217937;www.marandoassicurazioni.it
A000218007;www.assibotto.it
A000218010;https://www.agenzie.generali.it/alessandriacorsoroma
A000218010;www.agenzie.generali.it/alessandriacorsoroma
A000218391;www.stradiottoassicura.it
A000218473;www.savaresi.it
A000218726;https://assicurar-si.it/
A000223715;https://www.titoliassicurazioni.it/t/
A000223715;www.facebook.com/people/Assicurazioni-Titoli-SAS/100063781315024
A000223743;www.tgassicurazioni.it
A000223751;www.agenzie.generali.it/pesaroadriatica
A000223810;WWW.VERSILIA-ASSICURAZIONI.IT
A000223845;www.arag.it/portal/circolazione-nucleo/-/prodotto/d7d0651b-0333-460a-a5f4-7a135f2c7243_5.IT
A000223845;www.groupama.it/trova-agente/verona/agenzia-villa-bartolomea-l-000l83#mauticform_wrapper_formpaginaagenzia_6.IT
A000224146;HTTPS://SANTICCHIAETONUCCI.IT
A000224555;https://hdiassicurazionitreviso.business.site/
A000224555;https://www.facebook.com/hdiassicurazionitreviso
A000224555;https://www.facebook.com/hdiassicurazioniudine/
A000224566;www.soluzioniassicurativepriscilla.it
A000224673;https://www.vbfagenti.com/
A000224709;https://centroitaliaassicura.it
A000229520;www.agenzie.generali.it/susegana 
A000229520;www.agenzie.generali.it/tolentinoviadellaconcordia 
A000229520;www.agenziecattolica.generali.it/cividaledelfriuli 
A000229854;WWW.VEASS.IT
A000231391;https://www.mediasolutionsonline.it/
A000231661;www.agenzie.generali.it/romapapirio
A000231667;www.sainichelino.it
A000231672;https://www.agenziazurich.it/mi063
A000231683;https://agenzie.realemutua.it/agenzia137/Pages/R_Overview.aspx
A000231736;www.agenziazurich.it/si002
A000231740;www.cadereassicurazioni.com
A000231758;www.agenzie.generali.it/fidenza
A000231893;https://agenzie.realemutua.it/agenzie/agenziacodigoro
A000231954;www.bertonassicurazioni.com
A000231955;www.allassiservice.com
A000232125;HTTPS://WWW.FACEBOOK.COM/BUCCHIONISTUDIO/
A000232125;www.bucchioniassicurazioni.it
A000232784;www.agenziaromaaurelia.it
A000232784;www.agenzie.generali.it/romaaurelia
A000234014;https://assicurazioni3c.it
A000234545;www.bmpass.it
A000234661;https://www.agenziecattolica.generali.it/tioneditrento
A000234681;https://assicap.it
A000234681;https://www.agenziecattolica.generali.it/trevisocastagnole
A000236597;www.ageallianz.it/piacenza494/
A000239077;www.agenzie.generali.it/borgosesia
A000239591;www.agenzie.generali.it/VITTORIA
A000241876;HTTPS://WWW.AGENZIECATTOLICA.GENERALI.IT/MANDURIA
A000242031;https://agenzie.realemutua.it/agenzia316/Pages/R_Overview.aspx
A000242031;www.realemutuaconegliano.it
A000242314;www.agenzie.generali.it/rubano
A000242892;WWW.STARTASSICURAZIONI.IT
A000243125;HTTPS://IT.LINKEDIN.COM/COMPANY/ASSI-B-UNDERWRITING-SRL
A000243125;HTTPS://WWW.FACEBOOK.COM/PEOPLE/ASSI-B-UNDERWRITING-SRL/100046685291951/?LOCALE=IT_IT
A000243125;HTTPS://WWW.INSTAGRAM.COM/ASSIB_UNDERWRITING/
A000243125;www.assib.it
A000243470;www.assicurazionimonopoli.it
A000243611;www.agenzievittoria.com/opera/
A000245076;https://finasassicurazioni.it/
A000245250;www.agenzie.generali.it/bolzanopiazzamazzini
A000245250;www.trentaduesnc.it
A000245314;www.nuovasavona2000.com
A000245341;www.agenziazurich.it/fi502
A000245679;https://www.agenzie.generali.it/veronaviaroma
A000245809;HTTPS://WWW.AGENZIAZURICH.IT/RM094#
A000245809;HTTPS://WWW.AGENZIECATTOLICA.GENERALI.IT/ROMAPORTAPIA
A000245809;https://www.polizza30giornimedici.it/
A000245809;www.aimuw.it
A000245986;WWW.AGENZIE.AXA.IT/GHEDI999
A000246412;www.vegaconsultingservice.it
A000246460;WWW.ASSI3.IT
A000247386;www.accmarchesi.it
A000247795;https://www.agenziazurich.it/sa505
A000250082;WWW.ASSIFLAVIA.IT
A000250481;www.codega-assicurazioni.it
A000251781;www.assiborgo.com
A000251841;www.agenzievittoria.com/alassioalbenga
A000252010;www.ageallianz.it/cantu3232000/
A000252025;HTTPS://WWW.FACEBOOK.COM/GRUPPOTODAY/
A000252025;HTTPS://WWW.INSTAGRAM.COM/GRUPPO_TODAY/
A000252025;HTTPS://WWW.LINKEDIN.COM/COMPANY/14843411
A000252025;www.agenziazurich.it/rm082
A000252025;www.gruppotoday.com
A000252220;www.agenzievittoria.com/varedo/
A000252257;www.agenzie.generali.it/assisi
A000252257;www.facebook.com/aggeneraliassisi
A000252257;www.instagram.com/ag_generali_assisi
A000252512;https://facebook.com/AgGeneraliSassuolo
A000252512;https://www.agenzie.generali.it/sassuolo
A000252512;https://www.instagram.com/aggeneralisassuolo?igsh=MWg3dWQ3cGsyZ2wycA==
A000252512;https://www.linkedin.com/company/ag-generali-sassuolo/
A000257443;https://www.facebook.com/share/19A697ysgP/?mibextid=wwXIfr
A000257443;https://www.instagram.com/salituro_assicurazioni?igsh=aWV4OWYwc2RvNDR0&utm_source=qr
A000258701;www.agenziacarisma.it
A000258701;www.agenziazurich.it/sa007
A000258791;WWW.NOBISAUTOMOTIVE.IT
A000258814;https://www.assinord.it/
A000259683;www.ageallianz.it/ragusa708/
A000260721;www.ageallianz.it/reggioemilia6110
A000260721;www.poncemiassicurazioni.it
A000260736;www.ageallianz.it/torino212
A000261216;www.mtrassicurazioni.it
A000261730;www.gruppoassipoint.it
A000261806;WWW.ASSIGES.COM
A000261806;WWW.ASSIGES.IT
A000261897;www.valvano.it
A000262144;www.agenzie.generali.it/sezze
A000262890;https://agenzie.axa.it/pisa4704
A000263276;www.dicolaassicurazioni.com
A000264328;www.agenzievittoria.com/policoro
A000264797;www.ageallianz.it/taranto428/
A000264887;www.agenzievittoria.com/certaldo/
A000264925;www.bencan.it
A000265015;https://www.assicurazionialbaferroni.it/
A000265148;WWW.dogmisrl.it
A000265176;www.assieme2008.it
A000266097;www.agenzie.generali.it/bologna
A000266142;https://www.agenzie.generali.it/pontederapiazzanildeiotti
A000266608;www.agenzie.generali.it/castelmaggiore
A000266625;www.ageallianz.it/darfoboarioterme3401
A000267078;https://www.agenzie.generali.it/cesenapiave
A000268006;WWW.AGENZIAZURICH.IT/AR503
A000268724;http://www.agenziapadana.it/
A000268811;www.atutela.it
A000268823;www.agenzie.generali.it/livornomarilia
A000268831;www.agenzia.generali.it/pescia
A000268916;https://www.agenzie.generali.it/ovadacairoli
A000269531;www.agenziazurich.it/cr004
A000269566;http://www.contievannini.it/
A000269566;https://www.agenziazurich.it/fi007
A000269842; https://www.itasassicurazionicodogno.it/
A000269848;www.agenzie.generali.it/alessandriaverdi
A000269900;AGENZIE.GENERALI.IT/VIBOVALENTIAVIALEPROTETTI
A000269900;FACEBOOK.COM/AGGENERALIVIBOVALENTIAVIALEPROTETTI
A000271444;www.agenzie.generali.it/viterbonagni
A000271741;www.melfiassicurazioni.it
A000273001;WWW.OPITERGIUMASSICURAZIONI.IT
A000273005;www.planetassicurazioni.it
A000273263;www.ammiratiassicuratori.it/
A000273277;www.agenzie.generali.it/giulianovavianazariosauro
A000273298;HTTPS://WWW.ASSIEMESOLUZIONIASSICURATIVE.IT/
A000273303;www.ageallianz.it/milano10003/
A000273319;www.agenzie.generali.it/thiene
A000273643;HTTPS://WWW.FACEBOOK.COM/SHARE/18ZPRNO2DK/?MIBEXTID=WWXIFR
A000273643;HTTPS://WWW.INSTAGRAM.COM/GENERALILASPEZIAPIAZZABEVERINI?IGSH=MTVVB20YM2JXZXR1MG==
A000273643;WWW.LINKEDIN.COM/IN/AGENZIA-GENERALI-PIAZZA-BEVERINI-608879291
A000273643;www.agenzie.generali.it/laspeziapiazzabeverini
A000275267;https://www.agenziecattolica.generali.it/CATANZARODEFILIPPIS
A000275429;www.agenziazurich.it/BS518
A000275522;www.assicurazionisaglietto.it
A000275522;www.facebook.com/AssicurazioniSagliettoImperia/
A000275522;www.instagram.com/assicurazionisaglietto/
A000275829;WWW.NBASSICURAZIONI.COM
A000276081;WWW.AGENZIE.GENERALI.IT/ASTI
A000276560;HTTPS://UNIPOLSAIVERONA.NET/
A000276647;www.agenzie.generali.it/peschieradelgarda
A000276895; https://www.instagram.com/aggeneralicrema_montepieta?igsh=Y3VwamUzeTlyaG1k
A000276895;https://www.agenzie.generali.it/cremapalazzomontedipieta
A000276895;https://www.facebook.com/share/14ERxz8T8LJ/
A000277343;www.martoriassicurazioni.it
A000277658;www.agenzie.generali.it/savona
A000278710;www.ageallianz.it/fidenza3405000/
A000278813;www.elledierre.com
A000278852;https://agenzie.realemutua.it/agenzie/agenziafoggiacavour
A000278852;https://www.facebook.com/realemutua.foggiacavour/
A000278852;www.manciniassicura.it
A000279176;multisistema.it
A000279176;unipolsaipistoia.it
A000279183;https://www.ageallianz.it/otranto5495/
A000279217;HTTPS://AGENZIAFIRENZEEST.IT/
A000279227;www.facebook.com/assimondo
A000279227;www.instagram.com/assimondo_assicurazioni
A000279227;www.linkedin.com/company/assimondo/
A000279457;WWW.CSASSICURATORI.IT
A000279522;https://agenzie.realemutua.it/agenzie/agenziamanerbio
A000279770;www.ageallianz.it/gallarate211000/
A000279770;www.assigall.it
A000280504;www.agenzie.generali.it/genovasantigiacomoefilippo
A000280504;www.polettipierluigiassicurazioni.it
A000280571;https://agenzie.realemutua.it/agenzie/agenzianapoliflegrea
A000281254;www.facebook.com/vignola2226.Ricchiserviziassicurativi/
A000281587;www.quadrifoglio.srl
A000282662;https://agenzie.axa.it/bassanodelgrappa2500
A000282908;HTTPS://WWW.FACEBOOK.COM/ASSICURAZIONILOREGGIAN
A000282908;HTTPS://WWW.INSTAGRAM.COM/ASSICURAZIONI.LOREGGIAN/
A000282987;www.agenzie.generali.it/rende
A000283120;https://www.facebook.com/Paccagnellasas
A000283120;www.instagram.com/paccagnellasas/
A000283120;www.paccagnellaassicurazioni.it
A000283194;www.agenziazurich.it/RM069
A000283855;www.agenziazurich.it/lu501
A000283855;www.arag.it/portal/tutela-legale-ols-famiglia/-/ols/37209b7f-840c-4555-8d5d-8597ae641d54
A000283855;www.arag.it/tutela-legale-ols-cp/de0c4b82-f38d-4cc4-a949-a261acdac163
A000283855;www.iasrl.com
A000283891;www.agenzie.generali.it/bibbiena
A000283895;WWW.REGGIOASSICURA.NET
A000284429;www.cogeass.it
A000284529;WWW.ASSIPIEMME.IT
A000284529;www.ageallianz.it/vicenza300/
A000284687;www.ageallianz.it/magenta215000
A000284881;www.ageallianz.it/sanbonifacio369000/
A000284882;https://www.ageallianz.it/lugo409/
A000284882;https://www.facebook.com/cricca.consulenze?locale=it_IT
A000284882;https://www.instagram.com/cricca_consulenze/
A000286107;agenziasai1085-agenziaunipol.it
A000286791;www.manzoniassicuratori.it
A000286792; https://www.assimedia.net
A000287304;www.invernizziassicurazioni.com
A000287841;www.agenziazurich.it/si003
A000287841;www.facebook.com/Agenzia-Zurich-Siena-Securitas-snc-di-Trisciani-e-Bonucci-1127584533995586
A000287959;www.ageallianz.it/milano10114/
A000287959;www.milanocentrale.biz
A000288755;www.agenzievittoria.com/bresciadalmazia/
A000289008;WWW.CREDITSOLUTIONSRL.IT
A000289538;www.realevalledaosta.it
A000290260;www.assistudioassicurazioni.com
A000290602;www.triassassicurazioni.it
A000291132;www.antonucciweb.com
A000291198;https://www.agenzieunipolsai.it/39083.html
A000291265;www.a3spa.it
A000293595;WWW.Coletti1905.IT
A000293595;www.facebook.com/Coletti1905/
A000293722;www.quasarconsulting.net
A000294038;www.creditpartnersrl.it
A000294315;www.agenzie.generali.it/corridonia
A000294355;www.saitorinonord.it
A000294360;www.ageallianz.it/marsala714/
A000294723;www.giallobluassicurazioni.it
A000294784;https://www.dugheraassicurazioni.com
A000294841;www.agenzie.generali.it/verolanuova
A000295439;WWW.SIMPLYMORE.IT
A000297125;www.ageallianz.it/belluno783000/
A000297616;https://www.ageallianz.it/arzignano356000
A000297616;https://www.facebook.com/profile.php?id=61569173640116
A000298352;www.agenzie.generali.it/romaportapia
A000298444;WWW.BSA-ASSICURAZIONI.IT
A000298553;www.ageallianz.it/salerno730000/
A000298553;www.facebook.com/Rossin1954
A000298553;www.rossin1954.it
A000298553;www.rossin1954.wixsite.com/home
A000298557;marioparrilli.it
A000298557;marioparrillisrl.it
A000298557;www.ageallianz.it/salerno735000/
A000298753;www.agenzievittoria.com/milanocittastudi
A000298779;https://www.facebook.com/CostenaroAssicurazioniSrl/
A000298779;https://www.instagram.com/costenaroassicurazioni/
A000298779;https://www.linkedin.com/company/costenaro-assicurazioni
A000298779;www.costenaroassicurazioni.it
A000298873;https://agenzie.realemutua.it/agenzie/agenziaverbaniaossola
A000298873;www.realevco.it
A000298876;HTTPS://WWW.AGEALLIANZ.IT/FOGGIA700/
A000298916;https://www.agenzie.generali.it/osimo
A000299327;www.ageallianz.it/rosa847000/
A000300877;https://www.assicurazionibasso.net/
A000300885;https://prontass.it/
A000300886;HTTPS://IT.LINKEDIN.COM/COMPANY/ASSI-ONE-SRL
A000300886;HTTPS://WWW.FACEBOOK.COM/P/ASSI-ONE-SRL-AGENZIA-ZURICH-MILANO-100077405483839/
A000300886;HTTPS://WWW.INSTAGRAM.COM/ASSIONEZURICH?IGSH=MNZPNZVHYWDIOXN6
A000300886;www.agenziazurich.it/mi067
A000301681;HTTPS://WWW.AGENZIE.GENERALI.IT/PORDENONEDANTE
A000301681;HTTPS://WWW.FACEBOOK.COM/AGGENERALIPORDENONEDANTE
A000301681;HTTPS://WWW.INSTAGRAM.COM/AGGENERALIPORDENONEDANTE
A000301681;HTTPS://WWW.LINKEDIN.COM/COMPANY/AGGENERALIPORDENONEDANTE
A000302051;https://www.agenziazurich.it/ud503
A000302600;www.bresciassicura.it
A000304719;https://www.ageallianz.it/treviso312/
A000304808;https://agenzie.axa.it/zevio2481
A000304808;https://www.facebook.com/agenzia.sonato/
A000304808;https://www.facebook.com/axazevio/
A000305325;http://sanremoassicurazioni.it
A000305510;https://www.agenziecattolica.generali.it/sanmarinotini
A000305625;www.iasrl.com
A000305952;www.ageallianz.it/milano7092/
A000306618;AFFITTOBREVEFACILE.IT
A000306618;CATASTROFALEOBBLIGATORIO.IT
A000306618;HTTPS://WWW.FACEBOOK.COM/MARNIGAASSICURAZIONI/
A000306618;HTTPS://WWW.INSTAGRAM.COM/MARNIGAASSICURAZIONI/
A000306618;https://www.arag.it/portal/cp-light/-/prodotto/20f95bf4-5954-482a-b74f-d16336aed51b
A000306618;https://www.arag.it/portal/tutela-legale-ols-famiglia/-/ols/51c4a1f4-9277-4c63-bc60-8e52e25148fc
A000306618;marnigaassicurazioni.com
A000306618;marnigaassicurazioni.it
A000306618;www.arag.it/portal/cp-light/-/prodotto/20f95bf4-5954-482a-b74f-d16336aed51b
A000306618;www.arag.it/portal/tutela-legale-ols-famiglia/-/ols/51c4a1f4-9277-4c63-bc60-8e52e25148fc
A000306618;www.marniga.it
A000306624;https://www.agenzievittoria.com/palermo/
A000306648;mirkobrunelli.it
A000306721;HTTPS://WWW.AGENZIE.GENERALI.IT/PESCARAADRIATICANORD/
A000306886;www.politoassicurazioni.it
A000306939;https://www.instagram.com/palo_cirell_/?utm_source=ig_web_button_share_sheet
A000307205;www.agenzievittoria.com/romacipro
A000307573;HTTPS://WWW.AGENZIE.GENERALI.IT/AGROPOLISANMARCO
A000307625;WWW.ALMERIGHIASSICURAZIONI.IT
A000307685;www.agenziazurich.it/mo501
A000307876;agenzie.axa.it/GALLARATE1635
A000307876;www.ageallianz.it/gallarate259000
A000307876;www.mia-srl.it
A000308093;www.magherini-assicurazioni.it
A000308168;www.agenzie.generali.it/romacorsotrieste
A000309091;HTTPS://WWW.AGENZIEVITTORIA.COM/LAVELLORUTA/
A000309892;www.agenzie.generali.it/desenzanodelgarda
A000309899;https://agenzia.cattolica.it/magentaviamilano
A000309932;WWW.INSIEMESICURI.IT
A000310197;www.agenzie.generali.it/pavia
A000310438;www.raiffeisen.it/it/val-badia
A000310606;www.asiaweb.it
A000310947;https://agenzie.realemutua.it/agenzia676/Pages/R_Overview.aspx
A000311720;https://www.aaeaaconsulting.it/
A000311806;https://www.agenzie.generali.it/parmaviasidoli
A000311921;www.agenzievittoria.com/potenza
A000311922;www.donfrancescoassicurazioni.it
A000312014;https://michassicurazioni.com/
A000312016;www.alfuturoserviziassicurativi.it
A000312048;WWW.AGENZIE-ASAT.IT
A000312280;https://www.agenzie.generali.it/manerbio
A000312707;HTTPS://WWW.FACEBOOK.COM/AGGENERALISIRMIONE
A000312707;HTTPS://WWW.INSTAGRAM.COM/AG_GENERALI_SIRMIONE/
A000312707;WWW.LINKEDIN.COM/IN/AG-GENERALI-SIRMIONE-4792A61B8
A000312707;www.agenzie.generali.it/sirmione
A000312707;www.assilago.it
A000312734;www.agenzie.generali.it/enna
A000312780;www.generali.pavia.it
A000314152;WWW.LNDELIGUORI.IT
A000314360;www.ageallianz.it/monterotondo718000
A000314445;https://www.agenziazurich.it/bi004
A000314445;www.gilardino.net
A000314446;www.agenziazurich.it/bi001
A000314697;www.agenzie.generali.it/fermocampiglione
A000314781;HTTPS://AGENZIE.AXA.IT/COLLEGNO577
A000314846;www.pretisrl.it
A000314906;www.fredass.it
A000315997;www.facebook.com/PreviraAssicurazioni
A000315997;www.instagram.com/previra_assicurazioni/
A000315997;www.linkedin.com/company/previra-assicurazioni/
A000315997;www.previrassicurazioni.it
A000316000;https://www.ageallianz.it/roma5804/
A000316796;https://agenzia.cattolica.it/cremadegasperi/it/agenzia
A000316796;https://www.facebook.com/cattolicaagenziacremadegasperi/
A000316916;https://www.agenzie.generali.it/caratebrianza
A000316959;www.assipiave.it
A000317124;https://agenzie.realemutua.it/agenzia898/Pages/R_Overview.aspx
A000317125;www.sianassicura.com
A000317150;https://agenzia.cattolica.it/campobasso/it
A000317264;www.ageallianz.it/borgosesia123000/
A000317488;www.agenzievittoria.com/bordighera
A000317569;www.agenzie.generali.it/orvieto
A000317594;www.agenzie.generali.it/torinoviavaldellatorre
A000317603;https://livigno.wsi-at-pro.wfxsvc.com/livigno
A000317603;https://www.enablia.eu/
A000317841;WWW.VISENTINIASSICURAZIONI.IT
A000318316;www.agenzievittoria.com/torinomatteotti/
A000318516;www.agenzievittoria.com/nordmilano/
A000318687;www.ageallianz.it/villacarcina196
A000319874;www.smassicura.it
A000319978;https://www.agenziazurich.it/cr501
A000319978;https://www.arag.it/portal/tutela-legale-ols-famiglia/-/ols/8e967364-1a15-417b-a9e2-7e8901308bb3
A000319978;https://www.facebook.com/MicheliniPaoloZurich/
A000319978;www.assinnovation.it
A000320423;www.agenziazurich.it/li004
A000320423;www.facebook.com/fastassicura
A000320423;www.fastassicura.it
A000320738;www.assicurazionemantova.it
A000320738;www.assicurazionimantova.it
A000322302;www.ageallianz.it/napoli780000
A000322369;AMONI.IT
A000322604;https://www.realecirie.it
A000322702;www.realemutua.it/agenziamestre
A000322863;https://www.agenzie.generali.it/romascipioni
A000322863;https://www.facebook.com/AgGeneraliRomaScipioni
A000322869;www.fratellistanziano.it
A000323015;www.donatovinci.it
A000323288;www.aeaassicurazioni.it
A000323454;https://agenzie.realemutua.it/agenzie/agenziasavona
A000323949;https://agenzie.realemutua.it/agenzie/agenziaromafontenuova
A000324157;https://www.agenzie.generali.it/faenzamatteotti
A000326190;www.agenzie.generali.it/follonica
A000326775;WA.ME/3467570526
A000326775;WWW.AGENZIE.GENERALI.IT/SONDRIOGARIBALDI
A000326775;WWW.ASSICURAZIONISCHENA.IT
A000326775;WWW.FACEBOOK.COM/GENERALISONDRIOGARIBALDI
A000326775;WWW.INSTAGRAM.COM/GENERALISONDRIOGARIBALDI
A000326775;WWW.LINKEDIN.COM/COMPANY/GENERALI-SONDRIO-GARIBALDI-SCHENA1936
A000326775;WWW.YOUTUBE.COM/CHANNEL/UCLLM3RHHASDAYMWMJ7VB22G/FEATURE
A000326801;mattioliassicurazioni.it
A000327100;https://www.facebook.com/NovaIntermedia
A000327100;www.novaintermedia.it
A000327242;www.agenzievittoria.com/Luccasanmarco
A000327277;https://agenzia.cattolica.it/sanmartinoincampo/it
A000327720;www.vittoriaassicurazionialtinolancianovasto.it
A000329069;www.ageallianz.it/catanzaro4862000/
A000329069;www.agenziazurich.it/agenzie/catanzaro
A000329069;www.agenziazurich.it/cz005
A000329069;www.lerassicurazioni.it
A000329070;www.agenzie.generali.it/casertagmbosco
A000329279;www.agenzievittoria.com/barberinotavarnelle
A000329612;https://www.agenziazurich.it/rc003
A000329612;www.francoassicurazioni.it
A000329754;https://www.sanordest.com/
A000329771;www.agenzie.generali.it/figlinevaldarno
A000329837;www.agenzie.generali.it/monfalcone
A000329845;www.faillaemoncada.it
A000329860;https://www.agenziecattolica.generali.it/firenze
A000329863;www.agenzievittoria.com/vigonza
A000330305;www.futuraserviziassicurativi.it
A000330482;https://previdea.it/
A000330591;https://www.agenzie.generali.it/morcianodiromagna
A000330648;https://agenzie.realemutua.it/agenzie/agenzialeccesud
A000331319;www.rafanelliassicurazioni.it
A000331602;www.agenzie.generali.it/firenzebuonvicini
A000331634;WWW.ASSICURAZIONI-RIMINI.IT
A000331634;https://agenzie.italiana.it/agenzie/agenziariminiassicura
A000331634;www.riminiassicura.it
A000331726;https://www.instagram.com/unideaassicurazioni/
A000331726;https://www.linkedin.com/company/unidea-assicurazioni
A000331726;https://www.linkedin.com/company/unidea-assicurazioni-firenze
A000331726;https://www.unideassicurazioni.it/
A000331732;https://www.agenziecattolica.generali.it/CORIANO
A000331989;www.agenzie.generali.it/figlinevaldarno
A000332291;https://www.ageallianz.it/brescia517000/
A000332291;https://www.facebook.com/allianz.bs.cristallo
A000332291;https://www.google.com/search?q=Allianz+-+Agenzia+Brescia+Cristallo+s.a.s.+di+Cortese+Giorgio+%26+c.
A000332291;https://www.linkedin.com/company/11235236
A000332541;www.blarassicurazioni.it
A000334050;https://www.facebook.com/profile.php?id=100090415519741
A000334050;https://www.instagram.com/hdiassicurazionimogliano/
A000334428;www.finanzaeprevidenza.eu
A000335119;WWW.AGENZIE.GENERALI.IT/PALERMOGRATTACIELO
A000335119;WWW.FACEBOOK.COM/AGGENERALIPALERMOGRATTACIELO/
A000335119;WWW.FILIPPONEASSICURAZIONI.IT
A000335119;WWW.INSTAGRAM.COM/FILIPPONEASSICURAZIONI/
A000335479;https://www.agenziecattolica.generali.it/cuneokennedy
A000335506;www.fzassicurazioni.it
A000335601;www.agenzievittoria.com/valmadrera
A000335656;www.overform.it
A000335657;www.agenzie.generali.it/pievedisoligo
A000335657;www.eufrosini.com
A000335715;https://www.agenziecattolica.generali.it/lecco
A000335836;www.agenzievittoria.com/arona
A000336115;https://www.ageallianz.it/cairomontenotte168000/
A000336115;www.facebook.com/profile.php?id=100035141756258
A000338481;https://sviluppoassicurativo.it/
A000338969;WWW.INTERAS.IT
A000339213;www.ageallianz.it/frosinone543/
A000339213;www.allianzfrosinone543.it
A000339213;www.piusoluzioni.net
A000339463;https://www.agenzievittoria.com/inzago/
A000339711;www.agenzie.generali.it/cataniaeuropa
A000339712;www.agenzia.cataniacorsosicilia71.it@generali.com
A000339899;www.agenzie.generali.it/laquila
A000340593;www.agenzievittoria.com/ancona
A000340744;www.belluscioassicurazioni.com
A000340922;www.csasrlassicurazioni.it
A000342382;www.globalcreditmanagement.it
A000343783;www.agenzie.generali.it/AOSTA/
A000343924;www.centroserviziassicurativi.com
A000344337;https://www.arag.it/portal/tutela-legale-ols-famiglia/-/ols/fe7a5ab7-69bb-4796-9309-b8f89b3e2b3c
A000344860;www.agenzie.generali.it/milanocadorna
A000344951;www.agenzie.generali.it/pescaracorsovittorioemanueleii310
A000344969;https://www.facebook.com/VittoriaAssicurazioniCuneoEuropa
A000345019;https://www.facebook.com/tidudal1978
A000345019;https://www.tidudal1978.it
A000345059;www.agenziazurich.it/mo001/
A000345470;www.agenzie.generali.it/riminiflaminia
A000345887;www.agenzie.generali.it/genovaalbaro
A000347521;www.agenzie.generali.it/milanolorenteggio
A000347659;www.agenzie.generali.it/firenzedeimille
A000347667;www.agenzie.generali.it/nettuno
A000348311;www.assinomentano.it
A000350075;https://www.agenziecattolica.generali.it/borgovalsugana
A000350189;https://agenzia.cattolica.it/bassanodelgrappatre
A000350423;www.agenzie.axa.it/ferrara3400
A000350435;HTTPS://WWW.LINKEDIN.COM/COMPANY/77853782/ADMIN/DASHBOARD/
A000350435;HTTPS://WWW.YOUTUBE.COM/@QUBOINSURANCESOLUTIONS2633
A000350435;www.qubo-italia.eu
A000350465;www.agenziazurich.it/mi509
A000350525;www.ageallianz.it/salo242000
A000350779;https://www.agenzievittoria.com/asti/
A000352068;https://www.ageallianz.it/bisceglie689/
A000353232;https://www.agenzie.generali.it/opera
A000353788;HTTPS://WWW.AGENZIE.GENERALI.IT/CARPIREMESINA
A000353788;HTTPS://WWW.FACEBOOK.COM/AGGENERALICARPIREMESINA
A000353788;WWW.GENERALICARPI.IT
A000353872;WWW.ASSISOLEIL.IT
A000353970;www.giulianiassicurazioni.it
A000354577;WWW.GRUPPOSERINT.IT
A000354577;www.assicuriamoiltuofuturo.com
A000354577;www.assicuriamoiltuofuturo.eu
A000354577;www.assicuriamoiltuofuturo.it
A000354577;www.serint.biz
A000354588;agenzie.generali.it/corato
A000354588;www.agenzie.generali.it/corato
A000354588;www.facebook.com/AgGeneraliCorato
A000354772;www.agenzie.generali.it/sanmartinodilupari
A000354781;https://agenzie.axa.it/crevalcore3300
A000356107;www.ageallianz.it/molfetta643
A000356170;www.agenzie.generali.it/chieri
A000356502;www.facebook.com/www.groupama.it
A000356606;www.kecosrl.it
A000357251;www.assicataniasrl.it
A000358439;https://hub3.it/
A000358696;www.agenzievittoria.com/cantuadua
A000359311;www.bcassicura.com
A000359311;www.bcassicura.it
A000360115;www.agenzie.generali.it/padovapedrocchi
A000360155;www.allrisksvenezia.it
A000360234;HTTPS://WWW.INSTAGRAM.COM/REALEMUTUA.AVIGLIANA/
A000360234;www.facebook.com/realemutuaavigliana
A000360234;www.pratiefasci.it
A000360234;www.realemutua.it/agenziaavigliana
A000360237;www.aliass.it
A000360420;www.agenzie.generali.it/reggioemiliaviagramsci
A000362182;www.tigeassicurazioni.it
A000362685;https://www.agenzialisa.com/
A000363334;www.ageallianz.it/gorgonzola250000/
A000363397;https://romitoassicurazioni.it/
A000363397;https://www.tuaassicurazioni.it/agenzie/monopoli-ba
A000363484;www.firenzerifredi.it
A000363520;www.unipolsaivco.com
A000363520;www.unipolsaivco.it
A000363520;www.unipolsaiverbania.com
A000363520;www.vcoconsulting.it
A000364546;HTTPS://WWW.FACEBOOK.COM/AGGENERALIMAGENTAVITTORIOVENETO
A000364546;HTTPS://WWW.INSTAGRAM.COM/AGGENERALIMAGENTAVITTORIOV
A000364546;www.agenzie.generali.it/magentavittorioveneto
A000365396;www.rudoniassicurazioni.it
A000365403;www.agenzievittoria.com/milanosempione
A000365405;www.sistema-consulting.it
A000365567;www.ageallianz.it/rosetodegliabruzzi572000/
A000365567;www.facebook.com/assicurazioniangelozzi/
A000365882;https://agenzie.realemutua.it/agenzie/agenziacaltanisettaturati
A000366666;AGENZIE.REALEMUTUA.IT/AGENZIE/AGENZIAROMAGIULIOCESARE
A000366689;https://www.defilippisassicurazioni.it
A000366712;bsassicurazioni.net
A000366721;WWW.ASSISERVICESRL.IT
A000366789;HTTPS://WWW.AGENZIECATTOLICA.GENERALI.IT/FIRENZESESTOFIORENTINO
A000367288;HTTPS://WWW.FACEBOOK.COM/SHARE/19RWMNKCDC/?MIBEXTID=WWXIFR
A000367288;HTTPS://WWW.LINKEDIN.COM/COMPANY/AGENZIA-GENERALE-NAPOLI-BERNINI/
A000367288;HTTPS://WWW.PULCRANOEVENTRIGLIAASSICURAZIONI.IT/
A000368147;www.droandi-agenziaunipol.it
A000368195;www.amadeusvita.com
A000368231;https://agenzie.axa.it/arezzo4116
A000369665;https://chiti-e-astarita-snc.webnode.it/
A000369885;www.agenzie.generali.it/romavialaspezia
A000371118;www.agenzievittoria.com/colognomonzese/
A000372443;www.ageallianz.it/latina758000
A000372647;unipolsairomatrastevere.it
A000373003;www.agenzievittoria.com/orbassano
A000373013;www.espertaassicurazioni.it
A000373053;www.realemutuavicenza.it
A000373313;www.rinalditeam.it
A000373471;www.agenzie.generali.it/gioiatauronazionale
A000375487;www.genovalasuperba.it
A000375568;https://altamoreefontani.it
A000375568;www.agenziazurich.it/fi003
A000375675;WWW.LAMORGIASSICURAZIONI.IT
A000375826;HTTPS://WWW.ASSIPOETA.IT
A000375923;www.agenzievittoria.com/fabriano
A000376994;www.masieroassicurazioni.it
A000377167;www.agenzie.generali.it/aversa
A000377722;www.agenzie.generali.it/castelnovonemonti
A000377765;www.agenzie.generali.it/mirandola
A000378441;www.agenzie.generali.it/CANICATTI
A000378556;www.grsas.it
A000378556;www.grsas.org
A000378561;VERGALLOASSICURAZIONI.IT
A000378639;https://agenzia.cattolica.it/calcinate
A000378639;https://www.facebook.com/cattolicaagenziacalcinate/
A000379930;WWW.AGASSICURAZIONI.IT
A000380029;www.agenzievittoria.com/portogaribaldicomacchio
A000380029;www.difesalegale.me
A000380369;www.sartoriassicurazioni.it
A000381141;HTTPS://WWW.AGENZIE.GENERALI.IT/ROMABRANCACCIO/
A000381141;HTTPS://WWW.FACEBOOK.COM/GENERALIROMABRANCACCIO/
A000381141;HTTPS://WWW.INSTAGRAM.COM/AGGENERALIROMABRANCACCIO/
A000382605;www.agenzie.generali.it/romatorvergata
A000382675;www.agenzievittoria.com/sanfermodellabattaglia
A000382675;www.assiperrotta.it
A000382680;WWW.MSGASSICURAZIONI.IT
A000382681;www.crcinterassi.it
A000383659;www.agenzie.generali.it/giulianovaadriatica
A000383806;https://www.agenzievittoria.com/messina
A000383806;https://www.agenzievittoria.com/santagatadimilitello
A000383806;https://www.laxassicurazioni.it
A000384258;https://agenzie.realemutua.it/agenzie/agenziacampobasso
A000384804;www.agenzie.generali.it/napolicorsomeridionale
A000385095;www.assicoop.it/emilianord/
A000385156;www.agenzievittoria.com/costavolpino
A000385342;www.marantoconsulting.it
A000385877;www.assicri.it
A000386073;https://agenzie.realemutua.it/agenzie/agenzialeccesud
A000387051;www.agenzie.generali.it/romaostiavialedellapineta
A000387051;www.agenzie.generali.it/viterbopalazzoriello
A000387051;www.mavigliaassicurazioni.it
A000387217;www.agenzie.generali.it/perugia
A000387236;www.ageallianz.it/padova5616/
A000387912;https://www.agenzievittoria.com/brindisi/
A000387912;https://www.nacciservice.it/
A000388617;www.agenzie.generali.it/frattamaggiore
A000388750;www.lpconsulenzeassicurative.com
A000388758;https://instagram.com/aggeneralisanseverominuziano?igshid=OGQ5ZDc2ODk2ZA==
A000388758;https://www.facebook.com/AgGeneraliSanSeveroMinuziano
A000388758;https://www.linkedin.com/company/ag-generali-san-severo-minuziano/
A000388758;www.agenzie.generali.it/sanseverominuziano
A000390490;https://www.agenzievittoria.com/forli/
A000391422;ASAMASSICURAZIONI.IT
A000391451;www.pertesicuro.com
A000391581;www.agenzievittoria.com/saluzzo
A000391581;www.vittoriaassicurazionisaluzzo.it
A000391800;www.bluinsurance.it
A000391838;https://www.agenzie.generali.it/pompei
A000392905;www.agenzie.generali.it/segrate
A000392938;WWW.SANZENOSERVIZI.IT
A000393168;HTTPS://WWW.FACEBOOK.COM/AGGENERALILECCOMANZONI
A000393168;HTTPS://WWW.INSTAGRAM.COM/AGGENERALI.LECCOMANZONI
A000393168;HTTPS://WWW.LINKEDIN.COM/COMPANY/AG-GENERALI-LECCO-MANZONI/MYCOMPANY
A000393168;WWW.AGENZIE.GENERALI.IT/LECCOMANZONI
A000393168;WWW.GENERALI.LECCO.IT
A000393217;WWW.TESORIERAASSICURAZIONI.IT
A000394645;www.agenzie.generali.it/braviavittone
A000394773;www.agenziazurich.it/tv001
A000394782;WWW.WEBIND.IT
A000394782;www.assicurazionedonazione.it
A000394782;www.hecamga.it
A000396583;www.agenzie.generali.it/fiuggi
A000396928;www.careislife.it
A000396928;www.facebook.com/profile.php?id=61576900059768
A000396928;www.instagram.com/careislife_official/
A000396928;www.linkedin.com/company/careislifesrl/
A000397012;www.assimark.it
A000397080;www.agenzie.generali.it/cirie
A000397080;www.facebook.com/AgGeneraliCirie
A000397757;https://www.facebook.com/benecerreto?locale=it_IT
A000398190;https://www.agenzievittoria.com/cardanoalcampostefani/
A000398437;WWW.RAIFFEISEN.IT/BRUNICO
A000398437;WWW.RAIFFEISEN.MY-NSURANCE.IT
A000399825;www.soluzioniassicurative.eu
A000400178;www.assicoop.it/romagnafutura
A000400241;https://agenzie.realemutua.it/agenzie/agenziasalernovelia
A000400241;https://www.giulianoassicurazioni.it/fenailp/
A000400436;www.cabriniassicurazioni.it
A000400752;www.ferrariassicurazioni.it
A000400783;https://agenziacaglipergola.it/
A000401004;www.assieurconsulting.it
A000401037;https://agenzia.cattolica.it/napoli
A000401037;www.link-ua.com
A000401115;https://www.ageallianz.it/terni504000/
A000401143;https://agenzie.realemutua.it/agenzie/agenziacapodorlando/overview
A000401163;www.ageallianz.it/orzinuovi145
A000401163;www.donatiassicura.it
A000401506;www.benagliapapagno.it
A000401625;www.generaliinsubria.it
A000401805;https://agenzie.italiana.it/agenzia160/Pages/R_Overview.aspx
A000401824;https://www.agenzie.generali.it/aprilia
A000401827;www.agenzie.generali.it/asolo
A000401833;www.agenzie.generali.it/tivoli
A000401849;WWW.UNIPOLPATERNO.IT
A000401849;www.assimonaco.com
A000401849;www.assimonaco.it
A000401906;https://creditosicuro.com
A000402972;www.agenzie.generali.it/romapariolibrunobuozzi
A000403174;https://agenzie.realemutua.it/agenzie/agenziaaltedimontecchio
A000403174;https://www.instagram.com/zerotre_assicurazioni
A000403174;www.zerotreassicurazioni.it
A000403257;www.carrozzagroup.com
A000403275;HTTPS://WWW.TUTELALEGALEMEDICA.IT
A000403275;https://agenzie.axa.it/ROMA5838
A000403276;www.agenziazurich.it/mi506
A000403276;www.trezziepartners.it
A000403790;https://www.facebook.com/profile.php?id=100088205888400
A000403797;https://agenzie.italiana.it/agenzie/agenziamilanowagner
A000403800;www.agenzie.generali.it/montecatinitermeviafoscolo8
A000403801;www.agenzievittoria.com/carbonia/
A000404423;www.scerriemattioli.net
A000405226;www.agenzie.italiana.it/agenzie/agenziaquartiassicurazioni
A000405349;www.agenziazurich.it/pz502
A000405349;www.assigamma.it
A000405350;https://saraassicurazionicantu.it/
A000405350;https://www.facebook.com/saraassicurazionicantu
A000405350;https://www.instagram.com/saraassicurazionicantu/
A000405350;https://www.linkedin.com/company/saraassicurazionicantu/
A000405645;https://agenzie.italiana.it/agenzie/agenziaromacolombo
A000407052;www.ageallianz.it/caratabrianza143/
A000407052;www.ageallianz.it/caratebrianza143/
A000407052;www.ageallianz.it/gazzaniga190/
A000407078;www.agenzie.generali.it/sanvitoaltagliamento
A000407357;www.agenzie.generali.it/morbegno
A000409063;www.bcassicurazioni.com
A000409068;https://www.agenziecattolica.generali.it/sangiovannirotondofoggia
A000409352;https://agenzie.realemutua.it/agenzie/agenziaguastalla
A000409495;HTTPS://WWW.FACEBOOK.COM/SHARE/1DGKKN7TQR/?MIBEXTID=WWXIFR
A000409495;HTTPS://WWW.INSTAGRAM.COM/REDI.INSURANCE?IGSH=NDIXANEYYJLWAJIY&UTM_SOURCE=QR
A000409562;www.cooperativainsieme.eu
A000409679;https://tiproteggo.com/
A000409679;www.tuamozzate.com
A000410077;https://aconsultingsrl.com/ns/
A000410077;https://www.agenziazurich.it/rm013
A000410077;https://www.das.it/cerca-agenzia/699b13dc-770d-4cc6-aab5-0319f022194e
A000410077;https://www.gruppoitas.it/it/supporto/agenzie/dettaglio-agenzie?codice=0244
A000411925;www.agenzie.generali.it/barilevante
A000412351;https://www.agenzievittoria.com/portello/
A000412892;www.scudoconsulenze.com
A000413408;WWW.ASSICURAZIONI118SARDEGNA.IT
A000413408;WWW.ASSICURAZIONICSA.IT
A000413408;WWW.CLARUSASSICURAZIONI.IT
A000413408;https://www.facebook.com/serviziassicurativisrl/
A000413408;https://www.instagram.com/clarus_servizi_ass.vi_srl/
A000413487;www.maddalenibrivitello.com
A000413573;www.agenzie.generali.it/binasco
A000413599;www.agenzievittoria.com/cattolica
A000415962;www.progettoromagna.it
A000416037;https://agenzie.realemutua.it/agenzie/agenziavolterra
A000416256;www.ageallianz.it/piacenza661/
A000416266;http://agenzia.cattolica.it/terni/it
A000416373;www.assicorsnc.it
A000416373;www.unipolsaicornaredo.it
A000416452;www.agenzie.generali.it/piovedisacco
A000418309;www.agenzie.generali.it/pozzuolipergolesi
A000418866;www.3assicurazioni.it
A000419112;www.sadinoassicurazioni.net
A000419288;www.agenziecattolica.generali.it/bresciacentro
A000419288;www.bezziassociati.it/
A000419288;www.facebook.com/bezziassociati/?locale=it_IT
A000419288;www.linkedin.com/company/bezzi-e-associati-s-r-l-/
A000419295;www.assicuriamosolutions.it
A000419349;HTTPS://WWW.AGENZIECATTOLICA.GENERALI.IT/PERUGIASANBARTOLOMEO
A000420789;www.agenzia131.it
A000421369;WWW.AGENZIE.GENERALI.IT/PESARO
A000421398;www.creditsolutionsrl.it
A000421413;https://www.agenzie.generali.it/vimercatemanin?agenzia=vimercatemanin
A000421413;www.realtointermedia.it
A000421459;www.agenzievittoria.com/cremonaduomo/
A000421527;https://facebook.com/AgGeneraliOrbassano
A000421527;https://www.agenzie.generali.it/orbassano
A000421527;https://www.instagram.com/agenziageneraliorbassano
A000421552;www.annicchiaricoassicurazioni.it
A000422589;www.assiemesoluzioniassicurative.it
A000423768;www.ibimga.it
A000423814;www.agenzievittoria.com/este
A000423814;www.facebook.com/vittoria.assicurazioni.este
A000424034;www.ifa-financialservice.it
A000424414;https://agenzie.realemutua.it/agenzie/agenziafaenza
A000424417;WWW.MARTINALLI.IT
A000426302;https://facebook.com/generaliarezzocalamandrei
A000426302;www.agenzie.generali.it/arezzocalamandrei
A000426481;www.agenzie.generali.it/chioggia
A000426481;www.m.facebook.com/AgenziaGeneraliChioggia
A000426500;WWW.PERUZZIBAIOCCHIASSICURAZIONI.COM
A000426500;WWW.PERUZZIBAIOCCHIASSICURAZIONI.IT
A000426500;www.generaliperugia.com
A000426562;www.agenzie.generali.it/udineventisettembre
A000426898;https://assiplusassicurazioni.it/
A000426905;www.agenzie.generali.it/olbiaviaroma/
A000426922;WWW.ASSIADRIATICA.IT
A000426928;www.agenziazurich.it/sv002
A000426928;www.zetassicura.it
A000426929;www.agenzie.generali.it/presezzoisola
A000427558;www.guidaprotetta.com
A000427572;www.scavoassicurazioni.it
A000427698;WWW.DAVIDEREGGIORI.COM
A000427758;www.unipolsaicaserta.it
A000428101;https://www.facebook.com/profile.php?id=61582225297490&sk=photos&locale=it_IT
A000428101;https://www.instagram.com/ag.generalimantovaarrivabene?igsh=MWRkaThwNHpybW40Zw==
A000428101;www.agenzie.generali.it/mantovaarrivabene
A000428132;HTTPS://ASSIT.IT
A000428208;www.trebassicurazioni.it
A000429116;https://agenzie.realemutua.it/agenzie/agenziacastelliromani
A000429181;www.areastrazzera.com
A000429181;www.facebook.com/assicurazionistrazzera/
A000429187;HTTPS://WWW.FACEBOOK.COM/AGGENERALICIRIEDORIA
A000429187;HTTPS://WWW.FACEBOOK.COM/PROXIMASERVIZIASSICURATIVI/
A000429187;HTTPS://WWW.INSTAGRAM.COM/PROXIMASERVIZIASSICURATIVI/
A000429187;HTTPS://WWW.TIKTOK.COM/@PROXIMA_AGENZIA
A000429187;https://www.linkedin.com/company/generali-italia-s-p-a-agenzia-ciriè-doria
A000429187;https://www.linkedin.com/company/proxima-servizi-assicurativi/posts/?feedView=all
A000429187;www.agenzie.generali.it/ciriedoria
A000429187;www.proximaserviziassicurativi.it
A000429200;www.furgiuele.it
A000429200;www.protezionecyber.it
A000429205;www.agenzie.generali.it/FOGGIACOLOMBO/
A000429205;www.agenzie.generali.it/foggiacolombo
A000430727;www.zassicura.it
A000430734;https://sciollaassicurazioni.it/
A000430842;https://agenzie.realemutua.it/agenzie/agenziaasti
A000430952;WWW.BASSETTIASSICURAZIONI.IT
A000431167;https://www.delbiancoassicurazioni.com
A000431199;www.agenziazurich.it/rm066
A000431253;https://www.facebook.com/aldomelisiassicurazioni
A000431256;www.assiveneta.it
A000431257;www.blueunderwriting.com
A000431258;www.snaservizi.it
A000431460;www.gramegnaeleandro.it
A000432769;www.ageallianz.it/palermo3270/
A000433269;ASSISERVIZI.COM
A000433390;https://agenzia.cattolica.it/bergamogalleria
A000433390;https://www.facebook.com/assichiarosrl
A000433841;www.soabo.it
A000433842;https://www.tllexperience.it
A000434070;www.agenzie.generali.it/viareggioaurelianord104
A000435261;www.agenzievittoria.com/rignanosullarno
A000435308;https://www.agenzie.generali.it/firenzepiazzastazione
A000435346;www.agenzie.generali.it/pisaviapascoli
A000435366;www.tanziassicurazioni.it
A000438028;HTTPS://IT.LINKEDIN.COM/COMPANY/AG-GENERALI-BRESCIA-CASTELLO
A000438028;HTTPS://WWW.AGENZIE.GENERALI.IT/BRESCIACASTELLO
A000438028;HTTPS://WWW.FACEBOOK.COM/AGGENERALIBRESCIACASTELLO/
A000438028;HTTPS://WWW.INSTAGRAM.COM/AGGENERALIBRESCIACASTELLO/
A000438106;https://www.agenzie.generali.it/nola
A000438106;www.agenzie.generali.it/nola
A000438143;www.emmepiassicurazioni.it
A000438285;www.agenzie.generali.it/Lecce
A000438357;www.agenzie.generali.it/salerno
A000438357;www.assicurazionisalerno.it
A000438463;https://www.agenzievittoria.com/seregno/
A000438463;https://www.arag.it/portal/tutela-legale-ols-famiglia/-/ols/0160294f-ffd1-454d-9c32-96d3ef4ebd79
A000438463;https://www.arag.it/tutela-legale-ols-cp/af4c76c3-047a-4dd5-89b6-d7da6c605dd8
A000438507;www.agenzievittoria.com/cataniadannunzio
A000438618;www.agenzie.generali.it/sandaniele
A000438667;www.agenzie.generali.it/giarre
A000438763;WWW.UNIPOLSAICATANIA.IT
A000438879;https://www.igroupsolution.net/it/inizio/
A000439242;www.agenzie.generali.it/sorrento
A000439477;www.agenzievittoria.com/albaadriatica
A000439677;www.agenzievittoria.com/vinovo
A000439710;https://instagram.com/zanella_soluzioni_assicurative?igshid=NTc4MTIwNjQ2YQ==
A000439710;https://m.facebook.com/ZanellaSoluzioniAssicurative/?refsrc=deprecated
A000439871;https://giannoneecappellini.it
A000439871;www.ageallianz.it/modena892000
A000441508;https://agenzie.axa.it/TREVISO2204
A000442050;https://agenzie.axa.it/BARI7118
A000442100;HTTPS://WWW.FACEBOOK.COM/SHARE/1H2MB9YFWS/?MIBEXTID=WWXIFR
A000442100;HTTPS://WWW.INSTAGRAM.COM/GENERALIERBACORSOXXVAPRILE50?IGSH=MWY3D2P6BGR5YXDPZW==
A000443608;www.fgaassicurazioni.it
A000443608;www.partnerassicurativi.it
A000443631;www.relya.it
A000443767;www.assibau.it
A000443767;www.assimiao.it
A000443767;www.latuacasaprotetta.it
A000443767;www.studiovincenti.it
A000443767;www.vincentiassicurazioni.it
A000443928;WWW.AGENZIEVITTORIA.COM/CIRIE
A000444621;www.tenero.it
A000444807;https://www.agenzie.generali.it/materaviadelcorso?prv=search
A000444877;https://guardalbenassicurazioni.it/
A000445010;www.agenzie.generali.it/Altamura
A000445012;https://www.abrconsulenzasnc.it/
A000445015;www.agenzievittoria.com/isernia
A000446043;www.argintermediazioni.it
A000446170;www.agenzie.generali.it/civitavecchia
A000446215;www.agenzie.generali.it/trino
A000446251;HTTPS://WWW.FACEBOOK.COM/SHARE/15T96N34GJ/?MIBEXTID=WWXIFR
A000446251;HTTPS://WWW.INSTAGRAM.COM/NICOLAOEPORCINI?IGSH=YZI4DGR5NHQYBWSY
A000446251;WWW.AGENZIE.GENERALI.IT/SALERNOSANTIMARTIRI
A000446305;www.agenzie.generali.it/cassino
A000446413;https://agenzie.realemutua.it/agenzia712/Pages/R_Overview.aspx
A000446458;https://www.agenzie.generali.it/parmapiazzalevittorioemanuele
A000446903;www.assistarsrl.it
A000446945;www.unipolsairomacolosseo.com
A000447213;www.agenzie.generali.it/seregno
A000447394;www.ageallianz.it/frosinone701000/
A000447394;www.eughenia.it
A000448710;www.agenzie.axa.it/fiorenzuoladarda3806
A000448710;www.facebook.com/profile.php?id=100041169945942
A000448942;www.unipolsaisettimotorinese.it
A000449648;https://agenzia.cattolica.it/tarantogrecia/it/agenzia
A000449690;www.dpiuassicurazioni.it
A000449755;https://agenzie.italiana.it/agenzie/agenziaromaiside
A000449856;www.agenzie.generali.it/lentini
A000449909;https://www.agenzie.generali.it/battipaglia
A000449976;https://agenzie.realemutua.it/agenzie/agenziachiari
A000449981;www.oggianu.com
A000449982;WWW.AGENZIAZURICH.IT/NA506
A000450005;https://www.agenzie.generali.it/napolichiaia
A000450050;www.agenzie.generali.it/viareggio
A000451585;www.tamborrinoassicurazioni.it
A000451640;WWW.SALAASSICURAZIONI.IT
A000451837;https://www.agenzie.generali.it/pistoiaviafermi44
A000451839;www.assidim.srl
A000451850;https://www.palermorosariosrl.it/
A000452045;https://www.agenziazurich.it/no502
A000452048;www.inprimeagency.it
A000452265;http://www.bagniass.it
A000452265;https://www.agenziazurich.it/fi501
A000452419;www.erreciassicurazioni.it
A000452420;www.agenzie.generali.it/albanolaziale
A000452436;http://www.allianz.pn.it
A000452436;http://www.allianz.ud.it
A000452436;http://www.allianz.ve.it
A000452436;https://www.facebook.com/Allianzspilimbergomugherli/
A000452436;https://www.facebook.com/allianzazzanodecimo/
A000452436;https://www.facebook.com/allianzmortegliano/
A000452436;https://www.facebook.com/allianzpordenone/
A000452436;https://www.facebook.com/allianzudine/
A000452436;https://www.facebook.com/profile.php?id=61573751740260
A000452436;https://www.linkedin.com/company/18019561/admin/dashboard/
A000452436;https://www.linkedin.com/in/michelamugherli/?originalSubdomain=it
A000452511;www.assicurazionilaterza.it
A000452617;www.fiscalettiassicurazioni.it
A000452994;www.allianz-sterzing.com
A000453120;https://agenzie.axa.it/grosseto4303
A000453157;https://www.agenzie.generali.it/jesipasquinelli
A000453281;www.alfaservice-assistance.com
A000454753;https://www.agenziecattolica.generali.it/pedemonte
A000454753;www.agenziacristanelli.com
A000455286;www.agenzie.generali.it/frosinone
A000455367;www.agenzie.generali.it/veronalessinia
A000455504;www.assicurazionecamperdorazio.it
A000455504;www.dorazioassicurazioni.it
A000456209;www.agenzievittoria.com/valdichiana
A000457248;www.assiteam71.it
A000457798;www.iblassicura.it
A000458231;WWW.TLSAS.IT
A000458907;HTTPS://WWW.AGENZIEVITTORIA.COM/NARDOBENEGIAMO/
A000458969;WWW.GAATSERVICE.IT
A000459671;WWW.ASSICURAZIONICHIANTIVALDELSA.IT
A000459717;WWW.BCCVENEZIAGIULIA.IT
A000459717;www.bccveneziagiulia.it
A000459897;www.unipolsaivelletri.com
A000460098;HTTPS://IT-IT.FACEBOOK.COM/AGGENERALICOMOVIACECILIO/
A000460098;HTTPS://WWW.INSTAGRAM.COM/AGGENERALICOMOVIACECILIO/
A000460098;HTTPS://WWW.LINKEDIN.COM/COMPANY/AG-GENERALI-COMO-VIA-CECILIO
A000460098;www.comoviacecilio.com
A000460410;www.agenzievittoria.com/granarolodellemilia
A000460509;www.agenzie.generali.it/codroipo
A000460535;www.barimediterraneo.it
A000461236;SICURACEPRANO.IT
A000461236;UNIPOLCASSINO.COM
A000461236;UNIPOLCASSINO.IT
A000461236;UNIPOLCEPRANO.IT
A000461236;UNIPOLFROSINONE.SHOP
A000461236;UNIPOLSAIALATRI.COM
A000461236;UNIPOLSAIALATRI.IT
A000461236;UNIPOLSAIANAGNI.COM
A000461236;UNIPOLSAIANAGNI.IT
A000461236;UNIPOLSAICASSINO.IT
A000461236;UNIPOLSAICECCANO.COM
A000461236;UNIPOLSAICEPRANO.COM
A000461236;UNIPOLSAICEPRANO.IT
A000461236;UNIPOLSORA.IT
A000461236;WWW.FACEBOOK.COM/UNIPOLSAIFROSINONE
A000461236;WWW.INSTAGRAM.COM/SICURAASSICURAZIONI
A000461236;WWW.LINKEDIN.COM/COMPANY/SICURA-ASSICURAZIONI
A000461236;sicuraassicurazioni.it
A000461236;sicuracassino.it
A000461236;uniassifin.com
A000461236;uniassifin.it
A000461236;unipolsaisora.com
A000461236;unipolsaisora.it
A000461624;www.startassicurazioni.it
A000461644;www.agenziazurich.it/bg505
A000462186;https://www.realesaluzzo.it/
A000462193;www.realeabbiategrasso.it
A000462198;www.agenzie.generali.it/moncalierisanmartino
A000462198;www.assicurazionimoncalieri.it
A000462228;www.agenzievittoria.com/comolago
A000462312;www.venetoassicurazioni.it
A000462336;WWW.COMOALIGHIERI.IT
A000462551;HTTPS://WWW.FACEBOOK.COM/SHARE/1F9FSSSFHY/?MIBEXTID=WWXIFR
A000462551;HTTPS://WWW.INSTAGRAM.COM/AGGENERALIRAGUSATEOCRITO?IGSH=MTI3YXY1CWLQAGRKYQ==
A000462551;HTTPS://WWW.LINKEDIN.COM/COMPANY/AG-GENERALI-RAGUSA-TEOCRITO/
A000462551;WWW.ELIGORAGUSA.IT
A000464619;www.assiconsultrivalta.it
A000464708;www.agenzie.generali.it/varese
A000464750;www.novaralaghi.com
A000464752;https://agenzie.realemutua.it/agenzia745
A000464752;https://www.colucciassicuratori.com/
A000464752;www.colucciassicura.it
A000464752;www.viassicuro.com
A000464752;www.viassicuro.it
A000464808;www.agenzie.generali.it/ovada
A000464809;https://agenzia.cattolica.it/salernotorretta
A000465232;www.assiligure.it
A000465451;https://www.assicir.it/
A000465510;www.ferrari-assicurazioni.it
A000466262;https://agenziaportavenezia.it
A000466262;www.agenziacozzoli.com
A000466519;www.agenzievittoria.com/bolognagiardinimargherita
A000468055;https://www.agenziecattolica.generali.it/viterboellera
A000468055;https://www.bruniassicura.it/
A000477157;www.agenzievittoria.com/trevisoovest
A000477157;www.assicurazionivolpato.it
A000477702;https://www.agenziecattolica.generali.it/ANDRIA
A000477802;https://www.onhc.it/on-health-insurance-agency
A000477952;www.assipluri.it
A000478217;https://nardiassicurazioni.it/
A000479455;www.agenzie.generali.it/montesilvano
A000479623;https://molaegazzaniga.it/
A000479623;https://www.agenziecattolica.generali.it/lodi
A000479790;https://agenziacavarretta.it/
A000479884;www.agenzie.generali.it/chieti
A000480066;https://www.ageallianz.it/viterbo785000/
A000480066;www.allianzviterbo.it
A000480257;www.sozioassicurazioni.it
A000480263;www.agenzie.generali.it/stradella
A000480288;https://www.agenzie.generali.it/cataniapiazzamichelangelo
A000481540;www.agenzievittoria.com/grugliasco/
A000482226;www.agenzie.generali.it/rivarolocanavese
A000482462;https://agenzie.axa.it/darfoboarioterme928
A000482499;www.assicurazionimoneta.it
A000482521;https://www.agenzievittoria.com/rivieradelbrenta/
A000484066;https://agenzie.realemutua.it/agenzie/agenziabrescia
A000484077;www.seveng.it
A000484094;www.zanettiassicurazioni.it
A000484099;www.assicurazionizara.it
A000484113;www.palmieriassicurazioni.it
A000484430;www.zacconiassicurazioni.it
A000484535;WWW.BERGAMI-INSURANCE.IT
A000484639;WWW.MAZZONIASSICURAZIONI.IT
A000485040;HTTPS://WWW.ARAG.IT/PORTAL/TUTELA-LEGALE-OLS-FAMIGLIA/-/OLS/4DA353EC-FDDD-4684-96EB-4C7046E2C165
A000485040;www.franchiniegaffuri.com
A000485151;www.agenzie.generali.it/rovigo
A000485461; HTTPS://WWW.TORINOSANTARITA.IT/
A000485461;https://viveresenzarischi.it
A000485461;https://www.agenzie.generali.it/torinosantarita
A000485462;www.agenziam3.it
A000485912;www.oneunderwriting.it
A000485931;www.zeviras.it
A000487433;https://agenzie.axa.it/parma3704
A000487441;www.bassanounipolsai.it
A000487515;www.fabbriassicurazioni.org
A000488913;www.assicurazioniunipolmaresca.com
A000489721;www.assicuritas.it
A000489733;www.agenzie.generali.it/napolitoledo106
A000490038;3gf.it
A000490038;3gfassicurazioni.it
A000490073;http://www.loffredoconsulting.it/
A000490139;www.galluzziassicurazioni.it
A000490366;https://www.agenziazurich.it/bs514
A000491173;www.agenzie.generali.it/noale
A000491179;www.agenzievittoria.com/cosenza
A000491179;www.facebook.com/vittoriaassicurazionicosenza
A000491425;www.agenzie.generali.it
A000491433;https://agenzie.realemutua.it/agenzia665/Pages/R_Overview.aspx
A000491455;www.agenzievittoria.com/fabro
A000492140;WWW.VALOREUNIPOL.IT
A000493075;www.agenzie.generali.it/cagliari
A000493188;https://piscozzoassicurazioni.it
A000493188;www.agenziazurich.it/bi003
A000493812;https://agenzie.axa.it/casalecchiodireno3330
A000493812;https://www.arag.it/portal/muoversi-in-liberta-campersereno/-/prodotto/992c98dd-76ab-4eca-8e20-a680717470f2
A000493812;www.campersereno.it
A000493821;www.agenzie.generali.it/cirie
A000493821;www.facebook.com/AgGeneraliCirie
A000494044;www.agenziazurich.it/en001
A000496097;www.agenzievittoria.com/chivasso
A000496164;www.assicurazionitraiano.it
A000496164;www.saitraiano.it
A000496164;www.traianoassicurazioni.it
A000496166;agenziazurich.it/vi512
A000496166;agenzie.axa.it/valdagno2518
A000496166;assicurazioniaeg.it
A000496182;https://agenzie.axa.it/SERIATE1322
A000497010; HTTPS://WWW.FACEBOOK.COM/AGGENERALIALBINOVIAROMA
A000497010;HTTPS://WWW.INSTAGRAM.COM/AGGENERALIALBINOVIAROMA
A000497010;HTTPS://WWW.LINKEDIN.COM/COMPANY/AG-ALBINO-VIA-ROMA
A000497010;www.agenzie.generali.it/albinoviaroma
A000497030;www.assicurazionisilli.com
A000497940;www.ageallianz.it/bressanone336000
A000497940;www.rottonara-debiasi.it
A000497997;www.agenzie.generali.it/sestofiorentino
A000498053;www.ageallianz.it/fasano649/
A000498377;www.riviassicurazioni.it
A000498394;https://www.raiffeisen.it/it/oltradige.html
A000498687;www.assicrosio.com
A000498752;www.svd.it
A000498836;www.agenzievittoria.com/pontremoli
A000499000;https://www.colombi-assicurazioni.com/
A000499023;www.agenzievittoria.com/valperga
A000499836;https://meassicura.com
A000499918;www.agenzie.generali.it/lovere
A000499932;www.agenzievittoria.com/sandonadipiave/
A000500592;https://agenzia.cattolica.it/brindisilecce
A000502793;https://www.agenziazurich.it/to020
A000502860;www.npassicura.it
A000502892;www.alps-in.com
A000503263;www.loredanacudrig.it
A000503287;https://agenzie.realemutua.it/agenzie/agenziareggioemilia
A000503287;www.realereggio.it
A000503623;https://www.arag.it/portal/cp-light/-/prodotto/7cdab6ee-5a32-4dff-becd-35dabe7ebe19
A000503623;https://www.arag.it/portal/tutela-legale-ols-famiglia/-/ols/7e0ed6bf-81b7-426e-a2df-f884bac21bb9
A000503623;www.begher.it
A000503630;https://agenzie.realemutua.it/agenzie/agenziabolzano
A000503975;https://www.facebook.com/barzaghiassicurazioni/
A000503975;www.studiobarzaghi.com
A000504335;https://www.gallioloconsulenti.com
A000504337;www.solyda.it
A000504439;www.agenzievittoria.com/osimo
A000504472;www.aegis-sas.it
A000504479;https://www.facebook.com/assicurazionihdithiene/?locale=it_IT
A000504486;WWW.CBASSICURA.IT
A000504499;www.unipollatina.it
A000504501;www.agenziazurich.it/mi078
A000504501;www.overseasinsurance.it
A000504501;www.psa-assicurazioni.it
A000505790;https://www.agenziazurich.it/bs522
A000506006;HTTPS://WWW.AGENZIECATTOLICA.GENERALI.IT/REGGIOEMILIASANBARTOLOMEO
A000506006;www.assicuramente.com
A000506313;www.segatoassicura.it
A000506314;http://agenzie.realemutua.it/agenzie/agenzianapolicentro
A000506320;https://agenzie.realemutua.it/agenzia814/Pages/R_Overview.aspx
A000506320;https://agenzie.realemutua.it/agenzie/agenziafoggiagiordano
A000506377;www.webassicura.com
A000506839;www.pessinasistemiassicurativi.it
A000507123;https://agenzie.italiana.it/agenzie/agenziadallavecchia
A000507123;https://www.arag.it/portal/tutela-legale-ols-famiglia/-/ols/2018055b-200a-4ced-8b20-8e9188aeaf43
A000507123;https://www.assivicenza.it/
A000508326;https://www.agenzievittoria.com/pescia/
A000508326;www.facebook.com/vittoriaassicurazionipescia
A000508373;www.facebook.com/geassicurazioni
A000508374;www.blasoniassicurazioni.it
A000508375;www.agenzie.generali.it/pavia
A000508804;www.ageallianz.it/roma551/
A000508804;www.agenziazurich.it/rm096
A000508930;WWW.NEBULONIASSICURAZIONI.IT
A000508930;https://www.facebook.com/AgGeneraliLegnanoGiolitti
A000508930;https://www.instagram.com/aggeneralilegnanogiolitti
A000508930;https://www.nebuloniassicurazioni.it/
A000509695;https://agenzie.axa.it/udinesud2828
A000509695;www.assigiffoni.it
A000509763;https://www.gaetanodibenedetto.it/
A000510000;HTTPS://WWW.SUNDAANDPARTNERS.COM
A000510009;www.codega-assicurazioni.it
A000510013;https://agenzie.axa.it/caronnopertusella1603
A000510013;https://www.arag.it/portal/tutela-legale-ols-famiglia/-/ols/235dfaad-f8f0-40a7-9cc6-bd5dd339f41a
A000510013;https://www.arag.it/tutela-legale-ols-cp/e7c26dd4-7178-4ed2-ac30-2e7020dad013
A000510015;www.mac-assicurazioni.it
A000510023;www.agenzievittoria.com/napoliduomo
A000510146;www.agenziazurich.it/pn001
A000511116;www.agenzie.generali.it/MILANOPARCOSOLARI
A000511472;www.agenzie.generali.it/lodivialeagnelli
A000511474;www.proconsulting.info
A000511477;WWW.GRUPPOSERINT.IT
A000511477;WWW.KINEDIS.COM
A000511489;WWW.GRADONEASSICURAZIONI.IT
A000511529;https://it.linkedin.com/company/assifruit-srl
A000511529;https://www.assifruit.it
A000511536;WWW.ZPASSICURAZIONI.IT
A000511660;https://casa.prima.it/
A000511660;https://www.facebook.com/prima.assicurazioni
A000511660;https://www.helloprima.com/
A000511660;https://www.instagram.com/prima_assicurazioni  
A000511660;https://www.linkedin.com/company/prima-assicurazioni
A000511660;www.prima.it
A000511989;www.menegonassicurazioni.com
A000512152;WWW.ASSIGENESI.COM
A000512167;www.agenzievittoria.com/osimo
A000512168;www.facebook.com/profile.php?id=100054447671735
A000513765;www.agenzie.generali.it/sessaaurunca
A000514281;https://www.assivr.it
A000514281;https://www.facebook.com/assivr
A000514281;https://www.instagram.com/assivr/
A000514281;https://www.linkedin.com/company/69216158/
A000516474;www.vimass-allianz.it
A000516501;www.assigar.it
A000516512;www.agenzie.generali.it/sandonadipiave
A000516522;www.agenzievittoria.com/veronacorsoportanuova
A000516642;www.agenzie.generali.it/vaiano
A000517031;WWW.TOPCONSULTINGBZ.COM
A000517041;www.kaleassicurazioni.it
A000517057;www.facebook.com/profile.php?id=100051582504523
A000517184;WWW.FACEBOOK.COM/SARAAREZZOARNO
A000517184;www.sara.it/agenzia?id=0805
A000517278;www.zostan.it
A000517402;https://www.csmguastella.it/
A000518667;HTTPS://FACEBOOK.COM/AGGENERALIROMATALENTI
A000518667;HTTPS://WWW.INSTAGRAM.COM/AGGENERALIROMATALENTI
A000518667;WWW.AGENZIE.GENERALI.IT/ROMATALENTI
A000518671;www.romitiassicurazioni.it
A000519044;HTTPS://ASSISTARTSNC.IT/
A000519079;www.topsrl.org
A000519080;www.ageallianz.it/portici624/
A000519090;www.casaringroup.it
A000519127;FACEBOOK.COM/2MLABLANGHIRANO
A000519127;FACEBOOK.COM/AGGENERALILANGHIRANO
A000519127;INSTAGRAM.COM/2MLAB.SOCIETABENEFIT
A000519127;INSTAGRAM.COM/AGGENERALILANGHIRANO
A000519127;LINKEDIN.COM/COMPANY/AGGENERALILANGHIRANO
A000519127;YOUTUBE.COM/@2MLAB-AGGENERALILANGHIRANO
A000519222;www.cauzioniecredito.it
A000519335;www.unipolsairivoli.it
A000520465;https://www.agenziazurich.it/to020
A000520704;HTTPS://AGENZIE.AXA.IT/MIRANDOLA3620
A000520950;www.arsassurbanking.com
A000522906;www.classerviceassicurazioni.it
A000522907;www.unipolsaicassino.com
A000522910;https://www.agenziazurich.it/to020
A000523749;www.unipolsaialte.it
A000524647;www.ferrarioassicurazioni.it
A000524801;https://instagram.com/duriavigconsulenzeassicurative?igshid=MzRlODBiNWFlZA==
A000524801;https://www.facebook.com/ConsulenzeVerthuy
A000524801;https://www.facebook.com/profile.php?id=100010357454719
A000526043;www.agenzie.generali.it/Sovico
A000526949;https://agenzie.italiana.it/agenzie?codAgenzia=EJW
A000527783;HTTP://WWW.SIRACUSANOSAI.IT
A000527791;www.agenzievittoria.com/cittadicastello
A000529862;www.agenzie.generali.it/piacenzagalleriasanfrancesco/
A000529863;www.agenziazurich.it/to028
A000529872;www.portfolio-italia.it
A000530013;www.riskmanagement24.it
A000530765;www.besana-assicurazioni.it
A000530835;https://www.agenzie.generali.it/bresciazima
A000530836;www.agenzie.generali.it/torinoviamariavittoria
A000530843;www.agenzie.generali.it/TORINOSOLFERINO
A000530847;https://agenzie.italiana.it/agenzie?codAgenzia=EJZ
A000530847;www.loveforlife.eu
A000530847;www.loveforlifeteam.info
A000530950;https://agenzie.realemutua.it/agenzie/agenziapisaduomo
A000530950;www.bettiniassicura.it
A000531178;HTTPS://AGENZIE.AXA.IT/GARLASCO1409
A000531196;WWW.PM-ASSICURAZIONI.COM
A000531196;www.pm-assicurazioni.it
A000531290;https://agenzie.italiana.it/agenzie?codAgenzia=295
A000531290;https://agenzie.realemutua.it/agenzie?codAgenzia=295
A000532011;HTTPS://AGENZIE.REALEMUTUA.IT/AGENZIE/AGENZIAFIORENZUOLA
A000532030;www.agenziazurich.it/fr504
A000532032;www.bancassicurazione.net
A000532032;www.ditadi.com
A000532032;www.leaderassicurazioni.it
A000532053;www.blueconsulting.it
A000532069;www.assinordverona.it
A000532394;WWW.BGGSRL.COM
A000532564;HTTPS://WWW.FACEBOOK.COM/SHARE/15WO1ECDKJ/?MIBEXTID=WWXIFR
A000532564;https://agenzie.realemutua.it/agenzie/agenziacollegno/overview
A000532659;https://agenzie.realemutua.it/agenzia103/Pages/R_Overview.aspx
A000532659;realealba.it
A000533200;https://agenzie.realemutua.it/agenzie/agenziamonza
A000533200;www.facebook.com/RealeMutuaMonzaBrianza/
A000533200;www.realemutuamonzabrianza.it
A000533577;HTTPS://WWW.INSTAGRAM.COM/CORONA.ASSICURAZIONI/
A000533730;https://agenzie.realemutua.it/agenzie/agenziaacquitermeovada
A000533730;www.realeacqui.it
A000533786;https://www.agenzie.generali.it/bolognamazzini
A000533905;www.assicurazionifusilliciavattella.it
A000533908;WWW.LIGURIACONSULTING.IT
A000534065;https://www.ageallianz.it/tioneditrento552000/
A000534065;www.ageallianz.it/tioneditrento552000/
A000534066;https://convenzioni.plussimple.com/
A000534066;https://italy.plussimple.com
A000534110;www.facebook.com/dep.patti/
A000534211;HTTPS://WWW.ASSICURAZIONIBOSCHETTI.IT
A000534212;www.agenziazurich.it/mi012
A000534212;www.quaglia.org
A000536101;https://www.agenzie.generali.it/angri
A000536132;WWW.UNIGROUP.SRL
A000536132;WWW.UNIGROUPASSICURAZIONI.IT
A000536198;https://www.agenzie.generali.it/veronaviaroma
A000536449;www.adargroup.it
A000536924;https://www.agenzievittoria.com/belluno/
A000536936;WWW.HOPERAPRIMA.IT
A000536946;www.unicanavese.com
A000536988;www.pesaroassicura.it
A000536998;SIRENEASSICURAZIONI.COM
A000536998;SIRENEASSICURAZIONI.IT
A000536998;https://www.facebook.com/share/16XUzaQpzF/?mibextid=wwXIfr
A000536998;https://www.instagram.com/sireneassicurazioni?igsh=MTl4bzA4MWpwMm02dA%3D%3D&utm_source=qr
A000537003;https://www.supertiassicurazioni.it
A000537007;https://www.arag.it/portal/tutela-legale-ols-famiglia/-/ols/a6557126-5f9f-4542-8997-afcb8e1fb2b5
A000537007;www.agenziazurich.it/vi507
A000537007;www.pesassicurazioni.it
A000537047;www.benelliconsulenti.it
A000537056;www.assipiovesan.it
A000537056;www.facebook.com/asolomontebelluna
A000537772;WWW.MF-ASSICURAZIONI.IT
A000538232;www.agenzie.generali.it/MONTICHIARI
A000538616;www.rmapartners.it
A000538619;www.assigolf.it
A000538620;www.migliucciassicurazioni.it
A000538624;WWW.BMIMARINEMGA.IT
A000538808;www.olivaconsultingagropoli.it
A000538860;HTTPS://AGENZIE.AXA.IT/PIEDIMONTEMATESE6782
A000539067;WWW.AGENZIEVITTORIA.COM/SANMARTINOBUONALBERGO
A000539287;https://www.agenzie.generali.it/leccealdomoro
A000539782;www.assicurazionipicchi.com
A000540881;www.agenzievittoria.com/parmasantacroce/
A000540882;www.assimaremma.it
A000540882;www.unipolsaigrosseto.it
A000541010;WWW.AGENZIE.GENERALI.IT/ROMANUOVOSALARIO/
A000541174;https://www.assicuraweb.net/
A000541236;www.botanicaassicurazioni.com
A000541373;https://agenzia.cattolica.it/latinasanmarco/it/home
A000541675;www.agenzie.generali.it/crotone
A000541690;WWW.ASSILUCENSE.IT
A000541702;https://assicurazionichiulli.it/
A000541702;https://www.agenzieunipolsai.it/39304.html
A000541916;http://www.parisassicurazioni.it/
A000541916;https://www.agenziazurich.it/bg504
A000541916;https://www.facebook.com/Zurich.PonteSanPietro/?locale=it_IT
A000541916;www.giordaniassicurazioni.it
A000541918;www.agenziaminesi.it
A000542486;underwriting.it
A000543387;www.bibbiocad.it
A000543539;WWW.GIROMASRL.IT
A000543563;www.blg70snc-agenziaunipol.it
A000545714;www.agenzievittoria.com/luino
A000546723;https://agenzia.cattolica.it/SCAFAPRIMOMAGGIO/it/home
A000546765;www.carusoassicurazioni.it
A000546850;https://www.facebook.com/castoldiassicurazioni/?locale=it_IT
A000546856;www.agenzie.generali.it/locri
A000547009;www.agenzie.generali.it/CASERTA
A000547013;www.valleseassicurazioni.it
A000547268;https://www.agenzie.generali.it/bustoarsiziopiazzatrentoetrieste
A000547268;www.ssgbusto.it
A000548125;https://disalvoedragone.it
A000548440;aspevi-vittoria.it
A000548440;www.rcamper.com
A000548496;www.agenziazurich.it/mi520
A000548635;HTTPS://AGENZIE.REALEMUTUA.IT/AGENZIE/AGENZIAFERRARA
A000548635;HTTPS://WWW.FACEBOOK.COM/PROFILE.PHP?ID=100095245191330
A000548635;HTTPS://WWW.FACEBOOK.COM/REALEMUTUAFERRARA/
A000548862;www.agenzie.generali.it/marcianise
A000549158;www.agenzievittoria.com/perginevalsugana/
A000549261;www.agenzie.generali.it/casertacarloiii
A000549261;www.gruppopalmesano.it
A000550740;www.agenzievittoria.com/carpi/
A000550798;www.gaglia.it
A000552341;HTTPS://WWW.AGENZIECATTOLICA.GENERALI.IT/TORINODEGASPERI
A000552341;https://www.instagram.com/assicrocetta?igsh=Zm9nMjR0aHk2bHc2
A000552381;https://agenzie.axa.it/napoli6984
A000552625;www.agenzievittoria.com/firenzeperetola
A000553165;www.ageallianz.it/bagheria4930000
A000553171;www.cremonassicura.com
A000553171;www.cremonassicura.it
A000553439;https://agenzie.axa.it/limatola6707
A000554369;WWW.LAMPREDI-BASSI.IT
A000554370;https://www.agenziecattolica.generali.it/chiusi
A000554371;www.ostiassicura.com
A000554588;WWW.TARANTINI.IT
A000554953;https://www.facebook.com/profile.php?id=100063388860189
A000555035;https://www.iapichinoedaquila.it/
A000555765;https://www.agenzie.generali.it/battipaglia
A000555767;www.agenzievittoria.com/bresciacastello
A000556449;WWW.ASSICURAZIONIVITRANI.IT
A000556464;www.agenzie.generali.it/VITERBO/
A000556468;www.amicalesrlassicurazioni.it
A000556519;https://instagram.com/aggeneraliagropoli/
A000556519;https://www.agenzie.generali.it/agropoli
A000556519;https://www.facebook.com/aggeneraliagropoli/
A000556520;https://www.agenzievittoria.com/lagonegro
A000556521;www.amtrustagency.it
A000556523;WWW.INNOVA1872.IT
A000556525;www.rorielucidi.it
A000556589;www.agenzievittoria.com/portoferraio
A000556617;www.agenziaellena.it
A000556852;www.agenzie.generali.it/eboli
A000556873;www.agenzie.generali.it/vercelli
A000557285;www.assicomo.it
A000557292;www.medicoprotetto.eu
A000557853;www.ageallianz.it/torredelgreco610
A000558015;https://www.assicurazionijesolo.it/
A000558015;www.agenziazurich.it/ve503
A000558015;www.assicurazionijesolo.it
A000558018;www.agenziazurich.it/mi053
A000558018;www.assisempione.it
A000558019;https://agenzia.cattolica.it/chiavari
A000558088;https://agenzie.axa.it/catanzaro7810
A000558176;www.agenziazurich.it/mo003
A000558403;https://agenzie.realemutua.it/agenzie/agenziapiacenza
A000558403;www.realemutuatrabucchi.com
A000558404;www.stefanogianniassicurazioni.it
A000558405;www.ageallianz.it/torredelgreco804/
A000558406;https://agenzie.realemutua.it/agenzie/agenziasavigliano
A000558865;https://www.ageallianz.it/matera3635/
A000559013;www.is-b.it
A000559086;https://agenzie.realemutua.it/agenzie/agenziacastanogallarate
A000559086;https://pbdc.it
A000559086;https://realecastano.it
A000559086;https://www.linkedin.com/company/104296963/admin/dashboard/
A000559182;www.assinetwork.it
A000559201;https://agenzie.realemutua.it/agenzie/agenziamilanosangottardo
A000559201;www.realemutuamilano.it
A000559630;www.agenzie.generali.it/milanoviatorino
A000559760;www.axa-caserta.it
A000559761;https://agenzie.axa.it/santamariacapuavetere6868
A000560710;www.pratis.it
A000560712;https://agenzia.cattolica.it/reggioemilia
A000560713;www.realemutuacesano.it
A000560922;www.agenziazurich.it/MI080
A000560995;www.mapiinsurance.it
A000561001;www.ifsgroup.it
A000561068;https://www.arag.it/portal/cp-nucleo-senza-decidi-tu-/-/prodotto/f3c464dd-1fca-4a9c-a960-32e1db459bb0
A000561068;www.lloydvaresino.it
A000561263;www.assicapital.it
A000561510;https://www.agenziazurich.it/tn506
A000561599;https://agenzie.realemutua.it/agenzie/agenziarivarolocentro
A000561759;www.agenziazurich.it/mn501
A000561759;www.facebook.com/agenziazurich.assifides
A000562063;www.agenzievittoria.com/bussolengo
A000562063;www.vittoriaassicurazionibussolengo.it
A000562210;www.amerigo.it
A000562210;www.assicurazionecondominio.com
A000562210;www.assicurazionevolontariato.com
A000562210;www.fitmga.it
A000562210;www.tuttocauzioni.it
A000562210;www.tuttocredito.com
A000562210;www.vistoextravisto.com
A000562242;https://agenzie.axa.it/caserta6818
A000562242;https://brassottiassicurazioni.com/
A000562340;https://agenzia.cattolica.it/montefortedalpone
A000562340;https://assicurazioniconfente.it/
A000563410;https://www.facebook.com/agenziaAXAanagniassirosrl/
A000563421;HTTPS://WWW.AGENZIAPORTOSICURO.IT/?_GL=1%2A1S6PM1N%2A_UP%2AMQ..%2A_GA%2AMTC1MJAZMTG5NI4XNZI1OTC2MZA5%2A_GA_KTT9WPJ066%2AMTCYNTK3NJMWOC4XLJAUMTCYNTK3NJMWOC4WLJAUMA..
A000563421;HTTPS://WWW.ARAG.IT/PORTAL/TUTELA-LEGALE-OLS-FAMIGLIA/-/OLS/00416B08-3091-4CA5-99D1-787D5FC726DA
A000563451;www.agenziazurich.it/rc501
A000563451;www.campoloassicurazioni.it
A000563461;www.unipolsailecco.it
A000563461;www.unisalutelecco.com
A000563461;www.unisalutelecco.it
A000563503;www.agenzie.generali.it/galatina
A000563922;www.agenzie.generali.it/torinocorsotoscana
A000564408;www.agenzievittoria.com/casteggio
A000565058;www.agenzie.generali.it/castiglionedellestiviereviaascoli
A000565353;www.agenzie.generali.it/GROTTAGLIE
A000565662;WWW.MATARAZZI.IT
A000565777;www.catalanoemontalto-agenziaunipol.it
A000565874;www.agenziaintermedia.com
A000565998;HTTPS://WWW.FACEBOOK.COM/AGGENERALISARONNOSANGIUSEPPEAGENZIAGALLARATE/
A000565998;HTTPS://WWW.FACEBOOK.COM/AGGENERALISARONNOSANGIUSEPPEAGENZIASESTOCALENDE/
A000565998;HTTPS://WWW.FACEBOOK.COM/AGGENERALISARONNOSANGIUSEPPEMISINTO
A000565998;HTTPS://WWW.FACEBOOK.COM/AGSARONNOSANGIUSEPPETRADATE
A000565998;HTTPS://WWW.FACEBOOK.COM/ENRICOCANTUASSICURAZIONI
A000565998;HTTPS://WWW.FACEBOOK.COM/GENERALICASSANOVERDI/?LOCALE=IT_IT
A000565998;HTTPS://WWW.FACEBOOK.COM/P/AG-GENERALI-SARONNO-SAN-GIUSEPPE-AGENZIA-SOLARO-100060054082592/
A000565998;HTTPS://WWW.FACEBOOK.COM/PROFILE.PHP?ID=100047611101771
A000565998;HTTPS://WWW.INSTAGRAM.COM/AGSARONNOSANGIUSEPPE/
A000565998;HTTPS://WWW.YOUTUBE.COM/@ENRICOCANTUASSICURAZIONI3070
A000565998;www.enricocantuassicurazioni.it
A000566263;massaassicurazioni.it
A000567401;www.agenzie.generali.it/terni
A000567444;HTTPS://AGENZIE.REALEMUTUA.IT/AGENZIE/AGENZIATORINOCARDUCCI
A000567469;HTTPS://WWW.ASSIFUTURO.IT/
A000567585;https://www.abbateintermediazioni.it/
A000567769;https://agenziadz.carrd.co/
A000568208;WWW.LOBACCAROASSICURAZIONI.IT
A000568584;https://agenzie.axa.it/arzignano2585
A000569563;www.hubiurillogroup.it
A000569563;www.polizzedepoca.it
A000569613;http://cagliaricentroassicurazioni.it/
A000569614;www.jk4insurance.com
A000569614;www.preventionhub.com
A000569614;www.quotarapido.com
A000569724;https://www.agenzie.generali.it/dalmine
A000569942;www.ageallianz.it/monopoli648/
A000569961;https://agenzie.realemutua.it/agenzie/agenziasassaricentro
A000569999;https://agenzie.realemutua.it/agenzie/agenziatorinoantonelliana/overview
A000569999;www.realescuola.com
A000569999;www.realescuola.eu
A000569999;www.realescuola.it
A000569999;www.realescuola.net
A000569999;www.realescuola.org
A000570096;uniassiteam.it
A000570242;HTTPS://WWW.FACEBOOK.COM/AGGENERALISANDONADUOMO
A000570242;HTTPS://WWW.LINKEDIN.COM/COMPANY/AG-GENERALI-SANDONA-DUOMO/?VIEWASMEMBER=TRUE
A000570295;https://www.facebook.com/virgilioassicurazioni.it
A000570295;https://www.instagram.com/virgilio_assicurazioni?igsh=MXhoN3FweGd0aDEweQ==
A000570295;www.virgilioassicurazioni.it
A000570314;WWW.ACSERVIZIASSICURATIVI.IT
A000570367;www.lafed.it
A000570384;www.unilucca-agenziaunipol.it/
A000570418;HTTPS://WWW.AGENZIE.GENERALI.IT/CALCINAIA
A000570546;HTTPS://WWW.INSTAGRAM.COM/REALEMUTUA.VIMERCATE
A000570546;https://agenzie.realemutua.it/agenzia283/Pages/R_Overview.aspx
A000570950;HTTPS://WWW.AGENZIAZURICH.IT//TO523
A000570950;HTTPS://WWW.ARAG.IT/PORTAL/TUTELA-LEGALE-OLS-FAMIGLIA/-/OLS/3077159C-E2B7-4E3D-919F-9AAAE686CBCD
A000570950;HTTPS://WWW.ARAG.IT/TUTELA-LEGALE-OLS-CP/CF84166C-E539-44E6-83FB-1B337E72EA23
A000571141;www.facebook.com/NapolitanoGroupamAssicurazioni
A000571406;https://www.itassuedtirol.com/it/
A000571454;HTTPS://WWW.FACEBOOK.COM/GRUPPOTODAY/
A000571454;HTTPS://WWW.INSTAGRAM.COM/GRUPPO_TODAY/
A000571454;HTTPS://WWW.LINKEDIN.COM/COMPANY/14843411
A000571454;www.gruppotoday.com
A000571465;www.agenzie.generali.it/comovaresina
A000571752;briass.it
A000571769;www.ostiajoy.it
A000572646;https://agenzie.realemutua.it/agenzie/agenziafossano
A000572646;www.realemutuafossano.it
A000573092;www.modusassicurazioni.it
A000573092;www.modusinsurance.it
A000573744;WWW.COLOMBOASSICURAZIONI.IT
A000574508;HTTPS://WWW.AGENZIE.GENERALI.IT/CASSINOSANGERMANO
A000574508;HTTPS://WWW.FACEBOOK.COM/SHARE/18MJKR3Q5H/?MIBEXTID=LQQJ4D
A000574508;https://www.instagram.com/longo.assicurazioni?igsh=N3A5dzB0YmNocmRq
A000574617;www.agenzie.generali.it/napolicentropolifunzionale
A000574714;WWW.ASSICURASNC.IT
A000575043;www.agenzie.generali.it/campobasso
A000575085;www.agenzie.generali.it/sapri
A000575099;facebook.com/profile.php?id=100091782649601
A000575099;instagram.com/battista_assicurazioni/
A000575850;www.agenziagrassi.it
A000575879;https://www.sara.it/agenzia?id=M126
A000575928;WWW.FACEBOOK.COM/AGGENERALIPINEROLOSANLAZZARO
A000575928;WWW.INSTAGRAM.COM/AG_GENERALI_PINEROLO?IGSH=ZNDVDWVJMMR0ENJK
A000575928;WWW.LINKEDIN.COM/COMPANY/PIEMONTE-SERVIZI-ASSICURATIVI?ORIGINALSUBDOMAIN=IT
A000575928;www.agenzie.generali.it/pinerolosanlazzaro
A000575929;marianellisrl-agenziaunipol.it
A000575931;WWW.AGENZIEVITTORIA.COM/LECCO/
A000575931;WWW.AGENZIEVITTORIA.COM/ROVERETO/
A000575931;WWW.DAS.IT
A000575933;www.agenzie.generali.it/crema
A000576784;https://www.instagram.com/allianz_cava/
A000576784;www.ageallianz.it/cavadetirreni760000/
A000576784;www.facebook.com/AllianzCavadetirreni
A000577072;nevesicura.it
A000577072;www.agenzievittoria.com/pescaracentro
A000578236;www.brianzaserviziassicurativi.it
A000578255;https://agenzie.realemutua.it/agenzie/agenziapinerolo
A000578255;https://www.realepinerolo.it/
A000578265;www.uniromasrl.it
A000578448;WWW.ALLIANZSTORETRENTO.IT
A000578448;WWW.MATHREEX.IT
A000578586;https://www.agenzieunipol.it/64830.html
A000578887;HTTPS://WWW.FACEBOOK.COM/SHARE/14QDU9D23U/?MIBEXTID=WWXIFR
A000578887;HTTPS://WWW.INSTAGRAM.COM/GENERALIVERONASANMARTINO?IGSH=MW03NWO4BNL3EG8YCQ==
A000578887;HTTPS://WWW.INSTAGRAM.COM/GLORIA_ALITE/?NEXT=%2F
A000578887;HTTPS://WWW.LINKEDIN.COM/IN/GLORIA-ALITE/
A000578887;HTTPS://WWW.TIKTOK.COM/@GLORIA_ALITE?_T=ZN-8TGBLLCOFD4&_R=1
A000578887;WWW.BENETTIASSICURAZIONI.IT
A000579086;www.assiclem.cloud
A000579086;www.assiclem.com
A000579086;www.assiclem.eu
A000579086;www.assiclem.info
A000579086;www.assiclem.it
A000579086;www.assiclem.net
A000579191;www.dragoniassicurazioni.it
A000579503;agenzie.realemutua.it/agenzie/agenziapaterno
A000579503;www.cunsoloassicurazioni.it
A000579521;www.agenzie.generali.it/grosseto
A000579535;https://www.assicuratricemilanese.it/ricerca-agenzia/?_sf_s=stefanelli%20antonio
A000579611;www.agenzie.generali.it/tolmezzo
A000579611;www.serviziassicurativivoltan.it
A000580147;HTTPS://LORENZIEWEISS.IT
A000580264;https://www.assichiavari.com
A000580385;www.agenzie.generali.it/lissone
A000580537;www.ageallianz.it/venezia315
A000580616;www.ageallianz.it/reggioemilia414000
A000580616;www.assiemilia.com
A000580687;WWW.GIURIOLOEPANDOLFO.COM
A000580696;www.pratoassicura.com
A000580716;WWW.AGENZIAZURICH.IT/RS001
A000580748;www.agenzievittoria.com/thiene
A000580937;www.lucangelibonventi.it
A000581197;https://www.agenzie.generali.it/nardogalliano
A000582117;www.nobisassistance.it
A000582294;www.assistudiolauria.it
A000582544;www.agenzie.generali.it/montagnana
A000582545;WWW.COVERPIUSRL.IT
A000582595;www.agenzie.generali.it/codigoro
A000582845;WWW.PENASSO.IT
A000582933;www.boiardiassicurazioni.it
A000582959;www.agenzie.generali.it/pontassieve
A000582985;www.viscontiassicurazioni.net
A000583339;https://www.ageallianz.it/forli495/
A000583478;https://assiunion.it/
A000583478;https://www.facebook.com/share/188jcBrqKo/?mibextid=wwXIfr
A000583478;https://www.instagram.com/assiunionsrl?igsh=YTFqcjllNWVzcXQ3
A000583478;https://www.linkedin.com/company/assiunion-srl-agenti-di-assicurazione/
A000583824;https://www.bonaviresassicurazioni.com/
A000584168;luliabilityunderwriting.it
A000584175;https://www.agenzie.generali.it/coneglianovialeitalia
A000584207;https://agenzie.realemutua.it/agenzie/agenziaspadafora
A000584207;https://www.realemutuaspadafora.com/
A000584230;www.bpassicurazione.it
A000584459;www.agenziainfinity.it
A000584461;https://agenzie.realemutua.it/agenzie/agenziajesi
A000584461;www.rischiprotetti.it
A000584471;https://www.facebook.com/michele.delcore/
A000584471;https://www.instagram.com/micheledelcore11/
A000584471;https://www.linkedin.com/in/micheledelcore/
A000584553;WWW.ASSIFINSRL.COM
A000584797;https://studiocassinotti.it/
A000584797;https://www.cremaassicurazioni.it/
A000584797;https://www.facebook.com/crema.assicurazioni
A000585405;TOSSANI.NET
A000585692;https://agenzie.realemutua.it/agenzie/agenziabojano
A000586696;https://agenzie.realemutua.it/agenzie/agenziaisernia
A000587183;WWW.MFBGROUP.IT
A000587183;https://agenzie.realemutua.it/agenzia132
A000587366;www.tovoassicurazioni.it
A000587531;https://agenzie.realemutua.it/agenzie/agenziamilanoest
A000587606;www.agenzie.generali.it/magione
A000587606;www.ltsinsurance.it
A000587896;www.cuneoassicura.it
A000588035;www.romaesedra.it
A000588247;https://agenzie.realemutua.it/agenzie/agenziavigone
A000588247;https://www.realemutuavigone.com/
A000588497;www.velinoassicurazioni.it
A000588522;WWW.AGENZIEVITTORIA.COM/PARTINICO/
A000588714;https://agenzie.realemutua.it/agenzie/agenziachieri
A000588717;www.agenzievittoria.com/caltagirone
A000588736;www.assigagliardi.it
A000589264;https://agenzie.realemutua.it/agenzie/agenziacervignano/
A000589424;www.agenzie.generali.it/romamagni
A000589760;www.unipolsaimilano.it
A000589784;www.assirisparmio.it
A000589784;www.mottolacarli.it
A000589784;www.rcavvocato.it
A000589784;www.rcgeometra.it
A000589784;www.rcmedico.it
A000589813;WWW.CALLEGAROASSICURAZIONI.IT
A000589926;https://www.agenzie.generali.it/velletriartemisiamammucari
A000590316;https://agenzie.axa.it/magenta1117
A000590726;https://salvatore-serra-agente-generale-tsserviziassicurativi.business.site/?utm_source=gmb
A000590769;www.agenzie.generali.it/barimaterecclesiae
A000590957;https://facebook.com/salvadoralessandroassicurazioni/
A000590957;https://www.facebook.com/profile.php?id=100008987132039
A000590957;https://www.instagram.com/alessandrosalvador3?igsh=MW0zdDlvZHhkd2t5Mg%3D%3D&utm_source=qr
A000590957;https://www.salvadorassicura.it/
A000591090;www.aliassicurazioni.it
A000591091;www.agenzie.generali.it/putignano
A000591264;www.universoassicura.it
A000591332;www.invesco-agenziaunipol.it
A000591410;www.agenzie.generali.it/gallipoli/
A000591666;www.colibri-italia.com
A000591853;https://www.agenzie.generali.it/romaeurvialedellamusica
A000592008;www.assifinanziariasrl.com
A000593159;www.blenginoassicurazioni.it
A000593345;www.agenzie.generali.it/vercelliduchessajolanda
A000593521;WWW.ALLIANZ-TRADE.IT
A000593910;www.agenzievittoria.com/fucecchio
A000593953;www.grandeaminei.it
A000593953;www.unipolsainapoliaminei.it
A000594090;www.agenzie.generali.it/maceratafeltria
A000594138;www.agenzie.generali.it/castelsangiovanni
A000594999;www.assi-plus.it
A000595040;https://portassicurazionilegnano.it
A000595258;WWW.ASSICURATOSANTARITA.IT
A000595258;https://agenzie.realemutua.it/agenzie/agenziatorinosantarita
A000596125;www.agenzie.generali.it/bussoleno
A000596125;www.agenzie.generali.it/rivolicastello
A000596125;www.cuffaroassicurazioni.it
A000596182;www.certoassicurati.it
A000596411;www.agenzie.generali.it/marianocomense
A000596742;www.grumelliepartners.it
A000596743;http://www.olivoassicurazioni.it
A000596818;WWW.ASSICURAZIONIBIONAZ.IT
A000598392;WWW.AGENZIEVITTORIA.COM/GROSSETOAMIATA
A000598392;WWW.SERVIZITONINELLI.IT
A000598684;https://assicurazionibuzzetti.com/
A000598684;www.agenzie.generali.it/chiavenna
A000598684;www.facebook.com/AGGeneraliChiavenna/
A000598846;www.catinoassicurazioni.it
A000598869;https://www.ageallianz.it/roma5525/
A000598925;www.fanciulloassicurazionisrl.it
A000599375;https://www.facebook.com/share/1HcEF26tRu
A000599375;https://www.instagram.com/faro_assicurazioni_2.0
A000599375;https://www.tiktok.com/@faro.assicurazioni.2.0
A000599375;www.faroassicurazioni.com
A000599388;www.agenzievittoria.com/volpiano
A000600482;HTTPS://WWW.CCSERVIZISRL.IT
A000600802;WWW.BFAINSURANCE.IT
A000601242;WWW.IVREASSICURA.IT
A000601517;www.abisassicura.com
A000601771;www.civitassicura.it
A000602054;WWW.INTERMEDIAGROUP.NET
A000602157;www.agenzie.generali.it/catanzaro
A000602210;https://agenzie.axa.it/bari7113
A000602216;www.agenzie.generali.it/saluzzo
A000602247;https://www.instagram.com/welcomeriders/?hl=it
A000602247;https://www.tiktok.com/@welcomeriders1?_t=ZN-90vTvMgZXGg&_r=1
A000602247;www.agenziaromaprati.com
A000602247;www.welcomegentlemanriders.it
A000602247;www.welcomeriders.it
A000602252;https://www.agenzie.generali.it/lameziaterme
A000602347;https://agenzie.realemutua.it/agenzia890/Pages/R_Overview.aspx
A000602919;www.afassicurazioni.it
A000603629;www.agenzie.generali.it/nocerainferiore
A000603629;www.facebook.com/aggeneralinocera
A000603727;B2B.FRIGOASSICURAZIONI.COM
A000603727;WWW.FREEGO.IT
A000603727;WWW.FRIGOASSICURAZIONI.COM
A000603877;https://www.facebook.com/ManniaeFenuAssicurazioni
A000603951;www.unipolsaimontemurlo.it
A000604218;www.facebook.com/unitaranto
A000604218;www.unitaranto.com
A000604218;www.unitaranto.it
A000604339;www.agenzievittoria.com/milanocorsovercelli
A000604626;https://agenzie.axa.it/venezia2318
A000604654;www.agenzievittoria.com/valenzacentro/
A000604888;www.agenzie.generali.it/pisa
A000605699;www.agenzie.generali.it/romaappia
A000605712;agenzie.axa.it/biellacosta
A000605712;costaconsulenze.it
A000606311;https://berrino-assicurazioni.it/
A000606311;www.agenzie.generali.it/casertamoneta
A000606346;www.assipiacenza.it
A000606369;www.folciaemangano.it
A000606548;www.agenzie.generali.it/colleferro
A000606969;compliance.assigecounderwriting.com
A000606969;www.assigecounderwriting.com
A000606970;https://agenzie.axa.it/como1017
A000606970;https://www.facebook.com/AxaAssinsubria/?locale=it_IT
A000606970;https://www.instagram.com/assinsubriasrl/?__d=11
A000607757;WWW.SEGANTINIASSICURAZIONI.IT
A000607876;www.orizzontasrl.com
A000607876;www.orizzontasrl.it
A000607877;https://www.agenzievittoria.com/quartusantelena/
A000607996;www.agenzie.generali.it/saronno
A000608740;www.agenzie.generali.it/udineduomo
A000609573;www.agenzie.generali.it/romaboccea
A000609590;WWW.FIMFUSION.IT
A000609663;www.astraassicurazioni.it
A000609988;www.scalzotto.it
A000610028;www.falco.srl
A000610053;www.agenzie.generali.it/latina
A000610411;www.agenzie.generali.it/jesi
A000610691;www.agorass.com
A000610780;https://www.ageallianz.it/cernuscosulnaviglio144/
A000610992;WWW.AMTEAM.IT
A000611104;WWW.EPBASSICURAZIONI.IT
A000611150;https://www.impavido.biz/
A000611150;https://www.impavido.it/
A000611683;www.assicuriamo.eu
A000612591;https://www.facebook.com/agenziageneraliarzignano
A000612591;www.agenzie.generali.it/arzignano
A000612591;www.linkedin.com/in/generali-italia-spa-agenzia-generale-di-arzignano-9097b120b
A000612783;https://agenzie.axa.it/cosenza7900
A000612972;www.assinormanna-agenziaunipol.it
A000613627;www.unipolsaimacerata.it
A000613717;www.gruppogambini.it
A000613912;www.effezetaintermediazioni.it
A000614260;RAIFFEISEN.MY-NSURANCE.IT
A000614260;WWW.RAIFFEISEN.IT/WIPPTAL
A000614310;https://www.agenzie.generali.it/marsciano
A000614316;https://www.agenziecattolica.generali.it/perugiavalentini
A000614823;www.saitorinonord.it
A000614950;www.futuria.it
A000614975;https://agenzie.realemutua.it/agenzie/agenziaorzinuovi
A000615099;https://www.ageallianz.it/roma816/
A000615505;https://sartinsrl.wordpress.com/
A000615512;www.lorenziniassicurazioni.it
A000615514;WWW.FIORILLOEDELGAIZO.IT
A000615552;www.agenzievittoria.com/castelfrancoveneto/
A000615567;WWW.AGENZIEVITTORIA.COM/MONTECATINITERME
A000616085;https://amicomedico.org
A000616098;HTTPS://PERRASRL.IT/
A000616108;https://agenzie.realemutua.it/agenzie/agenziaosimo
A000616108;https://carancini.eu/
A000616108;https://www.facebook.com/RealeMutuaAssicurazioniOsimo/
A000616108;https://www.facebook.com/realemutua.osimo/
A000616108;https://www.instagram.com/realemutuaosimo
A000616213;WWW.AGENZIEVITTORIA.COM/FOLIGNO
A000616213;WWW.ASSIDOMUS.IT
A000616285;www.obertefirettoassicurazioni.it
A000616467;https://agenzie.realemutua.it/agenzia130/Pages/R_Overview.aspx
A000616467;www.realecavour.it
A000616524;AGENZIE.AXA.IT/LASPEZIA3100
A000616720;http://www.marandoassicurazioni.it/
A000616833;WWW.SILVIABONCIASSICURAZIONI.IT
A000616875;https://agenzie.realemutua.it/agenzie/agenziabergamo205
A000617134;www.unipolsaronno.it
A000617139;https://www.agenzie.generali.it/gemona
A000617342;https://agenzie.realemutua.it/agenzie/agenziagrossetoamiata
A000617486;www.abmassicurazioni.it
A000617486;www.agenziazurich.it/pd007
A000617931;https://www.agenzie.generali.it/paviacastello
A000618358;www.assifidenza.it
A000618372;https://www.arag.it/portal/tutela-legale-ols-famiglia/-/ols/94cc44e8-71ab-4d45-a6ed-0d8bee17374d
A000618372;www.masola.it
A000618413;www.agenzievittoria.com/sondrio
A000618522;2massicurazioni.com
A000618522;https://www.2massicurazioni.com/
A000618522;https://www.facebook.com/2Massicurazioni/
A000618522;https://www.instagram.com/2m_assicurazioni/
A000618522;https://www.linkedin.com/company/2m-assicurazioni
A000619263;www.life-strategy.it
A000619500;https://www.agenzie.generali.it/montebellunacortemaggiore
A000619500;https://www.facebook.com/AgGeneraliMontebellunaCortemaggiore
A000620401;https://www.linkedin.com/company/g-l-m-assicurazioni-s-r-l
A000620815;https://idmassicura.com/
A000621893;WWW.RICCIUCONSULENZE.IT
A000622431;www.confidere.it
A000622454;www.mattioliassicurazioni.it
A000622477;www.assicusio.it
A000622520;WWW.ASSIREATE.COM
A000622717;www.agenzie.generali.it/romacentroeuclide
A000622892;WWW.SAIV.AI
A000623389;https://www.arag.it/portal/tutela-legale-ols-famiglia/-/ols/1806e63e-1633-4d72-817d-0facca1a1cc9
A000623389;https://www.arag.it/tutela-legale-ols-cp/78a9bc97-4505-463f-8d9f-2e538f6e850f
A000623389;www.assigarattini.it
A000623419;https://www.caseroassicurazioni.it/
A000623872;HTTPS://WWW.FACEBOOK.COM/RUSSOASSICURAZIONI1982
A000623872;HTTPS://WWW.INSTAGRAM.COM/RUSSOASSICURAZIONI/
A000624790;https://campagna.4careitalia.it/
A000624790;www.4careitalia.com
A000624790;www.4careitalia.it
A000625048;www.aguzzisrl.com
A000625076;www.biolghiniassicurazioni.it
A000625662;WWW.NOICONSORTILE.IT
A000626193;www.pezzoliassicurazioni.it
A000626444;www.sirioassicura.it
A000626549;www.agenzievittoria.com/villafrancainlunigiana
A000626896;https://agenzie.italiana.it/agenzia363/Pages/R_Overview.aspx
A000626928;WWW.ASSITECHASSICURAZIONI.IT
A000627224;www.arcadiaassicurazioni.it
A000627948;www.facilitylife.it
A000628168;www.serraebaraldi.it
A000628390;www.agenzievittoria.com/sarzana
A000629034;www.abissoecaloassicurazioni.it
A000629190;www.centroassicurazionipalermo.com
A000629190;www.zoraassicurazioni.com
A000629471;www.levante-consulting.it
A000629668;www.assicurazionilowcost.it
A000629668;www.assivia.it
A000629668;www.viaggisicuri.com
A000629788;www.ageallianz.it/barletta637
A000629788;www.agenziazurich.it/ba513
A000630541;https://www.facebook.com/people/Blanchetti-Vianini-Assicurazioni/61576240567026/?mibextid=wwXIfr&rdid=Ylw4ISNv5ruIVvCo&share_url=https%3A%2F%2Fwww.facebook.com%2Fshare%2F1ApW4iExpE%2F%3Fmibextid%3DwwXIfr
A000630541;https://www.instagram.com/cuorgn_unipol/?igsh=d3JwdjZvbWwzN2t0#
A000630724;WWW.AGEALLIANZ.IT/BRESCIA5130/
A000630724;https://www.facebook.com/allianzagenziabresciaugoni/
A000630724;https://www.instagram.com/allianzagenziabresciaugoni/
A000630864;www.maassicurazioni.it
A000631022;www.colombopartners.it
A000631302;assilesca.it
A000631367;www.unipolsassuolo.it
A000631367;www.unisas.it
A000631488;agenziazurich.it/le505
A000631543;HTTPS://WWW.CUNEOCENTROASSICURAZIONI.IT
A000631640;www.ageallianz.it/firenze453
A000631640;www.portalpratoassicurazioni.it
A000631792;HTTPS://WWW.FACEBOOK.COM/AGGENERALIVASTOGIULIOCESARE28/?LOCALE=IT_IT
A000631792;www.agenzie.generali.it/vasto
A000632062;www.ageallianz.it/trani4815000/
A000632286;www.unipolsaicomovolta.it
A000632964;www.demiconsulting.it
A000633445;https://www.joininsurance.it
A000633460;WWW.ASSI3.IT
A000633540;https://agenzie.realemutua.it/agenzie/agenziabesozzo
A000633549;WWW.SARDINIASERVIZIASSICURATIVI.IT
A000634249;www.litus.it
A000634260;www.agenzie.generali.it/sassariromita
A000634572;HTTPS://WWW.PESSINASISTEMIASSICURATIVI.IT/
A000635421;www.schinotiassicura.it
A000635427;www.eniplenitude.com
A000636421;www.agenzie.generali.it/arona
A000636503;www.cillarienocera-agenziaunipol.it/
A000636567;https://www.gruppofalzarano.it/fixa-sas/
A000637090;WWW.ASSILAB-AGENZIAUNIPOL.IT
A000637324;www.federicoinvernizzi.it
A000637841;www.agenziaraspanti.it
A000640093;www.agenzie.generali.it/lodidelemene
A000640175;assivenaria.it
A000640180;www.agenzie.realemutua.it/agenzie/agenziatorinocrocetta
A000640180;www.paglianoepasserin.it
A000640181;www.amimonza.it
A000641010;www.antoniniassicurazioni.com
A000641010;www.antoniniassicurazioni.it
A000641221;https://oltreassicurazioni.it/
A000641498;www.serviceassicurazioni.it
A000641594;https://agenzie.realemutua.it/agenzie/agenziacanelli
A000641724;www.martinelliassicurazioni.it
A000641736;www.centrofideiussioni.it
A000642038;https://agenzie.italiana.it/agenzie?codAgenzia=FAM
A000642057;www.rccommercialisti.it/
A000642876;www.quadrifoglioinsurance.it
A000643084;WWW.FPASRL.IT
A000643188;WWW.INTESASANPAOLOINSURANCEAGENCY.IT
A000643753;www.agenzievittoria.com/camposampiero/
A000644160; testagrossasrl.it
A000644160;TESTAGROSSASSICURA.COM
A000644160;TESTAGROSSASSICURA.IT
A000644160;assicurazionicagliari.com
A000644160;testagrossa-assicurazioni.it
A000644237;HTTPS://WWW.SCIACCASSICURAZIONI.COM
A000644278;www.ricchiutiassicurazioni.it
A000644594;www.agenzievittoria.com/campobasso
A000645282;HTTPS://AMBROSINIASSICURAZIONI.IT/
A000645282;HTTPS://WWW.FACEBOOK.COM/AGGENERALICARAVAGGIO
A000645282;https://www.agenzie.generali.it/caravaggio
A000645282;https://www.instagram.com/aggeneralicaravaggio/
A000645743;www.agenziazurich.it/va501
A000645845;WWW.ASSIBASRL.COM
A000646097;www.agenziaunionesrl.it
A000646127;MANIAASSICURAZIONI.IT
A000646940;HTTPS://WWW.ITALIAFIDEIUSSIONI.IT/
A000646940;HTTPS://WWW.VISTOPERITALIA.IT/
A000646940;https://www.capacitafinanziaria.com/chi-siamo/
A000646940;https://www.polizzaanticatastrofi.it/chi-siamo/
A000646940;https://www.rcasseverazione.it/chi-siamo/
A000646940;https://www.viesguarantee.com/it/chi-siamo/
A000647214;WWW.FACEBOOK.COM/AGGENERALIVENEZIAMESTRETEATROVECCHIO
A000647214;WWW.FACEBOOK.COM/FILIPPO.BORTOLI
A000647214;WWW.FACEBOOK.COM/MARCO.BORTOLI.146
A000647214;WWW.INSTAGRAM.COM/GENERALIVENEZIAMESTRETEATROV/
A000647214;WWW.LINKEDIN.COM/IN/GENERALIVENEZIAMESTRE/
A000647214;www.agenzie.generali.it/veneziamestreteatrovecchio
A000647214;www.bortoliassicurazioni.it
A000647214;www.generalivenezia.it
A000647223;www.digregorioassicurazioni.it
A000647231;https://reggiocalabria-agenziaunipol.it/
A000647772;www.agenzie.generali.it/siracusa
A000647779;www.agenzie.generali.it/palmacampania
A000647928;https://www.google.com/search?q=BENE+ASSICURAZIONI+CALTANISSETTA
A000648124;UNIPOLSAICIRIE.IT
A000648566;WWW.WINASSTEAM.IT
A000648875;www.facebook.com/assicurazionichiavazza
A000648875;www.linkedin.com/company/chiavazza-assicurazioni/?viewAsMember=true
A000648875;www.linkedin.com/in/gigi-chiavazza-b924b236/
A000648875;www.linkedin.com/in/paolo-chiavazza-017763102/
A000648916;https://www.polobassano.it/
A000648953;www.unipolsaifabriano.it
A000648977;bipassgroup.com
A000648978;https://sienaassicura.it/
A000648987;www.agenziecattolica.generali.it/Chiancianoterme
A000648989;www.meass.it
A000649111;instagram.com/viassicuriamo_altivole?igshid=YmMyMTA2M2Y=
A000649111;instagram.com/viassicuriamo_montebelluna?igshid=YmMyMTA2M2Y=
A000649111;www.facebook.com/ViAssicuriamoAltivole
A000649111;www.facebook.com/ViAssicuriamoMontebelluna
A000649111;www.linkedin.com/company/viassicuriamo/
A000649354;HTTPS://INSTAGRAM.COM/MAR_E_LAMAS
A000649354;HTTPS://IT-IT.FACEBOOK.COM/ITAS.SUBAGENZIA.ALBEROBELLO/
A000649354;https://it-it.facebook.com/MareLamas/
A000649354;https://marelamas.it/
A000649662;www.agenziazurich.it/vr010
A000649810;http://www.agenzie.generali.it/milazzo
A000649821;https://lamiapolizza.it/
A000651223;WWW.RAIFFEISEN.IT/BRUNICO
A000651223;WWW.RAIFFEISEN.MY-NSURANCE.IT
A000651336;WWW.GRUPPOFRIULIASSICURAZIONI.IT
A000651383;www.assifuturapistoia.it
A000651414;www.lenzaassicuratori.it
A000651484;www.agwr.it
A000651484;www.protezionescuola.it
A000652262;WWW.UIDAS.IT
A000652348;www.assitorino.it
A000652349;https://www.agenzie.generali.it/cortonaletorri
A000652350;https://www.ddinsurance.it/
A000652872;https://www.facebook.com/people/Agenzia-AXA-Trento/100065294709020
A000653337;www.vivassicura.it
A000653994;WWW.BOSSO.GROUP
A000654165;www.agenzie.generali.it/poggioacaiano
A000655411;www.assicurazioniservizienoleggioauto.it
A000655897;www.verona-assicura.it
A000655902;https://www.agenzie.generali.it/alba
A000655904;WWW.SICURACONSULENZEASSICURATIVE.IT
A000656034;HTTPS://FUTURASCUOLE.IT/
A000656299;www.comunianezanetti.it
A000656543;HTTPS://WWW.AGENZIE.GENERALI.IT/SCANDICCI
A000657388;www.agenzie.generali.it/garlasco
A000657388;www.polizze-online.com
A000657536;HTTPS://ASSICURATORISCARL.IT/
A000657702;www.verbanolaghiassicurazioni.com
A000657857;https://www.agenzievittoria.com/parmamarialuigia/
A000658285;www.agenzie.generali.it/saronnodegasperi
A000658388;https://www.tarolliassicurazioni.it
A000659044;HTTPS://ASSIFERRI.IT/
A000659126;www.agenzie.generali.it/bollate
A000659159;https://www.agenzie.generali.it/pavullo
A000659173;HTTPS://WWW.AGEALLIANZ.IT/ROMA5961/
A000659175;https://www.agenzie.generali.it/iserniakennedy
A000659221;www.assiteamassicurazioni.com
A000659785;AGENZIAMAROTTA.COM
A000661414;www.agenziazurich.it/sr004
A000661474;ALLIANZ311.IT
A000661694;www.tirassicurazioni.it
A000661798;www.assicurlinesrl.it
A000662165;www.agenziazurich.it/na019
A000662481;www.agenzievittoria.com/albagaribaldi/
A000662863;www.protecnaassicurazioni.it
A000663580;www.telepassassicura.com
A000663729;omniassicurafoggia-agenziaunipol.it
A000664910;www.agenzie.generali.it/triestesantantonio
A000665012;https://www.costanzoassicurazioni1936.com/
A000665013;https://www.agenziecattolica.generali.it/piedimontematese
A000665282;https://www.agenzievittoria.com/campobassoovest/
A000666184;https://agenzie.italiana.it/agenzie/agenziavolla
A000666184;https://www.facebook.com/russoassicura.volla/mentions/
A000666184;https://www.instagram.com/italianaassicurazioni_volla/
A000666686;WWW.ASSIPRIME.IT
A000666909;www.eurahub.it
A000667803;ASSISTUDIOTERNI.IT
A000667894;WWW.ASSILEVANTE.IT
A000667911;www.ageallianz.it/cuneo448000/
A000668106;www.motorcargo-insurance.com
A000669070;www.petroliassicura.it
A000669271;www.advisoryplus.it
A000670338;www.carlotorre24.com
A000670345;www.unicrema.it
A000670559;www.miabrokerassicurazioni.it
A000671024;https://www.agenzievittoria.com/valdinievole/
A000671104;www.realemutuacarmagnola.it
A000671121;https://www.realemutuathiene.it/
A000671187;https://www.pegasussrl.com/
A000671243;https://www.facebook.com/donorioassicurazioni/directory_links
A000671243;https://www.instagram.com/donorio_assicurazioni?igsh=MWM4ZDNwN3pkbmczbw%3D%3D&utm_source=qr
A000671244;www.s07italiana.it
A000671264;www.agenziazurich.it/na501
A000671264;www.innovaass.it
A000671269;https://agenzie.axa.it/borgosanlorenzo4223
A000671528;HTTPS://IT.LINKEDIN.COM/COMPANY/AG-GENERALI-ROMA-PARIOLI-LIEGI
A000671528;HTTPS://WWW.FACEBOOK.COM/AGENZIAGENERALIROMAPARIOLILIEGI/
A000671528;HTTPS://WWW.FACEBOOK.COM/INSURANCEITALY/
A000671528;www.agenzie.generali.it/romaparioliliegi
A000671528;www.garantireassieme.it
A000671528;www.insuranceitaly.it
A000671528;www.welcomewelfare.it
A000671534;https://www.agenzie.generali.it/maddaloni
A000671843;https://www.agenzie.generali.it/modena
A000671843;https://www.facebook.com/share/1B9wRVDq2w/?mibextid=wwXIfr
A000671843;https://www.instagram.com/aggeneralimodena?igsh=MXdqbGo0NDYyYmRraw==
A000671843;https://www.linkedin.com/company/agenzia-generali-italia-s-p-a-106-modena/
A000672089;HTTPS://WWW.AGEALLIANZ.IT/BITONTO666/
A000672089;HTTPS://WWW.FACEBOOK.COM/PROFILE.PHP?ID=100057085435126
A000672316;www.galbuseraassicurazioni.it
A000672321;www.smartinsuring.it
A000672370;https://agenzie.realemutua.it/agenzia257/Pages/R_Overview.aspx
A000672370;www.collivasconi.it
A000672371;https://agenzie.realemutua.it/agenzie/agenziamilanodogana
A000672485;https://agenzia.cattolica.it/romavillaborghese/it/agenzia
A000672627;HTTPS://CORTIMORBEGNO.IT/ASSICURAZIONE/
A000672627;https://agenzie.realemutua.it/agenzie/agenziamorbegno
A000672980;www.carbonelliassicurazioni.it
A000673121;WWW.CARITOASSICURAZIONI.IT
A000673121;https://www.facebook.com/AgGeneraliCapodrise
A000673121;https://www.instagram.com/aggeneralicapodrise
A000673121;www.agenzie.generali.it/capodrise
A000673539;www.assitiferno.it
A000673932;www.agenzie.generali.it/reggiocalabriacorsogaribaldi
A000674004;www.romanoassicurazioni.it
A000674005;www.agenzie.generali.it/riminiepicentro
A000674393;WWW.AGEALLIANZ.IT/PALERMO5443/
A000674687;HTTPS://AGENZIE.AXA.IT/NAPOLI6986
A000674764;www.bancadalba.it
A000674905;WWW.DASSICURA.IT
A000675194;https://www.agenzie.generali.it/romapiramide
A000675257;www.facebook.com/assigreco
A000675257;www.instagram.com/assigreco.it_/
A000675951;www.valeraniassicurazioni.it
A000676008;https://livinginsurance.it/
A000676029;www.assitretn.com
A000676029;www.assitretn.it
A000676302;https://www.agenzievittoria.com/chiari/
A000676520;www.spinellaetamini.it
A000676793;www.futuraserviziassicurativi.it
A000677306;www.agenzie.generali.it/correggio
A000677695;www.agenzie.generali.it/terminiimerese
A000678098;www.lasicurasrl.it
A000678270;https://www.facebook.com/AssicuratriceFrusinate
A000678676;https://www.ageallianz.it/matera3635/
A000678760;www.marianiassicurazioni.info
A000679161;www.assibv.it
A000679828;www.troisiassicurazioni.it
A000680708;www.agenziazurich.it/kr002#
A000680795;www.realemutua.it/agenziamortara
A000680804;www.agenzievittoria.com/seriate
A000680877;www.agentiassicurativiassociati.it
A000680945;WWW.ASSIMASTER.IT
A000680945;www.arag.it/portal/assimaster-nucleo-1/-/prodotto/eac03b3d-212b-4d00-8660-bc2053303e9f
A000680945;www.arag.it/portal/assimaster-nucleo-2/-/prodotto/9263e810-c455-4793-8f42-9b9f2013d03e
A000680945;www.arag.it/portal/assimaster-single-1/-/prodotto/62902160-468e-4270-a874-5dabbddb524b
A000680945;www.arag.it/portal/assimaster-single-2/-/prodotto/17c955b6-32df-40c1-befd-4c0b41cafaab
A000681070;www.facebook.com/vittoriaassicurazionistradella
A000681070;www.vittoriaassicurazioni.com/agenzie/stradella
A000681137;WWW.FEDON.EU
A000682587;www.agenzie.generali.it/comoviaalbertolli
A000682587;www.dbmassicurazionicomo.it
A000682656;https://www.agenziazurich.it/ba011
A000682712;https://www.ageallianz.it/allianz351/
A000682731;www.agenzie.generali.it/caltanissettapiazzatrento
A000682736;www.ageallianz.it/velletri710000
A000682749;www.agenzie.generali.it/triggiano
A000682927;www.scudoconsulenze.com
A000683978;WWW.FERRIASSICURA.IT
A000684149;www.agenzie.generali.it/coneglianomazzini
A000684149;www.facebook.com/AgGeneraliConeglianoMazzini
A000684149;www.instagram.com/aggeneraliconeglianomazzini
A000684165;https://agenzie.axa.it/alessandria127/
A000684165;https://www.agenziazurich.it/al004
A000684257;www.veba3000.com
A000684746;WWW.INSTAGRAM.COM/LAROTONDA.ASSICURAZIONI
A000684746;www.facebook.com/larotonda.assicurazioni
A000684746;www.larotonda-assicurazioni.it
A000685387;https://www.gruppofalzarano.it/fidax-srl/
A000685553;WWW.INTERSERVIZISAI.IT
A000685555;WWW.INTERSERVIZISAI.IT
A000685634;https://agenzie.realemutua.it/agenzia10B/Pages/R_Overview.aspx
A000685634;https://www.realemacalle.it
A000686319;https://www.agenzie.generali.it/civitanovamarche
A000686435;www.assicurazionitorinocentro.it
A000686624;https://agenzie.italiana.it/agenzie/agenziaarbus
A000686657;www.ccsoluzioni.it
A000687016;https://agenzia.cattolica.it/cremonarabboni/it/home
A000688415;HTTPS://WWW.FACEBOOK.COM/AGGENERALIFRATTAMAGGIOREPIAZZAPEZZULLO?MIBEXTID=WWXIFR
A000688415;WWW.AGENZIE.GENERALI.IT/FRATTAMAGGIOREPIAZZAPEZZULLO
A000688461;https://agenzie.italiana.it/agenzie/agenziacittadella
A000688626;www.mondaniassicurazioni.it
A000688896;HTTPS://WWW.INSTAGRAM.COM/ELMARASSICURAZIONI_SASSARI/PROFILECARD/?IGSH=ZXHWN3DKCGOYYXZH
A000688896;IT.LINKEDIN.COM/COMPANY/ELMAR-ASSICURAZIONI-SRLS
A000688896;https://www.facebook.com/elmarassicurazionisassari/
A000688950;www.all-well.it
A000689166;www.unipolsaipisa.com
A000689166;www.unipolsaipisa.it
A000689401;www.agenzie.generali.it/montevarchi
A000689401;www.generalimontevarchi.it
A000689614;www.gbgassicurazioni.it
A000689671;www.agenzie.generali.it/sora
A000690120;HTTPS://AGENZIE.AXA.IT/GEMONADELFRIULI2822
A000690154;https://www.insurtechunderwriting.it
A000690963;gregoassicurazioni.it
A000690963;polizzeperstranieri.it
A000691050;www.costassicurazioni.it
A000691456;WWW.PALEARIARMANDI.IT
A000691456;https://www.arag.it/portal/tutela-legale-ols-famiglia/-/ols/edb761b4-0fc5-4bd8-83c7-5732e668ef84
A000691456;https://www.arag.it/tutela-legale-ols-cp/623684ee-c544-4dbc-8356-0ca30f246b6b
A000691456;www.facebook.com/PaleariArmandiAssicurazioni
A000691456;www.instagram.com/paleariarmandiassicurazioni/
A000691456;www.linkedin.com/company/paleari-armandi-assicurazioni-srl/
A000692280;www.silvestriniassicurazioni.it
A000692686;WWW.OXSA.IT
A000693454;agenzia.cattolica.it/bergamocitta
A000693454;https://agenzia.cattolica.it/bergamocitta
A000693459;www.drave.com
A000693459;www.drave.it
A000693651;https://agenzia.cattolica.it/bresciadalmazia
A000693759;https://www.ageallianz.it/allianz671/
A000694092;https://www.dalmasoassicurazioni.it/
A000694164;CAMPAIGN.HELLOYOBI.COM
A000694164;MAILING.HELLOYOBI.COM
A000694164;www.helloyobi.com
A000694454;www.assicurazioniromaaurelia.it
A000694454;www.facebook.com/agenziageneraleromaaurelia/
A000694502;HTTPS://ASSICURAMISRL.IT/
A000694669;www.assilinesrl.it
A000695658;https://agenzie.realemutua.it/agenzie/agenziabolognamarconi
A000695856;HTTPS://WWW.FACEBOOK.COM/SHARE/1A95AGTPGH/
A000695856;HTTPS://WWW.INSTAGRAM.COM/CAPIZZIASSICURATORI?IGSH=MXYWMGD3NNVUBDFJCQ==
A000695856;WWW.CAPIZZIASSICURATORI.IT
A000696087;www.nuovadidali.it
A000696127;https://agenzie.realemutua.it/agenzia803/Pages/R_Overview.aspx
A000696127;https://agenzie.realemutua.it/agenzie/agenziabaricavour/chi-siamo
A000696127;https://www.nardilliassicura.it/
A000696363;www.marchiassicurazioni.com
A000696529;https://agenzie.italiana.it/agenzie/agenziariccione
A000696529;https://www.lonziconsulenze.it
A000696530;HTTPS://WWW.AGENZIE.GENERALI.IT/CAPUAVIAMEZZAAPPIA
A000696530;HTTPS://WWW.FACEBOOK.COM/AGGENERALICAPUAVIAMEZZAAPPIA
A000696530;HTTPS://WWW.INSTAGRAM.COM/GENERALICAPUAVIAMEZZAAPPIA
A000696530;HTTPS://WWW.LINKEDIN.COM/COMPANY/AGGENERALICAPUAVIAMEZZAAPPIA
A000696870;www.azimutmarketplace.it
A000697026;https://www.agenziecattolica.generali.it/pineto
A000697327;https://www.tosoniassicurazioni.it
A000697363;https://www.arag.it/portal/cp-light/-/prodotto/214ff805-9842-4c0a-81f5-63e3664d6804
A000697363;https://www.arag.it/portal/tutela-legale-ols-famiglia/-/ols/df409993-3c06-4a52-99e3-938721db6c9e
A000697364;www.esagonoassicurazioni.it
A000697640;www.agenzievittoria.com/romatrastevere/
A000697640;www.melassicura.it/
A000697643;www.eurahub.it
A000697791;WWW.AGENZIAZURICH.IT/FI512
A000697791;www.previges.it
A000697794;https://www.agenziecattolica.generali.it/cataniapiazzatrento
A000697794;https://www.facebook.com/profile.php?id=100010726113286&locale=it_IT
A000697794;https://www.facebook.com/profile.php?id=100071082099536&locale=it_IT
A000697794;https://www.linkedin.com/company/112827229/admin/dashboard/
A000697794;https://www.linkedin.com/in/gaspare-messina-381451252/?skipRedirect=true
A000697801;https://fcassicurazioni.it/
A000697831;www.insiemesicuri.it
A000697996;www.agenzievittoria.com/piacenza
A000697996;www.facebook.com/vittoriaassicurazionipiacenza
A000698089;https://agenzie.realemutua.it/agenzia621/Pages/R_Overview.aspx
A000698090;HTTPS://WWW.FACEBOOK.COM/AGGENERALIAOSTAVIAGARIN
A000698090;HTTPS://WWW.INSTAGRAM.COM/GENERALIAOSTAVIAGARIN/
A000698090;LINKEDIN.COM/COMPANY/GENERALI-ITALIA-AGENZIA-AOSTA-VIA-GARIN
A000698090;WWW.GENERALIAOSTA.IT
A000698545;www.torinocastello.it
A000699609;WWW.PENSINIGROUP.IT
A000699628;www.versilia-assicurazioni.it
A000699697;www.ageallianz.it/quarrata485
A000699878;www.micassicurazioni.it
A000699883;https://agenzie.italiana.it/agenzia287/Pages/R_Overview.aspx
A000699883;www.percorsiassicurativi.it
A000699909;https://agenzie.realemutua.it/agenzie/agenziaveronanord/overview
A000700112;WWW.RIZZOASSICURAZIONI.COM
A000700112;https://agenzie.realemutua.it/agenzia822/
A000700197;www.agenzie.generali.it/gallarate
A000700558;www.agenzie.generali.it/casalmaggiore
A000700682;www.waveassicurazioni.com
A000700690;HTTPS://WWW.FACEBOOK.COM/AGGENERALILEGNAGOVIACAVOUR
A000700690;HTTPS://WWW.INSTAGRAM.COM/AGGENERALILEGNAGOVIACAVOUR
A000700690;www.agenzie.generali.it/legnagoviacavour
A000700690;www.piomboniassicurazioni.it
A000700692;https://landing.vittoriaassicurazioni.com/acli
A000700784;https://www.coccatoassicurazioni.it/
A000700784;https://www.instagram.com/coccato_assicurazioni/#
A000701105;www.tuaassicurazioni.it/agenzie/imola
A000701664;https://agenzie.axa.it/melzo1217
A000701664;https://www.arag.it/portal/tutela-legale-ols-professionista/-/ols-professionista/ebb5fa91-f530-4627-bc9f-07d04c03ffd9
A000701664;www.arag.it/portal/tutela-legale-ols-famiglia/-/ols/ddd7b173-667d-4695-871f-c33b22919c69
A000701879;WWW.AGENZIAZURICH.IT/CS005#
A000701912;promo-studioquindici.it
A000701912;www.studioquindici.it
A000701923;https://it.linkedin.com/company/wopta-assicurazioni
A000701923;https://www.facebook.com/woptaassicurazioni/
A000701923;https://www.instagram.com/wopta_assicurazioni/
A000701923;www.wopta.it
A000701973;www.assicurarsi-agenziaunipol.it
A000701996;www.astro-agenziaunipol.it
A000702222;www.unipolsaivoghera.it
A000702433;HTTPS://WWW.FACEBOOK.COM/ASSIPIUGRILLOCARINI/
A000702433;HTTPS://WWW.INSTAGRAM.COM/ASSIPIUGRILLOCARINI/
A000702433;HTTPS://WWW.LINKEDIN.COM/COMPANY/ASSIPIUDIGRILLOECARINI/?VIEWASMEMBER=TRUE
A000702830;www.agenzie.generali.it/sanbenedettodeltronto
A000702977;www.agenziaunion.it
A000703195;www.raiffeisen.it/it/val-badia
A000703686;www.agenziazurich.it/mi081
A000703708;www.allianz391.it
A000704355;WWW.ASSICURAZIONIGALLARATE.IT
A000704447;https://agenzie.axa.it/biella602
A000704450;www.groupama.it/trova-agente/verona/agenzia-verona-centro-000373
A000704943;www.dpsgroupsrl.it
A000705246;WWW.CSIASSICURAZIONI.IT
A000705400;CALANDRAASSICURAZIONI.IT
A000705421;WWW.BGZASSICURAZIONI.IT
A000705464;https://www.agenziazurich.it/bs525
A000705601;https://www.linkedin.com/in/eleonora-brescianini-353b5818a/
A000705980;www.agenzievittoria.com/medelomellina
A000706472;https://www.facebook.com/allianzagenziaempolicentro
A000706472;https://www.instagram.com/allianzempolicentro/
A000706472;www.ageallianz.it/empoli603000/
A000706745;https://agenziasaraassicurazioni.it/
A000706969;https://agenzie.realemutua.it/agenzie/agenziagavardodesenzano
A000708116;WWW.FACEBOOK.COM/GIANLUCAMICALIZZIASSICURAZIONIMODICA/
A000708116;gianluca-micalizzi-assicurazioni-modica.business.site
A000708116;www.carmelominardo.it
A000708116;www.facebook.com/tuamodica
A000708135;www.leoassicurazioni.it
A000708181;HTTPS://WWW.AGEALLIANZ.IT/ALLIANZ231/
A000708181;https://www.agenzieallianz231.it/
A000709427;HTTPS://WWW.AGENZIE.GENERALI.IT/BOLOGNALEVANTE
A000709706;www.tiassicuro.io
A000709711;www.ageallianz.it/camposampiero327000/
A000709711;www.ageallianz.it/castelfrancoveneto5892/
A000709761;www.agenzie.generali.it/romapiazzabologna
A000709883;www.valentiniassicurazioni.it
A000710054;www.berebel.it
A000710057;Https://www.agenzie.generali.it/castelsanpietro
A000710058;www.wallife.it
A000710404;https://agenzie.axa.it/terni5104
A000710429;https://assicomunale.it/
A000710437;https://agenzia.cattolica.it/alme
A000710437;https://instagram.com/orobiesnc?igshid=YmMyMTA2M2Y=
A000710852;https://agenzie.axa.it/triggiano7133
A000710969;https://agenzie.realemutua.it/agenzie/agenziasassuolo
A000711201;www.abcassicurazioni.com
A000711224;https://revounderwriting.com/
A000711260;www.agenzie.generali.it/cantu
A000711764;www.agenzie.generali.it/bergamo
A000712234;WWW.GOVAITRA.IT
A000712234;WWW.GOVAITRA.IT/ASSICURAZIONE-BICI-E-MONOPATTINO/
A000712234;www.agenzievittoria.com/piemonte/alpignano/
A000713425;https://www.raiffeisen.it/it/castelrotto-ortisei.html
A000713491;https://www.agenzie.generali.it/capriatesangervasio
A000713797;https://www.agenzie.generali.it/folignoridolfi
A000713797;https://www.levassicurazioni.it
A000713990;https://www.agenziecattolica.generali.it/CARPIMIRANDOLASOLIERA
A000714105;https://www.gavioglobalspecialties.com/
A000714178;WWW.RAIFFEISEN.MY-NSURANCE.IT
A000714178;www.raiffeisen.it/brunico
A000714368;HTTPS://WWW.AGENZIECATTOLICA.GENERALI.IT/VAREDO
A000714883;www.cestarolloassicurazioni.it
A000714890;HTTPS://WWW.ARAG.IT/PORTAL/TUTELA-LEGALE-OLS-FAMIGLIA/-/OLS/81B06C56-6429-4218-A11D-4745832B1193
A000714890;HTTPS://WWW.ARAG.IT/TUTELA-LEGALE-OLS-CP/CAA5B4FC-61B5-4663-B67D-AFCB42D4B25E
A000714890;www.bisolutions.it
A000715164;HTTPS://AGENZIE.AXA.IT/CHIARI935
A000715287;www.assievolution.it
A000715338;www.agenzievittoria.com/ostia
A000715338;www.assimareassicurazioni.it
A000715417;www.stroppianaassicurazioni.it
A000716135;WWW.AGEALLIANZ.IT/SESTOSANGIOVANNI141
A000716468;https://www.facebook.com/AgenziaBartoliniAssicurazioniUnipolSai
A000716468;instagram.com/bartoliniassicurazioni?igshid=YmMyMTA2M2Y=
A000716541;WWW.SIMPLYMORE.IT
A000716558;https://agenzia.cattolica.it/bergamolallio
A000716558;https://www.assiagri.it/
A000716574;https://staplehalleurope.com/
A000716682;https://agenzie.italiana.it/agenzia405/Pages/R_Overview.aspx
A000716682;https://www.facebook.com/agenziabolognamarconi/
A000716730;www.agenziecattolica.generali.it/lissonemonza
A000716989;https://www.agenzie.generali.it/senigallia
A000716995;www.agenziazurich.it/rg501/
A000717742;www.agenzie.generali.it/forli
A000719208;https://side-by-side.it/
A000719208;https://www.facebook.com/SidebySide.AgenziaUnipolJesi
A000719208;https://www.instagram.com/agenziasidebyside/
A000719470;www.piuvaloreassicurazioni.it
A000719509;WWW.UNIPOLSAICROTONE.COM
A000719549;www.unipolsairivoli.com
A000720855;www.ilcastelloassicurazioni.it
A000721273;https://grupposeguro.it/
A000721700;www.agenzievittoria.com/cazzagodipianiga
A000721967;www.natalinoesposito.it
A000721983;WWW.AGENZIE.GENERALI.IT/FERRARA
A000721983;WWW.GIOVECCA.IT
A000722010;https://www.antoniniepartners-insurance.com/
A000722013;www.agenzie.generali.it/fermo
A000722135;www.sva.bz
A000722161;www.agenzie.generali.it/benevento
A000722488;agenzia.cattolica.it/palermoemericoamari
A000722523;allianzcrema261.it
A000722533;https://www.facebook.com/fioriniassicura
A000722533;https://www.instagram.com/fiorini.assicura/
A000722613;www.sragency.it
A000723410;WWW.FCAGENCYSRL.IT
A000723664;WWW.TERRASICURA.COM
A000723690;www.agenzie.generali.it/stradella
A000723865;www.ioassicurazioni.it
A000723878;www.agenzie.generali.it/breganzemazzini
A000724681;https://agenzie.realemutua.it/agenzie/agenziaforli/
A000725116;agenzia.cattolica.it/perugia
A000725519;https://www.groupama.it/trova-agente/reggio-calabria/agenzia-reggio-calabria-000l77
A000725699;www.eurahub.it
A000725812;https://www.assicurazioniadorea.it
A000726192;HTTPS://AGENZIE.AXA.IT/GENOVA2942
A000726203;www.agenzie.generali.it/pinerolo
A000726320;https://www.ageallianz.it/nardo5497/
A000726603;www.wealthugroup.com
A000727901;www.bonfiglioassicurazioni.it
A000728481;https://www.agenzievittoria.com/mercatosanseverino/
A000728670;agenzia.cattolica.it/cremonaduomo
A000728894;www.sicuroegarantito.it
A000729624;https://rinaldiconsulting.eu/
A000730085;www.best-underwriting.it
A000730779;WWW.AXARAGUSA.IT
A000730918;https://www.agenziazurich.it/fi517
A000730918;https://www.arag.it/portal/tutela-legale-ols-famiglia/-/ols/bafcb456-a4a6-4621-87e7-a0a3f9e7d511
A000730918;https://www.arag.it/tutela-legale-ols-cp/aaf04cd2-1481-41fc-9b67-ef8b047f8e2a
A000730918;www.perlassicurazioni.it
A000732292;https://www.agenziecattolica.generali.it/veronaest
A000732292;https://www.facebook.com/share/18nHu594ty/?mibextid=wwXIfr
A000732406;https://www.agenzie.generali.it/riccione
A000732768;HTTPS://AGENZIE.AXA.IT/SANBONIFACIO2440
A000732828;www.windtre.it
A000732839;WWW.AGEZIEVITTORIA.COM/RUBIERAPOLIGANI/
A000732849;HTTPS://WWW.FACEBOOK.COM/STELLINIASSICURAZIONI/
A000732849;HTTPS://WWW.INSTAGRAM.COM/STELLINIASSICURAZIONI/
A000732849;https://stelliniassicurazioni.it/
A000733367;AutoConnexa.it
A000733559;www.agenzie.generali.it/siena
A000733762;WWW.YOUINSURANCE.IT
A000734460;WWW.GRUPPOFIDES.COM
A000734837;https://www.agenziazurich.it/fo003
A000734847;WWW.ASSICURACOOP.IT/
A000734848;https://it.linkedin.com/company/ag-generali-italia-darfo-boario-terme-manifattura
A000734848;https://www.agenzie.generali.it/darfoboariotermemanifattura
A000734848;https://www.facebook.com/AgGeneraliDarfoBoarioTermeManifattura/
A000734848;https://www.instagram.com/aggeneralidarfobtmanifattura/
A000734851;WWW.AGENZIA131.IT
A000734852;https://www.facebook.com/CattolicaAssicurazioniAgenziaDiCorciano/
A000734852;https://www.instagram.com/bigonzino.assicurazioni/
A000734853;WWW.UNISOLUZIONI.IT
A000734898;WWW.ALIDA.SRL
A000735131;https://www.agenzie.generali.it/castelnuovodigarfagnana
A000735713;https://www.agenziecattolica.generali.it/gallarate
A000736081;www.ig7.it
A000736859;www.lokkyagency.it
A000736902;www.halcyoninsurance.it
A000736930;WWW.RASOBARRECAASSICURAZIONI.IT
A000736930;WWW.RASOBARRECASSICURAZIONI.IT
A000737392;www.assiportale.com
A000737392;www.assiportale.it
A000737943;WWW.AGENZIE.GENERALI.IT/CENTO
A000738185;HTTPS://WWW.FACEBOOK.COM/AGGENERALITORINOPORTAPALATINA
A000738185;HTTPS://WWW.INSTAGRAM.COM/GENERALITORINOPORTAPALATINA/
A000738185;HTTPS://WWW.LINKEDIN.COM/COMPANY/AG-GENERALI-TORINO-PORTA-PALATINA
A000738185;https://www.agenzie.generali.it/torinoportapalatina
A000738789;WWW.PROCOPIOASSICURAZIONI.IT
A000741069;WWW.GCPINSURANCEPLUS.IT
A000741679;https://it.linkedin.com/company/generalifasano
A000741679;https://www.facebook.com/AgGeneraliFasano/
A000741679;https://www.instagram.com/aggeneralifasano/
A000741679;www.agenzie.generali.it/fasano
A000741715;HTTPS://GIORGINIRUSCIANO.IT/
A000741778;HTTPS://AGENZIE.AXA.IT/MORTARA1427
A000742005;https://www.agenziecattolica.generali.it/anagni
A000742099;https://www.agenzie.generali.it/noaledeinovale
A000742104;www.direnzoassicurazioni.it
A000742110;https://www.agenzie.generali.it/napolipiazzabovio
A000742679;WWW.ANDAREACUBA.COM
A000742679;WWW.ASSICURAZIONECUBA.COM
A000742679;WWW.ASSICURAZIONEESCURSIONISMO.COM
A000742679;WWW.ASSICURAZIONEESCURSIONISMO.IT
A000742679;WWW.ASSICURAZIONEGLOBY.COM
A000742679;WWW.ASSICURAZIONEGLOBY.INFO
A000742679;WWW.ASSICURAZIONEGLOBY.SHOP
A000742679;WWW.ASSICURAZIONEOBBLIGATORIASCI.IT
A000742679;WWW.ASSICURAZIONEOUTDOOR365.IT
A000742679;WWW.ASSICURAZIONESCI.IT
A000742679;WWW.ASSILIFE.COM
A000742679;WWW.OUTDOORDAILY.IT
A000742679;WWW.OUTDOOREVENTI.IT
A000742679;WWW.OUTDOORSMART.IT
A000742679;WWW.SCISICURO.APP
A000742679;WWW.SCISICURO.COM
A000742679;WWW.SCISICURO.IT
A000742679;WWW.SCISICUROCLUB.IT
A000742679;WWW.SCISICURORACE.COM
A000742679;WWW.TRAVEL4BUSINESS.IT
A000742911;WWW.STRABYLIA.IT
A000743112;HTTPS://AGENZIE.REALEMUTUA.IT/AGENZIE/AGENZIABELLUNO
A000744264;https://www.agenzievittoria.com/montecchiomaggiore
A000744753;https://www.agenzie.generali.it/agrigento
A000744956;www.rossettiniassicurazioni.it
A000745148;HTTP://WWW.BASTALATARGA.IT/
A000745148;HTTPS://WWW.DISANTEASSICURAZIONI.IT/
A000745148;HTTPS://WWW.FACEBOOK.COM/AGENERALIVERBANIAINTRA/
A000745148;HTTPS://WWW.INSTAGRAM.COM/AGGENERALIVERBANIAINTRA/
A000745151;WWW.AGENZIE.GENERALI.IT/MILANOSANTAMBROGIO
A000745151;WWW.BIANCHESSIDIGIOVANNI.IT
A000745152;https://moroassicurazioni.it/home
A000745348;WWW.AGENTEVITTORIA.IT
A000745348;WWW.AGENZIEVITTORIA.COM/GENOVACENTRO
A000745348;WWW.ASSICURAZIONIGENOVACENTRO.IT
A000745348;WWW.DASASSICURAZIONIGENOVA.COM
A000745348;WWW.DASASSICURAZIONIGENOVA.IT
A000745348;WWW.VITTORIAASSICURAZIONIGENOVA.COM
A000745348;WWW.VITTORIAASSICURAZIONIGENOVA.IT
A000745965;WWW.RAIFFEISEN.IT/IT/VAL-BADIA
A000747265;https://www.polixa.it/
A000747484; HTTPS://WWW.FACEBOOK.COM/PROFILE.PHP?ID=61567532202874
A000747484; HTTPS://WWW.FACEBOOK.COM/WITHUSCOOP/
A000747484;HTTPS://ASSICURAZIONETRAPANI.IT/
A000747484;HTTPS://WWW.FACEBOOK.COM/HDIASSICURAZIONITRAPANIVALDERICE
A000747484;HTTPS://WWW.INSTAGRAM.COM/ASSICURAZIONITRAPANIVALDERICE?IGSH=MWXJYNAZCNZVN3B1MQ==
A000747484;HTTPS://WWW.INSTAGRAM.COM/WITHUSASSICURAZIONI?IGSH=BMNLN3BKYJHNDDFL
A000747484;HTTPS://WWW.LINKEDIN.COM/COMPANY/101230756/ADMIN/DASHBOARD/
A000747491;HTTPS://WWW.AGENZIECATTOLICA.GENERALI.IT/BOTRUGNOEMANUELE
A000747491;HTTPS://WWW.FACEBOOK.COM/CATTOLICAAGENZIABOTRUGNOEMANUELE?LOCALE=IT_IT
A000747646;https://www.facebook.com/vittoriaassicurazioniaspevi2.0/
A000747646;https://www.instagram.com/vittoriaassicurazioniaspevi2.0?igsh=enZrdmRwdW03bGI2&utm_source=qr
A000747646;https://www.linkedin.com/company/vittoriaassicurazioniaspevi2.0/. 
A000748332;https://www.assicuratiqui.it
A000748348;HTTP://WWW.AGENZIAZURICH.IT/MI028
A000748952;HTTPS://CITTADEIMILLEASSICURAZIONI.IT/
A000748952;HTTPS://WWW.AGENZIE.GENERALI.IT/BERGAMOPORTANUOVA
A000748952;HTTPS://WWW.FACEBOOK.COM/SHARE/1BBVVEQXEB/?MIBEXTID=WWXIFR
A000748952;HTTPS://WWW.INSTAGRAM.COM/AGGENERALIBERGAMOPORTANUOVA?IGSH=CMD0Y2TXCMZUD3KX
A000748952;HTTPS://WWW.LINKEDIN.COM/COMPANY/AGENZIAGENERALIBERGAMOPORTANUOVA/
A000749357;https://molaegazzaniga.it/
A000749874;WWW.AGENZIE.GENERALI.IT/FAENZA
A000749938;HTTPS://WWW.LEASYS.COM/IT/ITALIANO
A000750836;LP.AMENDOLIAASSICURAZIONI.IT
A000750836;PROTEZIONECASA.AMENDOLIAASSICURAZIONI.IT
A000750836;WWW.AMENDOLIAASSICURAZIONI.IT
A000750939;HTTPS://IT.LINKEDIN.COM/COMPANY/ASSICURAZIONIBENINCASA
A000750939;HTTPS://WWW.FACEBOOK.COM/ASSICURAZIONIBENINCASA/
A000750939;HTTPS://WWW.GROUPAMA.IT/TROVA-AGENTE/CATANZARO/AGENZIA-LAMEZIA-TERME-N00036
A000750939;HTTPS://WWW.INSTAGRAM.COM/ASSICURAZIONIBENINCASA/
A000750939;WWW.ASSICURAZIONIBENINCASA.IT
A000751018;www.sr-assicurazioni.it
A000751949;WWW.ASSITIRRENOPOMEZIA.IT
A000751950;WWW.ASSITIRRENOROMASRL.IT
A000753403;HTTPS://WWW.AGENZIE.GENERALI.IT/CITTADICASTELLO
A000753405;HTTPS://LINKTR.EE/BPLUSCONSULENZE
A000753520;HTTPS://WWW.SARAENRICOGIUDICE.IT/
A000753849;WWW.ITASASSICURAZIONILATINA.IT
A000754223;WWW.STEMBERGER.IT
A000754599;WWW.AGENZIE.GENERALI.IT/ROMABELSITO
A000754599;https://www.agenziaromabelsito.it
A000754869;tarriconeconsulentiassicurativi.it
A000754929;WWW.MCDASSICURA.IT
A000755330;www.agenzie.generali.it/trapani
A000755352;https://gamboniassicurazioni.it/
A000756585;www.meraglia.it
A000757064;WWW.AGENZIAGALATEA.IT
A000757575;https://www.facebook.com/people/Allianz-Agenzia-Marai-Marco-srl-Peschiera-del-Garda/100063765961584/
A000757575;https://www.instagram.com/agenzia_allianz_peschiera_dg/
A000758584;https://furnessunderwriting.com/it/
A000759044;https://allianzagenziabari.it/
A000759044;https://www.assicomunale.it/
A000759525;GIARDINELLAASSICURAZIONI.IT
A000760026;CONAD.CHUBB.COM/CONAD/
A000761265;https://insurnova.it/
A000761306;WWW.GRECOESTIFANO.IT
A000761306;https://www.facebook.com/people/GrecoStifano-Agenzia-Reale-Mutua-Assicurazioni
A000761306;https://www.instagram.com/grecoestifano/
A000762082;https://www.ciabattinibolla.com/
A000762148;WWW.AGENZIE.GENERALI.IT/NOVARARISORGIMENTO
A000762148;WWW.FACEBOOK.COM/AGGENERALINOVARARISORGIMENTO
A000762148;WWW.INSTAGRAM.COM/AGGENERALINOVARARISORGIMENTO
A000762148;WWW.LINKEDIN.COM/COMPANY/ASSICURAZIONI-GENERALI-NOVARA-AGENZIA-DI-NOVARA-RISORGIMENTO/
A000762778;assicurazionidicolaeantonangelo.it
A000763585;WWW.GIORGIOCONSULTING.IT
A000763585;www.ageallianz.it/caltanissetta702/
A000764158;www.lucavallese.it
A000764385;HTTPS://WWW.AGENZIEVITTORIA.COM/COSSATOBERTODOZARRILLO/
A000764878;WWW.EDISONENERGIA.IT
A000765158;https://agenzie.realemutua.it/agenzie/agenziapisaduomo
A000765158;www.bettiniassicura.it
A000765364;HTTPS://AGENZIE.REALEMUTUA.IT/AGENZIE/AGENZIAGENOVA
A000765365;WWW.PROADVISORS.IT
A000766495;HTTPS://AGENZIE.REALEMUTUA.IT/AGENZIE/AGENZIAMONTEGROTTOTERME
A000766728;www.sigaliniassicurazioni.com
A000767914;salvettiassicurazioni.it
A000768018;www.genius-soluzioniassicurative.it
A000768018;www.natcatpalermo.it
A000768018;www.natcatsicilia.it
A000768018;www.polizzanatcat.it
A000768608;HTTPS://AGENZIE.REALEMUTUA.IT/AGENZIE/AGENZIAROMAAPPIO
A000770917;https://maremmassicura.it/
A000770917;https://www.facebook.com/maremmassicura/
A000770917;https://www.instagram.com/agenzia_maremmassicura_unipol/
A000770917;https://www.linkedin.com/company/maremmassicura-sas/posts/?feedView=all
A000771995;https://www.assiemesrl.com
A000772252;www.creves.it
A000772252;www.teampresto.it
A000772254;https://www.agenzie.generali.it/fossombrone
A000772272;www.agenzievittoria.com/reggioemilia
A000772902;WWW.AGENZIE.GENERALI.IT/CIVITAVECCHIAVIAROMA
A000774040;WWW.STUDIOASSICURATIVO.IT
A000774772; https://www.facebook.com/share/1A8rknRmE2/?mibextid=wwXIfr
A000774772;https://www.instagram.com/generalipiacenzapiazzacavalli/
A000774772;https://www.linkedin.com/company/10538764/admin/dashboard/
A000774772;https://www.piazzadeicavalli.com/
A000775071;https://www.bfpsrlparma.it/
A000775223;https://www.ageallianz.it/trezzosulladda160/
A000775448;www.assicurpoint.com
A000776394;www.agenzie.generali.it/anconavialedellavittoria
A000777023;www.assilucania.it
A000777178;www.abbatesrl.it
A000777529;www.agenzie.generali.it/ancona
A000777774;www.laura.it
A000777789;www.dmassicurazioni.it
A000778458;WWW.HELMON.COM
A000778992;https://www.eticaassicurativa.it/
A000779072;https://www.agenzie.generali.it/bagnolosanvito
A000779881;https://it.linkedin.com/company/cuora-assicurazioni
A000779881;https://www.cuorassicurazioni.it
A000779993;https://www.agenzie.generali.it/palermomare
A000780072;HTTPS://WWW.FACEBOOK.COM/AGGENERALIVICENZAPONTEALTO
A000780072;HTTPS://WWW.INSTAGRAM.COM/AG_GENERALI_VICENZA_PONTE_ALTO/
A000780072;HTTPS://WWW.LINKEDIN.COM/COMPANY/GENERALI-VICENZA-PONTE-ALTO
A000780072;https://www.agenzie.generali.it/vicenzapontealto
A000781412;https://www.agenziazurich.it/pz003
A000781601;https://www.valandro.com/
A000781613;hubintermediazioniassicurativeabruzzoemolise.it
A000782382;https://www.generalicastelfranco.it/
A000784673;www.effebi-assicurazioni.it
A000786093;https://agenzie.realemutua.it/agenzie/agenzianapolivomero
A000789908;https://assicurazionirubba.it/
A000789995;www.meralagency.it
A000790248;https://www.vittoriaassicurazioni.com/agenzie/pulsano/G29-patrono-claudio
A000790707;https://www.agenzie.generali.it/paola
A000790707;https://www.facebook.com/AgGeneraliPaola
A000790707;https://www.instagram.com/aggenerali.paola?igsh=MXN3ajR0eXF5ODU0Zw==
A000791476;www.ametista.biz
A000793017;www.mamainsurance.it
A000793119;www.idealista-assicurazioni.it
A000793119;www.idealista.it/assicurazioni
A000794351;www.generali.it/riminiitalia
A000794503;www.agenzie.generali.it/rapallo
A000794979;www.mediaclass.it
A000795031;www.villaassicurazioni.com
A000797439; https://uniesseeffesrl.it/
A000799208;www.linkadvisors.it
A000799526;www.opera-mga.eu
A000801413;https://www.agenziecattolica.generali.it/PERUGIAFOLIGNO
A000804188;www.thamesmarineuw.com
A000804763;www.proximass.it
A000808933;www.agenzie.generali.it/bologna
A000809365;www.sara.it
A000811484;agenzie.generali.it/empoli-firenzemichelangelo
A000811485;https://it-it.facebook.com/RUSCONIASSICURAZIONI/
A000811485;https://www.instagram.com/rusconiassicurazioni/
A000811485;www.rusconiassicurazioni.it
A000811747;5starsagency.it
A000811889;https://www.abbateassicurazionisrl.it/
A000812629;www.agenzievittoria.com/arezzo
A000812685;www.alfuturoserviziassicurativi.it
A000812695;assicurazionisgalaberna.it
A000812695;https://www.arag.it/portal/tutela-legale-ols-famiglia/-/ols/9a08fd2d-ecc9-462d-bbe7-cebbc3ab043f
A000812695;https://www.facebook.com/Assicurazionisgalaberna/
A000812845;https://www.agenzie.generali.it/giulianova
A000813386;www.assicurazionipalermo.net
A000814659;www.sidea-assicurazioni.it
A000815022;https://www.agenzie.generali.it/pratovialedellarepubblica276
A000815088;https://facebook.com/AgGeneraliVignola
A000815088;https://www.agenzie.generali.it/vignola
A000815088;https://www.instagram.com/aggeneralivignola/
A000815088;https://www.linkedin.com/company/ag-generali-vignola
A000817081;WWW.AGRINOVAMGA.COM
A000817171;HTTPS://WWW.AGENZIE.GENERALI.IT/GUBBIO
A000817279;WWW.PARICIANIASSICURAZIONI.IT
A000817317;https://guadalupiassicurazioni.yourwebsitespace.com/
A000818506;https://www.agenzievittoria.com/trieste/
A000818508;https://www.wecover.life/
A000820056;https://www.agenzie.generali.it/caltanissetta
A000821728;www.keez.it
A000821741;www.gruppovecchiato.it
A000821917;guglielmiassicurazioni.it
A000822246;https://www.agenzie.generali.it/ORISTANOTHARROS
A000822682;www.bassaniassicurazioni.it
A000824419;https://www.agenzie.generali.it/marianocomense
A000827584;www.valvanoassicurazioni.it
A000828053;WWW.VILLAROMIVO.COM
B000000807;www.aepbroker.it
B000001012;www.calastribroker.com
B000001665;https://trasparente.it/online
B000002172;WWW.SERMIBROKERASSICURAZIONI.IT
B000004187;www.atlanteassicurativo.it
B000004938;www.lcassicurazioni.it
B000005167;www.giarratanostefanobroker.it
B000005842;www.bvbrokertrieste.it
B000007193;WWW.CUOMOASSICURAZIONI.IT
B000008372;www.ftbroker.it
B000008641;WWW.AGSANGIORGIO.IT
B000010351;https://assicuratutto.it
B000011206;www.ferrantebroker.com
B000013097;www.minopolibroker.it
B000013115;WWW.DIMAUROBROKER.IT
B000013130;WWW.JMORGANBROKERS.IT
B000013206;WWW.ASSICURAZIONIBRIGNANI.IT
B000013318;www.lariobrokers.it
B000013320;www.lodibrokers.it
B000013484;www.simonucci.it
B000013510;www.ransicura.com
B000013671;www.librabroker.eu
B000013715;WWW.IFBROKER.IT
B000013756;www.zannonibroker.com
B000013775;www.studiorussoassicurazioni.com
B000014076;www.abint.it
B000014076;www.assibroker.net
B000014076;www.assibrokertrasporti.com
B000014129;WWW.BFBINSURANCEBROKER.COM
B000014210;www.borianiassicurazioni.it
B000014234;www.abint.it
B000014234;www.assibroker.net
B000014234;www.assibrokertrasporti.com
B000014268;https://www.arag.it/portal/tutela-legale-ols-famiglia/-/ols/1c3c1aa6-3a50-4c00-9e97-211dccc13f5c
B000014268;www.pa-scal.it
B000014269;www.posarellibroker.com
B000014275;www.nacora.com/products/italy
B000014279;www.unibrokers.it
B000014287;www.lariobrokers.it
B000014289;WWW.UNIRISK.IT
B000014309;www.filippibroker.it
B000014314;www.arcierisrl.it
B000014325;www.frtbrokers.it
B000014327;WWW.SELECOVER.IT
B000014329;www.vibsrl.it
B000014331;www.marradi-mc.it
B000014346;https://www.esafin.it/
B000014374;www.alphabroker.com
B000014378;www.secbrokers.it
B000014393;www.cisbroker.it
B000014396;https://www.campostano.com/broker-assicurativi/
B000014396;https://www.facebook.com/savassbrokers
B000014400;www.soluzioniassicurative.it
B000014402;www.ferdinandieferdinandi.it
B000014407;https://www.assifidi.it
B000014411;WWW.LETUEPOLIZZE.IT
B000014414;www.ibkbroker.it
B000014424;HTTPS://WWW.BROKER.SELLA.IT/
B000014424;HTTPS://WWW.SELLABROKER.IT/
B000014425;www.borianiassicurazioni.it
B000014427;www.cogeass.com
B000014431;WWW.ASSIXBROKER.IT
B000014432;WWW.GLOBEBROKER.IT
B000014435;www.europabenefits.it
B000014442;www.solariassicurazioni.com
B000014448;www.msabroker.it
B000027265;www.cecchinbroker.it
B000028205;WWW.LUCENZIRITABROKER.IT
B000031580;www.gruppotoday.com
B000048363;WWW.COGEASS.COM
B000048943;HTTPS://M.FACEBOOK.COM/FGINSURANCEBROKER
B000048943;HTTPS://WWW.INSTAGRAM.COM/FGINSURANCEBROKER
B000048943;WWW.FGINSURANCE.IT
B000048943;https://www.linkedin.com/company/fg-insurance-broker/
B000049811;www.progeass.it
B000049836;www.dlb.it
B000050374;WWW.IGBSRL.IT
B000050558;www.ibabroker.com
B000050897;WWW.GTINSURANCEBROKER.IT
B000050907;www.peschiullibroker.com
B000051119;WWW.FINABRO.IT
B000051218;www.bgbroker.it
B000051222;WWW.MIZARBROKERS.IT
B000051368;www.plusminus.it
B000051384;www.areamedici.com
B000051384;www.bestpriceassicurazioni.it
B000051384;www.ebrokers.it
B000051384;www.preventivircauto.it
B000051384;www.saferent.it
B000051384;www.witzy.it
B000051620;WWW.SOLUZIONEBROKER.IT
B000051753;www.margas.it
B000051867;www.isgbroker.it
B000052103;www.padanabroker.it
B000052152;http://lineabrokers.it/
B000052173;www.greensrl.com
B000052257;www.simabroker.com
B000052323;www.scafin.it
B000052421;www.bocco.it
B000052429;www.bsitalia.it
B000052526;scottiassicurazioni.it
B000052526;www.scottiassicurazioni.it
B000052721;www.borghiniecossa.it
B000052780;www.icobrokers.it
B000052909;WWW.CGPARTNERS.BIZ
B000053084;www.bazzipartners.it
B000054020;WWW.GALLERYBROKER.IT
B000054364;www.medianetbrokers.it
B000054892;www.gbsapri.it
B000055206;www.onoratoassicura.it
B000055244;WWW.NSA-SRL.IT
B000055861;HTTPS://WWW.MARSHAFFINITY.IT/ANA/
B000055861;https://agesci.marsh-personal.it/
B000055861;https://aigae.marsh-personal.it/
B000055861;https://cai.marsh-personal.it/
B000055861;https://cassaforense.marsh-personal.it/
B000055861;https://eic.marsh-personal.it/
B000055861;https://enpav.marsh-personal.it/
B000055861;https://fidc.marsh-personal.it/
B000055861;https://fmi.marsh-personal.it/
B000055861;https://nationalinstruments.marsh-personal.it/
B000055861;https://sci.marsh-personal.it/
B000055861;https://st.marsh-personal.it/
B000055861;https://uisp.marsh-personal.it/
B000055861;https://venatoria.marsh-personal.it/
B000055861;https://www.marsh-personal.it/
B000055861;https://www.marshaffinity.it/agesci
B000055861;https://www.marshaffinity.it/aigae
B000055861;https://www.marshaffinity.it/anuu
B000055861;https://www.marshaffinity.it/arcicaccia
B000055861;https://www.marshaffinity.it/asi
B000055861;https://www.marshaffinity.it/bancaditalia/
B000055861;https://www.marshaffinity.it/csain
B000055861;https://www.marshaffinity.it/csi
B000055861;https://www.marshaffinity.it/eic
B000055861;https://www.marshaffinity.it/fibs
B000055861;https://www.marshaffinity.it/fidc
B000055861;https://www.marshaffinity.it/figest
B000055861;https://www.marshaffinity.it/fmi
B000055861;https://www.marshaffinity.it/msp
B000055861;https://www.marshaffinity.it/uisp
B000055861;https://www.marshaffinity.it/venatoria
B000055861;https://zibaldo.marsh-personal.it/
B000055861;www.marsh-professionisti.it
B000055861;www.marsh-professionisti.it/acquaegas
B000055861;www.marsh-professionisti.it/agentisportivi
B000055861;www.marsh-professionisti.it/agesci
B000055861;www.marsh-professionisti.it/agescinazionale
B000055861;www.marsh-professionisti.it/agit
B000055861;www.marsh-professionisti.it/aiga
B000055861;www.marsh-professionisti.it/aigae
B000055861;www.marsh-professionisti.it/aimo
B000055861;www.marsh-professionisti.it/atc
B000055861;www.marsh-professionisti.it/auttua
B000055861;www.marsh-professionisti.it/caccia
B000055861;www.marsh-professionisti.it/cassaforense
B000055861;www.marsh-professionisti.it/centrosportivoitaliano
B000055861;www.marsh-professionisti.it/csain
B000055861;www.marsh-professionisti.it/csinazionale
B000055861;www.marsh-professionisti.it/cycling
B000055861;www.marsh-professionisti.it/duomo
B000055861;www.marsh-professionisti.it/epocafmi
B000055861;www.marsh-professionisti.it/fmi
B000055861;www.marsh-professionisti.it/fmimotoclub
B000055861;www.marsh-professionisti.it/fnopi
B000055861;www.marsh-professionisti.it/fondazioneinarcassa
B000055861;www.marsh-professionisti.it/ftm
B000055861;www.marsh-professionisti.it/gaav
B000055861;www.marsh-professionisti.it/gac
B000055861;www.marsh-professionisti.it/gaia
B000055861;www.marsh-professionisti.it/galf
B000055861;www.marsh-professionisti.it/gateergo
B000055861;www.marsh-professionisti.it/gruppoitas
B000055861;www.marsh-professionisti.it/mef
B000055861;www.marsh-professionisti.it/mps
B000055861;www.marsh-professionisti.it/oabari
B000055861;www.marsh-professionisti.it/oaroma
B000055861;www.marsh-professionisti.it/oiroma
B000055861;www.marsh-professionisti.it/prorogasseveratori
B000055861;www.marsh-professionisti.it/siso
B000055861;www.marsh-professionisti.it/siurologi
B000055861;www.marsh-professionisti.it/societasportive
B000055861;www.marsh-professionisti.it/stef
B000055861;www.marsh-professionisti.it/sumai
B000055861;www.marsh-professionisti.it/uisp
B000055861;www.marsh-professionisti.it/unadis
B000055861;www.marsh-professionisti.it/venatoria
B000055968;WWW.LARIZZAINTERMEDIAZIONI.COM
B000056100;www.sopabroker.com
B000056488;www.fcbroker.it
B000056650;www.ambroker.info
B000057157;www.vitangeliinsurancebroker.it
B000057211;https://www.facebook.com/diassinsurancebrokers
B000057211;www.diass.it
B000057587;www.amib.eu
B000058333;www.assibroker.net
B000058527;WWW.POLIZZA.IT
B000058632;www.flotta-assicura.com
B000058632;www.mpbrokers.it 
B000058766;www.caleas.it
B000058936;www.integrabroker.it
B000058996;https://asko24.it
B000059134;www.amintabroker.com
B000059134;www.amintacubsallca.com
B000059134;www.amintafabiasticuneo.com
B000059134;www.amintafisaccgil.com
B000059134;www.amintauilca.com
B000059134;www.amintaunitasindacale.com
B000059134;www.convenzionebancari.com
B000059359;https://italbrokers.com/
B000059446;WWW.EMEDIABROKER.IT
B000059792;www.assicuralatuabarca.it
B000060327;www.ecombroker.it
B000060355;www.assiconsult.com
B000060722;www.assicurazionedentisti.it
B000060722;www.sigmastudi.it
B000060722;www.volaresicuro.com
B000061106;WWW.SOARDO.IT
B000061130;www.vcainsurance.com
B000061136;www.apogeobroker.it
B000061542;https://brokerpro.it/
B000062060;www.assibroker.net
B000062791;www.tremolada.com
B000062914;www.gestioniassicurative.net
B000063391;www.cigabroker.it
B000064137;ADVISOREPARTNERS.COM
B000064570;www.assibroker.net
B000064594;www.traversoandreainsurancebroker.it
B000064620;WWW.LOSASSOBROKER.IT
B000064629;www.losassobroker.it
B000064899;www.larcasrl.it
B000065127;https://affinity.morgantibrokers.it
B000065127;www.colpagrave.com
B000065127;www.morgantibrokers.it
B000065711;www.gossimalfa.com
B000066031;www.mbainsurance.it
B000066629;NPBA.IT
B000066862;www.opaonweb.it
B000067253;https://brunosfornispa.it/
B000067360;WWW.ASSIBROKERPC.IT
B000067756;www.mediazioni-assicurative.it
B000067756;www.mediazioniassicurative.com
B000067756;www.mediazioniassicurative.it
B000067793;antonellanannelli.it
B000067793;nannelli-snc.it
B000067793;nannelli.com
B000067793;nannelli.it
B000067793;www.antonellanannelli.it
B000067793;www.nannelli-snc.it
B000067793;www.nannelli.com
B000067913;www.fidelitas.it
B000068553;http://www.dsbroker.it/
B000068624;www.unica-rm.com
B000068652;WWW.GLOBALINSURANCE.IT
B000069209;www.gruppoviras.com
B000069267;www.sistassicurazioni.it
B000070946;WWW.GOLINUCCI.IT
B000070946;WWW.QB.GOLINUCCI.IT
B000070982;www.larizzaconsulting.it
B000072481;www.generalbrokers.it
B000073509;WWW.GBSAPRI.IT
B000073708;https://verlingue.it/
B000073708;https://verlingue.it/per-la-pubblica-amministrazione/comunitrentini-colpagrave/
B000074961;WWW.IDEABROKER.IT
B000075152;https://www.facebook.com/share/1An82QsKhk/?mibextid=wwXlfr
B000075152;https://www.instagram.com/travaglia_ab_?utm_source=ig_web_button_share_sheet&igsh=ZDNIZDc0MzlxNw==
B000075152;https://www.linkedin.com/company/travagliaassibroker-srl/
B000075419;www.assintelbroker.it
B000076064;www.rovass.it
B000076996;www.assibroker.net
B000080238;HTTPS://WWW.POZZIEPARTNERS.IT/
B000081133;https://professionemedico.debesidigiacomo.it
B000081133;www.cassamutuapsicologi.it
B000081133;www.debesidigiacomo.it
B000081179;www.bebroker.it
B000081355;www.assiconsulenze.it
B000081617;www.giacintofacchetti.eu
B000083306;https://crbclientportal.willis.it/SanitaVeneto/
B000083306;https://crbclientportal.willis.it/SicuriConWillis/convenzioni/assib
B000083306;https://crbclientportal.willis.it/SicuriConWillis/convenzioni/provincia-trento
B000083306;https://crbclientportal.willis.it/SicuriConWillis/professioni/geologo/rc-professionale/
B000083306;https://crbclientportal.willis.it/SicuriConWillis/sanitafriuli
B000083306;https://crbclientportal.willis.it/sicuriconwillis/convenzioni/NURSELIFE
B000083306;https://www.wtwco.com
B000083415;www.gruppolaera.it
B000083781;WWW.POLIZZAMIGLIORE.IT
B000083790;www.saluzzobroker.com
B000084548;www.sicuragro.eu
B000085189;www.assibrokeritalia.it
B000087962;www.cincottipartners.com
B000090145;www.barbiratoassicurazioni.it
B000097212;www.iscrittosicuro.it
B000097212;www.onebroker.it
B000097212;www.rcinsegnanti.it
B000097212;www.rcsindacalisti.it
B000097220;www.acrosbroker.com
B000097220;www.acrosbroker.it
B000098477;https://natcat.artigianbroker.it/
B000098477;https://www.artigianbroker.it/
B000098669;www.pulsarrisk.com
B000099230;www.piacentinibroker.it
B000099506;WWW.ASSIGECO.COM
B000099506;https://compliance.assigeco.it
B000099506;www.assigeco.it
B000099633;www.cibabrokers.it
B000099652;WWW.INSURANCEONLINE.IT
B000099652;www.aibroker.it
B000099652;www.car-ins.it
B000099838;www.lbcbroker.it
B000101281;www.assibroker.net
B000101281;www.assibrokertrasporti.com
B000101796;www.cambiasorisso.com
B000103752;http://www.facebook.com/BrokerPasqualeMerolla
B000104074;www.altexassicurazioni.it
B000104169;www.pcabroker.com
B000108490;www.gruppoquantum.eu
B000111416;https://www.tecnocreditocommerciale.it/
B000114899;AFFINITYITA.HOWDENGROUP.COM
B000114899;HTTPS://ICDWEB.HOWDENGROUP.COM
B000114899;HTTPS://SCUOLASICURA.HOWDENGROUP.COM/ISH.DLL/
B000114899;HTTPS://WWW.HOWDENFLEX.IT/
B000114899;HTTPS://WWW.IDEAVVOCATI.IT/
B000114899;SIMPEF.HOWDENGROUP.COM
B000114899;UNINA.HOWDENGROUP.COM
B000114899;WWW.HOWDENGROUP.COM
B000114899;WWW.NURSIND.HOWDENGROUP.COM
B000114899;https://aimo.howdengroup.com/
B000114899;https://portaleclienti.howdengroup.com/login
B000114899;www.6sicuro.it
B000114899;www.assiteca.it
B000114899;www.chiarezza.it
B000115128;www.assicurazioniprofessionisti.it
B000115128;www.assicurazionitrasporti.it
B000115128;www.esedrabroker.it
B000116319;https://www.facebook.com/niambroker
B000116331;www.aebre.it
B000117096;www.acdbroker.com
B000117871; www.rcconnessa.aon.it
B000117871;www.Mysisal.aon.it
B000117871;www.aaroiemac.aon.it
B000117871;www.acmi.aon.it
B000117871;www.adoi.aon.it
B000117871;www.agentiemediatori.aon.it
B000117871;www.agoal.aon.it
B000117871;www.aicpe.aon.it
B000117871;www.aidc.aon.it
B000117871;www.aiga.aon.it
B000117871;www.aioprotezione.aon.it
B000117871;www.aipo.aon.it
B000117871;www.ali.aon.it
B000117871;www.ancier.aon.it
B000117871;www.anpo.aon.it
B000117871;www.antel.aon.it
B000117871;www.aon.it
B000117871;www.aonsail.aon.it
B000117871;www.architetti.aon.it
B000117871;www.aresbpm.aon.it
B000117871;www.asmooi.aon.it
B000117871;www.assicurazioni.aon.it
B000117871;www.asso231.aon.it
B000117871;www.avvocati.aon.it
B000117871;www.calzedonia.aon.it
B000117871;www.chimici-fisici.aon.it
B000117871;www.comlas.aon.it
B000117871;www.commercialisti.aon.it
B000117871;www.confsalute.aon.it
B000117871;www.consulentilavoro.aon.it
B000117871;www.convenzioni.aon.it
B000117871;www.convenzioniperspitoscana.aon.it
B000117871;www.cralmenarini.aon.it
B000117871;www.donazionesicura.aon.it
B000117871;www.donazionesicura.it
B000117871;www.donazionesicuraintermediate.aon.it
B000117871;www.enpav.aon.it
B000117871;www.entipubblici.aon.it
B000117871;www.epap.aon.it
B000117871;www.fabi.sab.aon.it
B000117871;www.fials.aon.it
B000117871;www.fip.aon.it
B000117871;www.fisioterapisti.aon.it
B000117871;www.fismlombardia.aon.it
B000117871;www.fnopo.aon.it
B000117871;www.fondosancamillo.aon.it
B000117871;www.frontalieri.aon.it
B000117871;www.ginnasticaditalia.aon.it
B000117871;www.giornalisti.aon.it
B000117871;www.ingegneri.aon.it
B000117871;www.intermediazionecreditizia.aon.it
B000117871;www.invictus.aon.it
B000117871;www.isplad.aon.it
B000117871;www.ispvolontariato.aon.it
B000117871;www.italgasappaltatori.aon.it
B000117871;www.ivirma.aon.it
B000117871;www.kaskoextraprofessionale.aon.it
B000117871;www.kaskounicredit.aon.it
B000117871;www.kipoint.aon.it
B000117871;www.lavazza.aon.it
B000117871;www.magistraticortedeiconti.aon.it
B000117871;www.notariato.aon.it
B000117871;www.onesportevents.aon.it
B000117871;www.ordiniefederazioni.aon.it
B000117871;www.pediatri.aon.it
B000117871;www.pediatrisimpef.aon.it
B000117871;www.pirelli.aon.it
B000117871;www.polizzasanitariacdc.it
B000117871;www.polizzaunione.aon.it
B000117871;www.polizzecimo.aon.it
B000117871;www.professioni.aon.it
B000117871;www.professionisti-sanitari.aon.it
B000117871;www.professionisti-sanitari.bsk.aon.it
B000117871;www.professionisti.aon.it
B000117871;www.professionitecniche.oneaffinity.aon.it
B000117871;www.prysmian.aon.it
B000117871;www.radiologisnr.aon.it
B000117871;www.sanitaprivata.aon.it
B000117871;www.sibioc.aon.it
B000117871;www.sidelf.aon.it
B000117871;www.sidemast.aon.it
B000117871;www.simcarabinieri.aon.it
B000117871;www.sinafo.aon.it
B000117871;www.sinpref.aon.it
B000117871;www.sioechcf.aon.it
B000117871;www.siotsafe.aon.it
B000117871;www.sip.aon.it
B000117871;www.sir.aon.it
B000117871;www.sivemp.aon.it
B000117871;www.spedizionieri.oneaffinity.aon.it
B000117871;www.sumai.aon.it
B000117871;www.tsrm.oneaffinity.aon.it
B000117871;www.uil.aon.it
B000117871;www.uilca.aon.it
B000117871;www.urosafe.aon.it
B000117871;www.visto.aon.it
B000117871;www.volontariato.aon.it
B000117871;www.vwfs.aon.it
B000117871;www.zucchetti.aon.it
B000118485;www.sribeuropa.com
B000119157;https://www.sbravati.com/
B000119510;www.settebroker.com
B000120805;www.milanibroker.it
B000121410;stoppatobroker.it
B000121633;www.consulenzassicurativa.it
B000122399;WWW.STUDIOBROKERSNC.IT
B000123419;https://www.abindustria.it/
B000124066;WWW.ROSARIOFESTABROKER.IT
B000128398;www.assipiemonte-broker.it
B000128398;www.assipiemonte.it
B000128535;www.mediorischi.it
B000131029;WWW.GTINSURANCEBROKER.IT
B000131483;WWW.DPBROKERASSICURAZIONI.IT
B000134224;www.praesidiumspa.it
B000134224;www.praesidiumspa.it/prodotti/welfare-aziendale/
B000134224;www.praesidiumspa.it/prodotti/welfare-individuale/
B000134474;www.cambiasorisso.com
B000137063;www.aby.it
B000139788;www.baibroker.com
B000141525;www.brokeronline.it
B000141623;www.omegabroker.it
B000141679;www.polisy.it
B000142058;www.todarobroker.it
B000144061;www.inpiubroker.it
B000145016;GIOVENEBROKER.IT
B000145934;HTTPS://WWW.STEFANOPERISSI.IT
B000148295;WWW.BIANCOASSICURAZIONI.EU
B000148512;www.bizzarrisrl.it
B000151797;www.promosib.it
B000151968;https://borsaniassicurazioni.it/
B000151968;https://www.arag.it/portal/tutela-legale-ols-famiglia/-/ols/2e6facd6-b1f1-4929-8dc4-16e3094ad0e2
B000153706;www.dsbroker.it
B000154468;www.pieffebroker.it
B000154976;www.bepimele.it
B000156620;strategicagroup.com
B000158188;www.assifid.net
B000158188;www.lauratirelli.it
B000159413;HTTPS://WWW.ARAG.IT/PORTAL/TUTELA-LEGALE-OLS-PROFESSIONISTA/-/OLS-PROFESSIONISTA/30CD7121-0603-46CC-8AC8-DE6865737FCF
B000159413;WWW.FINGEA.IT
B000160996;WWW.GSBROKER.IT
B000161136;www.uabroker.com
B000161901;HTTPS://WWW.SICILYBROKER.IT
B000161989;www.professioneprotetta.it
B000163577;www.interassitaly.com
B000163666;www.assiprogramme.it
B000164840;www.poliass.it
B000164840;www.rodino.it
B000164840;www.uniyacht.com/it/
B000166614;WWW.STARBROKER.IT
B000167326;WWW.AREABROKERAGRI.IT
B000168183;www.fdfsud.it
B000169030;www.sanpietrobroker.it
B000170028;www.bizzarrisrl.it
B000170234;www.studiobroker.eu
B000172587;www.idea.it
B000172587;www.nosenzo.com
B000172587;www.nosenzo.it
B000172589;www.aainsurancebroker.it
B000173936;WWW.DEVERE-ITALIA.IT
B000174038;www.soccorsomaffeibroker.it
B000174067;WWW.BROKERASSISTUDIO.IT
B000174067;www.sites.google.com/assicorr.com/assistudio
B000174201;WWW.WHSSRL.COM
B000174237;www.assitrans.it
B000178780;www.nosenzo.it
B000179406;WWW.EFFEBROKER.IT
B000180506;https://cbdigital.tech/
B000181743;www.dedbroker.it
B000182987;www.esseemmebroker.it
B000184067;www.okassicura.it
B000184277;www.bbinsurance.it
B000186487;https://leoncinieassociati.it/
B000186643;WWW.SMBROKER.IT
B000189047;HTTPS://WWW.ASTER-SERVIZI.IT/HOME
B000190145;WWW.CABROKERSRL.IT
B000190145;WWW.POLIZZAASCENSORI.IT
B000190757;www.commercialistiitaliani.it
B000191088;www.bizzarrisrl.it
B000191091;www.bizzarrisrl.it
B000191095;www.bizzarrisrl.it
B000191898;www.gbintermediazioni.it
B000197920;https://www.areabroker.it/
B000197920;https://www.areabroker.it/convenzioni
B000200451;www.invesa.it
B000204699;WWW.AVIAASSICURAZIONI.IT
B000205722;https://www.arag.it/portal/taxi_driver-family/-/prodotto/085c9692-2c94-4488-b0cc-fa9523d3f818
B000205722;https://www.arag.it/portal/taxi_driver-family/-/prodotto/b20ad4e9-8f99-4edc-aaa3-60142bdff200
B000205722;https://www.arag.it/portal/tutela-legale-ols-famiglia/-/ols/682887cf-05d0-48e7-bfe9-b9e692662dd0
B000218545;www.adriabroker.it
B000218547;Www.Girva.it
B000218547;www.ginecologoprotetto.com
B000218547;www.ginecologoprotetto.it
B000224613;www.conadserviziassicurativi.it
B000229515;www.andolfattobroker.it
B000231632;www.b-tbroker.it
B000231885;WWW.CIMINOBROKER.IT
B000234004;https://www.schinasi.it/
B000234225;WWW.ONEGENERAL.IT
B000234440;www.blubroker.it
B000234501;www.bianchiassicurazioni.it
B000239508;www.vianellobroker.com
B000244742;www.princeonline.it
B000244857;www.cbbsrl.it
B000245478;www.orisbroker.it
B000246301;WWW.MAMABROKER.EU
B000256141;WWW.ASSIBROKER.NET
B000261974;www.pantonepartners.com
B000263400;WWW.SOLUZIONIESOLUZIONI.IT
B000266085;https://assicurazioni.seac.it/
B000267157;www.brokerpib.com
B000268562;www.nextibroker.it
B000269514;www.capozucca.com
B000269892;www.globalsafe.it
B000271662;HTTPS://WWW.GRUPPOCONSILIA.COM/
B000271662;HTTPS://WWW.REVISOREASSICURATIVO.COM/
B000271662;HTTPS://WWW.VERIFICASS.COM/
B000272358;www.clbroker.it
B000276103;www.intermediaib.it
B000277030;www.manganomancusobroker.com
B000277733;www.mp-broker.com
B000278298;HTTPS://ASSICURAZIONI.SWITCHO.IT/
B000278298;https://assicurazioni.segugio.it/
B000278298;https://www.cercassicurazioni.it/
B000278298;https://www.ilsole24ore.com/sez/motori/auto/cercassicurazioni
B000278298;https://www.sostariffe.it/assicurazioni/
B000281477;www.januabroker.it
B000284662;HTTPS://CLASS-CONSULTING.IT/
B000286546;WWW.HOWDENGROUP.COM
B000287466;assisteffano.it
B000287466;steffano.com
B000287466;steffano.it
B000287466;steffano.net
B000287466;steffano.tv
B000287466;steffanobroker.com
B000287466;steffanogroup.it
B000290003;www.rpbroker.com
B000290151;www.omegabroker.it
B000290963;WWW.MRTAAC.IT
B000291659;www.aster-servizi.it
B000292245;www.siconolfibroker.com
B000293665;www.gm-brokers.it
B000294785;www.agenzialafavorita.it
B000294785;www.ilbroker-riskmanagement.it
B000298325;WWW.ASSICURAZIONISARDEGNA.IT
B000298525;www.parros.it
B000301813;www.yodhabroker.it
B000302472;www.locktonplferrari.com
B000305415;www.rkville.com
B000306508;www.baibroker.com
B000311067;WWW.IGBASSICURAZIONI.IT
B000311295;www.eramoassociati.it
B000311562;www.apbbroker.it
B000312592;www.rbrbroker.it
B000312804;WWW.COVERSRL.BIZ
B000314208;www.sigmabrescia.it
B000317620;www.rambroker.com
B000318995;www.amgbroker.it
B000320156;www.eteriasrl.com
B000322595;www.portobroker.it
B000323054;VERSPIEREN.IT
B000324132;www.neosbroker.net
B000324178;www.gardabroker.com
B000328211;www.intermedia.vr.it
B000328212;gia.rocchi@gmail.com
B000329468;https://www.fabriziolocoratolo.it 
B000329683;www.lumettabrokers.it
B000330029;romeobroker.it
B000331470;https://insurance.cosulich.com/
B000334314;www.atenabrokers.it
B000334532;www.atsa.it
B000340640;www.logicabroker.com
B000340948;www.dbroker.eu
B000340953;www.primaeconsulting.org
B000342355;www.alabroker.it
B000347957;WWW.BOMMARTINIBROKER.IT
B000350193;WWW.GLOBALBROKER.IT
B000350193;WWW.GLOBALBROKERNEWS.IT
B000350199;WWW.GPMBROKER.IT
B000350499;HTTPS://WWW.ASSITUR.EU/
B000350499;HTTPS://WWW.FACEBOOK.COM/SHARE/18BXSYNH84/
B000350499;HTTPS://WWW.LINKEDIN.COM/COMPANY/BROKERASSITUR-SRL/
B000357171;WWW.ANBROKER.IT
B000368038;WWW.RCAPOINTBROKER.IT
B000373314;https://assogilt.it
B000373314;https://ginecologiasicura.com/
B000373314;https://ginecologiasicura.eu
B000373314;https://ginecologiasicura.it
B000373314;https://www.associazioneathmos.com
B000373314;https://www.bfbinsurancebroker.com/
B000377907;https://www.bsbrokerassicurazioni.it/
B000380154;www.engelsmeister.com
B000380154;www.hubx.eu
B000380180;www.unibroker.it
B000380625;www.vogliottibroker.it
B000381137;https://www.gabrielelettera.it/
B000381279;www.lumesiainsurance.fr
B000381279;www.lumesiainsurancebroker.com
B000381298;www.assimox.com
B000382481;www.studiombroker.it
B000384303;http://greensrl.org/
B000385123;www.gavanellibroker.it
B000385484;https://www.binbroker.it/
B000385490;WWW.CSIBROKER.IT
B000385490;WWW.METODOCSIBROKER.IT
B000385490;WWW.PATENTE-PROTETTA.IT
B000385490;WWW.PATRIMONIO-PROTETTO.IT
B000385490;WWW.RC-AUTOCARRO.IT
B000385490;WWW.REQUISITI-ALBO.IT
B000385490;WWW.TRASPORTO-PROTETTO.IT
B000385623;WWW.BUSINESS.POLIZZAMIGLIORE.IT
B000385623;WWW.POLIZZAAGENTEIMMOBILIARE.IT
B000385623;WWW.POLIZZABIOLOGO.IT
B000385623;WWW.POLIZZACHIRURGO.IT
B000385623;WWW.POLIZZACONSULENTE.IT
B000385623;WWW.POLIZZADENTISTA.IT
B000385623;WWW.POLIZZARCMEDICO.IT
B000385623;WWW.POLIZZAVETERINARIO.IT
B000385623;WWW.POLIZZAVVOCATO.IT
B000385623;www.myassicurazione.it
B000385623;www.polizzaarchitetto.it
B000385623;www.polizzacommercialista.it
B000385623;www.polizzadentista.it
B000385623;www.polizzadiretta.it
B000385623;www.polizzageometra.it
B000385623;www.polizzaingegnere.it
B000385623;www.polizzamigliore.it
B000385623;www.polizzaprofessione.it
B000385623;www.polizzassicurazione.it
B000387306;www.broker-broker.it
B000387930;www.eticabroker.it
B000389342;www.di-piu.it
B000389718;www.gbmoretti.it
B000389732;https://sinergie.assieme.it
B000389732;https://www.assieme.it
B000391094;www.prassibroker.it
B000391497;www.etisicura.it
B000391956;www.alpeadriasrl.wixsite.com/website
B000392237;www.massbroker.it
B000394111;www.beebroker.it
B000394366;www.mfbroker.it
B000394543;www.dmbroker.net
B000394935;www.globalinsurance.it
B000397554;www.m-assicura.com
B000397970;www.gbbrokersas.it
B000397970;www.giovannibarbieri.it
B000398343;www.brokeritaly.com
B000400614;www.bcassicurabroker.com
B000400614;www.bcassicurabroker.it
B000400774;www.rpassicurazioni.com
B000400942;https://magassicurami.com/
B000401406;HTTPS://WWW.ASSIAUTO.IT
B000401406;HTTPS://WWW.ASSICONDOMINIO.IT
B000401406;HTTPS://WWW.ASSIENTIPUBBLICI.IT
B000401406;HTTPS://WWW.ASSIMEDICI.IT
B000401406;HTTPS://WWW.ASSIMILANO.IT
B000401406;HTTPS://WWW.ASSINFERMIERI.IT
B000401406;HTTPS://WWW.ASSIPROFESSIONISTI.IT
B000401406;HTTPS://WWW.ASSISANITA.IT
B000401406;HTTPS://WWW.ASSISANITARIA.IT
B000401406;HTTPS://WWW.DIFESALEGALEMEDICI.IT
B000401406;HTTPS://WWW.POLIZZARCINTERMEDIARI.IT
B000401406;HTTPS://WWW.POLIZZARISCHIOCYBER.IT
B000401406;HTTPS://WWW.SICURAMED.IT
B000401406;HTTPS://WWW.SPERIMENTAZIONECLINICA.EU
B000401406;HTTPS://WWW.SYMPOSIUMDEIPROFESSIONISTI.IT
B000401406;HTTPS://WWW.TUTTOANESTESIA.IT
B000401406;HTTPS://WWW.WHOLESALEBROKER.IT
B000401406;https://www.assifarmacisti.it
B000401406;https://www.polizzacatnat.it
B000401869;www.limestreet.it
B000403726;www.allianceinsay.it
B000404169;HTTPS://WWW.PLEXUSTEAM.EU/
B000404543;www.24h.fan
B000404543;www.24hassistance.at
B000404543;www.24hassistance.ch
B000404543;www.24hassistance.com
B000404543;www.24hassistance.es
B000404543;www.24hassistance.eu
B000404543;www.24hassistance.fr
B000404543;www.24hassistance.it
B000404543;www.24hassistance.si
B000404543;www.assicurazione50.it
B000404543;www.assicurazionebarca.it
B000404543;www.assicurazionebici.it
B000404543;www.assicurazionemotoonline.it
B000404543;www.assicurazionemultisport.com
B000404543;www.assicurazionemultisport.it
B000404543;www.autoplatinum.eu
B000404543;www.autoplatinum.it
B000404543;www.b2c-innovation.com
B000404543;www.bikeplatinum.eu
B000404543;www.bikeplatinum.it
B000404543;www.bikeplatinum.net
B000404543;www.dottorcare.com
B000404543;www.dottorcare.it
B000404543;www.dottordog.com
B000404543;www.dottordog.it
B000404543;www.dottorpet.com
B000404543;www.gymcare.it
B000404543;www.motoplatinum.at
B000404543;www.motoplatinum.com
B000404543;www.motoplatinum.eu
B000404543;www.motoplatinum.it
B000404543;www.multimobility.com
B000404543;www.multimobility.it
B000404543;www.polizzascooter.it
B000404543;www.skippermate.com
B000404543;www.skippermate.it
B000404543;www.snowcare.at
B000404543;www.snowcare.eu
B000404543;www.snowcare.fr
B000404543;www.snowcare.it
B000404543;www.snowcarelessons.com
B000404543;www.touristcare.com
B000404543;www.touristcare.it
B000405132;www.tlinsurance.it
B000405457;https://www.clarassicuratrice.com/
B000408734;www.riskplacer.it
B000409889;HTTPS://AEGISINTERMEDIA.IT
B000409889;WWW.FACEBOOK.COM/AEGISINTERMEDIA/
B000409889;WWW.LINKEDIN.COM/COMPANY/2425177
B000409889;https://aegisintermedia.zohosites.eu/
B000410053;https://it.linkedin.com/company/financing-&-credit-broker-s.r.l.-societa-di-intermediazione-assicurativa-e-di-br
B000410053;https://www.instagram.com/financing_credit_broker?igsh=cnU1cGYyazVwamc5
B000410053;www.financingcredit.it
B000410056;www.bcmbroker.com
B000412237;www.newbrokerservice.it
B000412348;WWW.HOWDENGROUP.COM
B000415177;www.arag.it/portal/tutela-legale-ols-famiglia/-/ols/f9137678-fb97-45e2-bc6b-1689eb84f00f
B000415177;www.rcabroker.it
B000416693;https://assicurazionitechnology.com
B000416693;https://rcprofessionale.ing
B000416693;www.letterainsurancebroker.com
B000419121;https://www.interbrokersrl.com
B000419352;www.futurabrokersrl.it
B000420739;www.prospettivabroker.it
B000422266;www.4gbroker.it
B000425707;www.pvbroker.it
B000425709;WWW.FIT2YOU.IT
B000426636;https://www.qdstudio.it/
B000427706;polizza.vitesicure.it
B000427706;preventivo.bridgebroker.it
B000427706;preventivo.viteprotette.it
B000427706;preventivo.vitesicure.it
B000427706;vitesicure.it
B000427706;www.bridgebroker.it
B000427706;www.viteprotette.com
B000427706;www.viteprotette.it
B000427706;www.viteprotette.life
B000427706;www.vitesicure.com
B000427706;www.vitesicure.eu
B000427706;www.vitesicure.it
B000427738;www.nesios.com
B000428088;www.mdpsrl.net
B000428091;WWW.AREAINSURANCEBROKERS.IT
B000428948;www.agenziascalialberto.it
B000429474;www.corporateinsurancesolutions.it
B000429489;WWW.GENSBROKER.IT
B000430326;www.polizza.it
B000430587;https://risparmio.big-brokers.com/
B000430587;www.big-brokers.com
B000433143;www.abint.it
B000433143;www.assibroker.net
B000433143;www.assibrokertrasporti.com
B000433903;www.euib.it
B000433966;www.perprima.it
B000435878;https://creditplanservices.com/
B000435992;https://www.gruppofalzarano.it/deal-broker-srl/
B000436212;www.spbroker.it
B000436248;WWW.DAMAINSURANCE.IT
B000438200;www.assicurazione-medici.it
B000438200;www.assicurazionearchitetti.it
B000438200;www.assicurazionecommercialisti.it
B000438200;www.assicurazioneingegneri.it
B000438200;www.belardobroker.it
B000438295;www.opabrokersrl.com
B000438490;www.assibroker.net
B000438490;www.assibrokertrasporti.com
B000439395;https://www.facebook.com/nannetti.assicurazioni
B000439879;www.facebook.com/fibsrl/
B000439879;www.instagram.com/brokerfib/?igshid=ZGUzMzM3NWJiOQ%3D%3D
B000441321;WWW.RMPBROKER.IT
B000443675;www.geasindustria.it
B000443808;www.erretiquadroassicurazioni.it
B000444548;WWW.FREEDOMBROKER.IT
B000444653;HTTPS://INTERMEDIARI.IASSBROKER.IT
B000444653;WWW.IASSBROKER.IT
B000446835;http://www.gruppotcs.it
B000446835;http://www.gruppotcs.it/Site/TCS-broker.php
B000449285;www.h03.it
B000450117;https://www.polizzazen.it/
B000451817;www.brokerimpresa.com
B000452063;WWW.APBROKER.IT
B000453495;www.ifsgroup.it
B000454730;www.biogasprotetto.com
B000454730;www.intimebroker.it
B000455606;www.grifohealth.it
B000458954;www.gruppotoday.com
B000460282;www.rindibroker.it
B000460422;www.brokergenesi.it
B000462691;WWW.SOGEABROKERSAS.IT
B000477648;www.consulenzeassicurative.co.it
B000478364;https://www.b2badvisor.it/
B000478368;www.rotasbroker.com
B000479662;www.ibcompany.it
B000480186;www.edge-broker.com
B000480264;https://www.assicurazione.it/
B000480264;https://www.facile.it/
B000480264;https://www.saturno.it/
B000480264;https://www.traveleasy.it/
B000480542;www.assisolution.com
B000482890;www.biessebroker.it
B000482891;www.mbrokers.it
B000482891;www.milanobrokers.it
B000485978;WWW.DUCATIMOTOPROTECTION.IT
B000485978;WWW.MOTOPROTECTION.IT
B000485978;WWW.MOTORRADASSICURA.IT
B000485978;WWW.MVAGUSTAPROTECTION.IT
B000485978;WWW.TRIUMPHEASY.IT
B000487554;https://medioinsurance.com/
B000488439;https://www.facebook.com/rcpolizza/
B000488439;https://www.instagram.com/rcpolizza.it/
B000488439;https://www.linkedin.com/company/rcpolizza.it/posts/?feedView=all
B000488439;https://www.x.com/rcpolizza
B000488439;www.migliorepolizza.it
B000488439;www.rcpoliza.it
B000488439;www.rcpolizza.com
B000488439;www.rcpolizza.eu
B000488439;www.rcpolizza.it
B000488439;www.rcpolizza.net
B000488439;www.rcpolizza.org
B000488439;www.rcpolizza.srl
B000491237;WWW.BROKERFE.COM
B000493398;www.fgis.it
B000494032;WWW.ZENITHBROKER.IT
B000494207;www.creareabroker.it
B000495659;www.facebook.com/onegeneralbroker
B000495659;www.onegeneral.it
B000496720;WWW.UNIBROKERGROUP.NET
B000497180;www.brassitalia.it
B000497424;www.ageabroker.it
B000497896;WWW.3CAPITAL.IT
B000500730;www.devere-italia.it
B000501563;www.okassicura.com
B000501563;www.okassicura.it
B000502915;www.genioassicura.it
B000506876;https://affinity.medicalbrokers.it
B000506876;www.medicalbrokers.it
B000507105;www.assurancebrokers.it
B000508311;WWW.OMNESBROKERSRL.COM
B000508513;www.argobroker.it
B000511867;https://www.sheltia.com/
B000511880;www.assipbroker.com
B000512081;www.lealiassicurazioni.it
B000512416;www.gmcbroker.it
B000513687;WWW.INSERVICEBROKER.IT
B000513985;www.ifbroker.it
B000514026;WWW.ALCABROKER.IT
B000514026;WWW.CATASTROFALE.EU
B000514026;WWW.ILCIGNONERO.EU
B000514026;WWW.POLIZZEXPRESS.IT
B000514242;WWW.Allins.it
B000514296;WWW.SAFEBROKER.IT
B000514657;www.vsbroker.it
B000514691;www.studiobroke.eu
B000514691;www.studiobroker.eu
B000514737;www.lenabroker.it
B000523656;www.informandobroker.net
B000524800;WWW.DELLAPORTABROKER.IT
B000524800;intermediari.@dellaportabroker.it
B000524800;partners.@dellaportabroker.it
B000525056;www.altroconsumoconnect.it
B000528102;http://www.fabbricass.it/
B000528716;HTTPS://ASSICURAZIONE.VITANUOVA.IT/
B000528716;HTTPS://WWW.FACEBOOK.COM/VITANUOVAUFFICIALE
B000528716;HTTPS://WWW.INSTAGRAM.COM/VITANUOVA_VN/
B000528716;HTTPS://WWW.LINKEDIN.COM/COMPANY/VITANUOVA-PREVIDENZAEPROTEZIONE/
B000528716;HTTPS://WWW.YOUTUBE.COM/@VITANUOVASPA
B000528716;www.vitanuova.it
B000529578;www.adhocgestioniassicurative.it
B000529578;www.ahga.it
B000530566;www.vestagroup.eu
B000530660;WWW.PROTECTIONSRLS.IT
B000531028;www.briniv.it
B000532001;www.icm-consulting.it
B000532005;www.momabroker.it
B000532007;www.ggmb-brokers.it
B000532432;www.cfabroker.it
B000532432;www.fideiussioniecauzioni.biz
B000532432;www.vistoturistico.biz
B000533295;www.henia.it
B000533328;www.olifeconsulting.it
B000533389;WWW.COGESTASS.IT
B000533766;www.genialinsurance.it
B000533831;www.multinsurance.it
B000536033;www.paubroker.it
B000536792;www.assicuracars-preventivo.it
B000536792;www.assicuracars.it
B000537077;www.btbbroker.it
B000538864;www.scudobroker.it
B000538939;www.vitalebroker.it
B000539407;www.dexiabroker.it
B000540905;WWW.SIMPLYBROKER.COM
B000540905;WWW.SIMPLYBROKER.IT
B000541119;HTTPS:\\WWW.PAPISERVIZI.COM/ASSICURAZIONI
B000541191;http://www.defilippisbroker.it
B000542107;WWW.ABINT.IT
B000542111;www.andreatobanelli.com
B000542153;www.sinergybroker.com
B000542598;https://www.facebook.com/reginabrokersrl/
B000542598;https://www.instagram.com/reginabrokers.r.l/
B000542598;www.reginabroker.it
B000543832;WWW.FEEDELIO.IT
B000543832;www.abmbroker.it
B000546846;WWW.BROKERLIFE.IT
B000547257;www.infinity-solution.it
B000548272;www.millenniumbroker.com
B000548638; www.wbcsrl.com
B000548946;https://mywide.eu/
B000548946;www.widegroup.eu
B000550010;www.quipobroker.com
B000550317;www.doroteabroker.it
B000550376;www.onebrokerveneto.it
B000550696;https://instagram.com/manconi_consulenzassicurativa?igshid=ZDdkNTZiNTM=
B000550696;https://www.facebook.com/profile.php?id=100090482231884
B000550696;https://www.linkedin.com/in/giorgio-mario-manconi-b06754108
B000550696;https://www.manconiconsulenzaassicurativa.it
B000550807;WWW.CHRONOSINVESTMENTSSRL.COM
B000551245;www.assigecotc.it
B000555761;WWW.MEB-BROKER.COM
B000555761;WWW.RCTRANSIZIONE50.COM
B000555761;WWW.RCTRANSIZIONE50.IT
B000555761;www.meb-broker.it
B000555867;www.zeuscapital-life.it
B000558613;www.aroninsurtech.com
B000558613;www.aronplatform.com
B000558613;www.assicurazione-avvocati.it
B000558613;www.assicurazione-barca.it
B000558613;www.assicurazione-catastrofali.it
B000558613;www.assicurazioneincendioescoppio.it
B000558613;www.assicurazionepermedici.it
B000558613;www.assicurazionercprofessionale.it
B000558613;www.mioassicuratore.it
B000558646;WWW.GRUPPOMELIS.COM
B000558912;WWW.ASSICURAZIONIBRIGNANI.IT
B000559006;www.assicurofacile.it
B000559280;www.dcbroker.it
B000561436;brokercupkovic.it
B000561632;WWW.GBSAPRI.IT
B000561992;www.assidagabroker.it
B000563244;info@dfka.it
B000564280;www.lamybroker.com
B000566143;www.assileasing.it
B000566257;WWW.BMABROKER.IT
B000567011;www.lcnbroker.it
B000567433;www.pensionegarantita.it
B000567433;www.propensione.it
B000567755;GREENIA.IT
B000569561;www.suncore.it
B000569561;www.suncorebroker.com
B000569660;www.protexassicurazioni.com
B000570492;www.mecvis.it
B000573530;www.dallapozzainsurancebroker.it
B000574406;https://yolo-insurance.com/
B000575758;www.tksbroker.it
B000576481;www.assicurasemplice.it
B000576481;www.comparasemplice.it
B000576509;www.phenixbroker.it
B000577057;WWW.CASHFLOWBROKER.IT
B000578250;www.alchimiabroker.com
B000578250;www.alchimiabroker.eu
B000578250;www.alchimiabroker.it
B000579485;www.megabroker.it
B000579509;www.jbroker.it
B000579553;www.enneconsulting.com
B000580123;www.bigass.it
B000584162;WWW.CNRASSICURAZIONI.IT
B000584193;www.1mds.it
B000587275;www.noiassicuriamo.com
B000587275;www.noiassicuriamo.it
B000587275;www.noiassicuriamo.net
B000587275;www.noiassicuriamo.org
B000587536;WWW.FACEBOOK.COM/SBBROKERITALIA
B000587536;WWW.INSTAGRAM.COM/SBBROKERITALIA
B000587536;WWW.SBBROKER.IT
B000587536;WWW.X.COM/BROKER_SB
B000588576;WWW.GREENBROKER.IT
B000588591;www.assicurazionebarca.co
B000588591;www.assicurazionebarca.info
B000588591;www.assicurazionebarca.net
B000588591;www.assicurazionebarca.online
B000588591;www.assicurazionebarca.org
B000588591;www.assicurazionebarca.store
B000588591;www.assicurazionefuoribordo.com
B000588591;www.assicurazioneimbarcazione.com
B000588591;www.corpiyacht.com
B000588591;www.epibroker.com
B000588591;www.epibroker.de
B000588591;www.epibroker.fr
B000588591;www.epibroker.it
B000588591;www.epibroker.nl
B000588591;www.polizzacorpi.com
B000589154;www.agilebroker.it
B000591704;www.advisorepartners.com
B000591704;www.advisorepartners.it
B000592968;www.asigestbroker.com
B000593295;GIANSANTIBROKER.IT
B000594747;www.dlbroker.it
B000595504;www.grossiassicura.it
B000596348;WWW.PROMOZIONIINSURANCEBROKER.IT
B000596756;WWW.STUDIOBROKERSNC.IT
B000598449;https://www.irpiniabroker.it/
B000599551;www.assiomaservice.it
B000600486;WWW.INSURTEK.IT
B000601596;www.animabroker.it
B000604781;www.absstudio.it
B000604810;HTTPS://WWW.EUREKA-INS.IT/
B000605020;www.quifideiussione.it
B000605056;ACFGROUP.IT
B000605123;https://nimble.neosurance.it/
B000605123;https://www.neosurance.eu/
B000605123;https://www.neosurance.it/
B000605379;https://www.facebook.com/profile.php?id=61560290830247
B000605379;https://www.linkedin.com/company/zurlobroker/?viewAsMember=true
B000605379;www.assicurare-drone.it
B000605379;www.assicurarebarca.com
B000605379;www.assicurarebarca.it
B000605379;www.polizzabarca.com
B000605379;www.polizzabarca.it
B000605379;www.polizzacyberisk.it
B000605379;www.polizzenautica.com
B000605379;www.polizzenautica.it
B000605379;www.polizzeviaggi.eu
B000605379;www.zbpoint.com
B000605379;www.zbpoint.eu
B000605379;www.zbpoint.it
B000605379;www.zbpoint.net
B000605379;www.zbpoint.org
B000605379;www.zurlobroker.com
B000605379;www.zurlobroker.eu
B000605379;www.zurlobroker.it
B000605379;www.zurlobroker.net
B000605379;www.zurlobroker.org
B000605520;WWW.ALTABROKER.IT
B000606996;www.polarisbroker.it
B000607297;https://www.insurance-surety.com/
B000607758;WWW.ASSICURABENE.IT
B000607890;https://www.qui-polizza.it/
B000609294;WWW.IBBCBROKERS.COM
B000610553;astracauzioni.it
B000611123;WWW.AREATOSCANA.IT
B000612320;www.miassicuro.it
B000612637;WWW.GALLERYBROKER.IT
B000613423;www.assicurartbroker.it
B000613423;www.professionistaassicurato.it
B000613423;www.saccobrokergroup.it
B000613543;mgmbroker.eu
B000615506;www.leadbroker.it
B000616215;www.camani.it
B000616284;https://borsaniassicurazioni.it/
B000616284;https://www.arag.it/portal/tutela-legale-ols-famiglia/-/ols/2e6facd6-b1f1-4929-8dc4-16e3094ad0e2
B000616923;HTTPS://MFCIB.COM/
B000617382;WWW.ASSY.TECH
B000617629;WWW.UNIQUEBROKER.IT
B000617732;WWW.AURUSBROKER.IT
B000617759;https://assicurapoint.it
B000617759;https://www.facebook.com/share/1CbzCjQrCT/?mibextid=wwXIfr
B000617759;https://www.facebook.com/share/1Fuop1uRmi/?mibextid=wwXIfr
B000617759;https://www.instagram.com/assicura.point?utm_source=ig_web_button_share_sheet&igsh=ZDNlZDc0MzIxNw==
B000617759;https://www.linkedin.com/company/assicura-point/
B000617759;https://www.tiktok.com/@assicurapoint?_t=ZN-8zk1MjWrIjm&_r=1
B000617759;https://youtube.com/@assicurapoint4569?si=gzqwGcqgmkfgWZEG
B000617783;WWW.ALBEAN.IT
B000618359;www.francescoranucci.com
B000618775;https://www.probroker.it/
B000619882;www.jkbroker.com
B000620059;HTTPS://WWW.TIMPRESA.COM/
B000621563;https://www.assideibroker.it
B000622740;www.brokerfe.com
B000622758;https://oraclesbroker.it/
B000623869;www.cfbrokerfondi.it
B000624014;WWW.RISPARMIOASSICURATIVO.COM
B000624014;WWW.RISPARMIOASSICURATIVO.IT
B000624720;www.bbsbroker.com
B000626083;www.bettertogether.cloud/it
B000627192;www.lokky.it
B000627667;www.celtia.it
B000627728;www.studioromagnabroker.it
B000629632;www.rassicura.net
B000629726;www.italianbondhub.it
B000631598;WWW.BPNBROKER.IT
B000631639;WWW.NSYINSURANCEBROKER.COM
B000632689;WWW.TELOASSICURO.IT
B000633572;WWW.ABZINSURANCE.IT
B000634828;https://www.iknosbroker.com/
B000635761;www.allybroker.it
B000636442;www.metirbroker.it
B000637165;https://sites.google.com/view/ycsbroker/home
B000637691;www.ibcbroker.it
B000638846;www.assibro.it
B000639183;WWW.SISTOASSICURAZIONI.NET
B000639601;WWW.NEWBROKER.IT
B000640507;WWW.ASSICURATISRL.IT
B000640527;www.renzotestore.it
B000640567;WWW.INTERAS.IT
B000640746;www.mrbroker.it
B000642054;www.christianpapabroker.it
B000642168;www.mediofide.com
B000644571;www.emmesas.it
B000645237;https://ascbroker.it/
B000645251;www.raffonebroker.it
B000646938;WWW.ALBABROKER.COM
B000651396;WWW.FIOCCHIBROKER.IT
B000652209;https://www.assist2020.com
B000653996;www.90brokerssrls.it
B000657485;www.polizza.eu
B000658416;https://www.facebook.com/profile.php?id=61553262090762
B000658416;www.catastrofali.it
B000658416;www.cauzionionline.com
B000658416;www.polizze-cloud.com
B000658416;www.polizze-cloud.it
B000658416;www.polizze.cloud
B000658416;www.polizzeaziende.it
B000658416;www.polizzecatastrofali.it
B000658416;www.polizzefamiglia.it
B000658416;www.polizzegrandine.com
B000658416;www.polizzegrandine.it
B000658416;www.polizzemediche.it
B000658416;www.polizzemotor.it
B000659528;WWW.BROKERDATA.IT
B000659730;www.damabroker.com
B000661942;https://www.ventiduebroker.it/
B000663181;www.tim.it/fisso-e-mobile/mobile/servizi/mybroker
B000663181;www.timmybroker.it
B000668029;www.aurumib.it
B000668328;www.termarbroker.it
B000668340;www.essebroker.it
B000668764;www.assidagabroker.it
B000669516;www.premiainsurance.it
B000671207;www.clikki.it
B000671207;www.spencerandcarter.com
B000671254;https://brokersenzasorprese.com/
B000671463;www.praker.net
B000671535;https://mgebroker.com/
B000671967;www.freedombroker.it
B000673016;diomare.assipratiko.it/assipratiko/camp/index.php?sorgente=facebook
B000673016;www.diomareassicurazioni.com
B000673016;www.diomareservizi.com
B000674003;https://www.antonioarborebroker.it/
B000674003;https://www.polizza-donazione.it/
B000674775;www.carpiassicurazioni.it
B000675941;HTTPS://WWW.KTSFINANCE.COM/
B000676060;WWW.ELLEVIBROKERS.IT
B000679936;www.sfcbroker.net
B000680202;WWW.DSBROKER.IT
B000680667;www.brokercentersrl.com
B000682659;www.assicuramat.it
B000683085;www.hibsrl.it
B000683746;www.assicurazionimutuo.com
B000683746;www.assicurazionirc.it
B000683746;www.convieneonline.it
B000683746;www.gavabroker.it
B000684872;www.styla.care
B000684950;www.brokeritalia.eu
B000688619;www.b23.tech
B000688619;www.baboop.it
B000689031;www.coverinsurance.it
B000689542;WWW.INTHERMEDIA.COM
B000689758;WWW.AURINOBROKER.COM
B000689758;WWW.FACEBOOK.COM/AURINOBROKER
B000689758;WWW.INSTAGRAM.COM/AURINOBROKER
B000689758;WWW.INSTAGRAM.COM/AURINOBROKER.CASTELLAMMARE
B000689758;www.aurinobroker.it
B000689827;HTTPS://FEDERFARMAINSURANCEBROKER.IT/
B000690063;www.ldlbroker.it
B000690476;https://www.painsurancebroker.it/
B000690560;WWW.ALLIANCE-BROKER.IT
B000690906;assicuratutti.it
B000691461;www.rmriskmanagement.it
B000691645;WWW.HOWDENGROUP.COM
B000691709;WWW.CIMINOBROKER.IT
B000695608;www.assibroker.net
B000697792;www.ilmiobrokerassicurativo.it
B000698540;www.redinsurance.it
B000698832;www.fgmassicurazioni.it
B000699911;WWW.SOLUZIONICLUBBROKER.IT
B000701844;https://www.linkedin.com/company/cfp-associati-srl/
B000701844;www.cfp-associati.com
B000703047;www.alba-assicurazioni.com
B000703221;WWW.SILVESTRIBROKER.IT
B000703465;www.29risk.it
B000703465;www.expertas.it
B000703465;www.quotiamo.it 
B000703851;www.bbabroker.com
B000704397;www.glmbroker.it
B000705788;www.tibroker.it
B000708811;www.altexassicurazioni.it
B000708818;www.tlbroker.it
B000708900;www.assicurare.org
B000708900;www.immobileprotetto.it
B000709744;WWW.LIGHTS-B.IT
B000712426;www.alaudabroker.it
B000712608;www.americanglobal.it
B000714654;www.diemmecibroker.it
B000714733;WWW.BESIDEIS.IT
B000714748;GREENIA.IT
B000717896;www.brokeroma.com
B000718200;www.dpmbroker.it
B000719255;https://www.buttafuoco.biz/
B000719283;www.fgrconsulenza.it
B000719471;www.brokerfid.it
B000719518;WWW.CONCRETABROKER.IT
B000720473;https://www.mdbbroker.it/
B000720500;www.explorabroker.it
B000721751;www.easybondcredit.it
B000722312;www.assicurastoriche.it
B000722538;HTTPS://MDLBROKER.COM/
B000725320;www.besafebroker.it
B000725725;LIENBROKER.IT
B000725899;www.brokerin.it
B000726735;WWW.HIBSRL.IT
B000727093;www.virgoinsurance.it
B000732277;WWW.CSABROKER.COM
B000732846;WWW.VELVETBROKER.IT
B000734849;www.topinsurancebroker.it
B000734976;WWW.ASSICUROCASACONDOMINIO.IT
B000739117;WWW.CONSULENZASSICURATIVA.IT
B000740297;WWW.CDABROKER.IT
B000741066;https://www.famabroker.it
B000742375;WWW.2TPARTECIPAZIONI.IT
B000742762;www.deleoconsulting.it
B000742762;www.deleogroup.it
B000743144;www.erretiquadroassicurazioni.it
B000744243;www.pbroker.it
B000744435;www.emibroker.it
B000744537;HTTPS://CMASSICURABROKER.IT/
B000745327;www.altaquota.eu
B000745327;www.axiogroup.eu
B000748069;https://www.broker-hub.it/
B000748485;WWW.CLARITYBROKER.IT
B000749444;WWW.SAFEINSURANCE.IT
B000751958;www.technebroker.com
B000751960;www.ceabroker.com
B000751960;www.ceabroker.it
B000751968;WWW.FACILISSIMO.MILANO.IT
B000752087;FACEBOOK.COM/PROFILE.PHP?ID=61563433880227&SK=ABOUT_DETAILS
B000752087;LINKEDIN.COM/IN/SALVO-PISTARA-75A39020A/
B000754176;HTTPS://WWW.KECOBROKER.IT/
B000754376;WWW.PSBROKER.IT
B000754500;www.infinas.it
B000756261;www.aretusabroker.com
B000756520;WWW.VALEXBROKER.IT
B000756779;HTTP://WWW.INSURANTIA.IT/
B000757923;WWW.ASSICURAZIONISARTORIALI.IT
B000758057;WWW.FORLIGROUP.IT
B000758258;tutelasicura.it
B000758517;BROKERMEDICI.IT
B000758824;https://www.dnassicurazioni.com/
B000758898;https://brokerpro.it
B000758898;https://www.facebook.com/BrokerPro.it/
B000758930;www.tfacib.it
B000759205;WWW.INSTAGRAM.COM/RUSSO_BROKER
B000759205;WWW.RUSSOBROKER.COM
B000759205;www.facebook.com/profile.php?id=61577236521699
B000759205;www.linkedin.com/company/russo-broker
B000759205;www.linkedin.com/in/titovaleriorusso
B000762496;www.assicura-professionisti.it
B000763035; https://www.facebook.com/profile.php?id=61566915533214
B000763035;https://www.instagram.com/mdb_broker/
B000763035;https://www.linkedin.com/in/mdb-broker-agency-1634a5331/ 
B000763035;https://www.mdbbroker.it/
B000765177;WWW.CHRONOSINVESTMENTSSRL.COM
B000767012;https://francealbanese.wixsite.com/albanese-francesco
B000767012;https://www.facebook.com/profile.php?id=61583634298129
B000767012;https://www.instagram.com/albanese.francesco.broker/
B000767919;WWW.XLBROKERS.IT
B000770561;https://www.assicurazionemonopattinoelettrico.it/
B000775524;WWW.CIMINOBROKER.IT
B000776592;www.wapiti.it
B000777155;www.assicurazioniannarumma.com
B000777155;www.assicurazioniannarumma.it
B000778092;https://dibroker.it/
B000778092;https://rctcovid.consulbrokers.it/
B000778092;https://www.consulbrokers.it/
B000778428;woptabroker.it
B000782681;https://www.bimbroker.it/
B000782973;https://www.zkl-mgu.eu
B000783646;WWW.IDMASSOCIATI.NET
B000784232;www.vibebroker.it
B000784747;https://www.astracauzioni.it/
B000786152;www.avibroker@avibroker.it
B000786162;https://fib-consulting.it
B000788776;WWW.NEXALBROKER.IT
B000788946;www.studiobroker.it
B000789430;https://protexa.it
B000789997;www.assipa.it
B000790650;WWW.GRUPPORAGONI.COM
B000790667;www.medbroker.it
B000794194;www.bibroker.it
B000801724;www.easyassurance.it
B000802660;ALBCONSULT.IT
B000805151;WWW.ABCBROKERITALIA.IT
B000805368;WWW.MEDICOPROTETTOBROKER.IT
B000809112;https://startfound.it/
B000809112;https://startfoundmedical.it/
B000809137;www.extendo.broker
B000809341;www.assiglobal.org
B000809341;www.care4uhotel.com
B000812554;www.cwitaly.it
B000813483;tutelauto.it
B000814537;HTTPS://WTWCO.COM
B000814658;www.studioa.broker
B000814716;giansantibroker.it
B000815371;www.assimarca.it
B000818533;WWW.MOONETY.COM
B000820067;consat-broker.eu
B000822291;WWW.LGBROKER.IT
B000824727;www.horizonbroker.it
B000826423;www.we-advise.eu
B000827927;www.vitiesseservizi.it
B000828023;www.fideiussioni365.it
B000828023;www.paganottibroker.it
B000828249;https://www.assicuratorefacile.com/
B000828249;https://www.futurosenzasorprese.com/
D000026923;www.solution.bank
D000026924;https://it.linkedin.com/company/bcc-di-brescia
D000026924;https://www.facebook.com/bccbrescia/?locale=it_IT
D000026924;https://www.instagram.com/bccbrescia/
D000026924;www.bccbrescia.it
D000026926;www.raiffeisen.it/tisens
D000026928;www.assicura.si
D000026928;www.raikaritten.it
D000026931;www.ostravetere.bcc.it
D000026932;WWW.METAURO.BCC.IT
D000026933;WWW.SIBILLINI.BCC.IT
D000026935;www.recanati.bcc.it
D000026936;www.anconafalconara.bcc.it
D000026937;WWW.PERGOLACORINALDO.BCC.IT
D000026938;www.raiffeisen.it/de/deutschnofen-aldein
D000026940;https://www.facebook.com/BancaDiCherasco/
D000026940;https://www.instagram.com/bancadicherasco/
D000026940;https://www.linkedin.com/company/banca-di-cherasco---credito-cooperativo
D000026940;https://www.youtube.com/user/BancadiCherasco
D000026940;www.bancadicherasco.it
D000026941;www.ostra.bcc.it
D000026943;www.bccpm.it
D000026944;www.bccsanmarcocavoti.it
D000026948;www.ripa.bcc.it
D000026950;www.fano.bcc.it
D000026956;https://www.facebook.com/bpopcom
D000026956;https://www.instagram.com/bancapopolarecommerciale
D000026956;https://www.linkedin.com/company/banca-popolare-commerciale
D000026956;www.popves.it
D000026958;www.bancosardegna.it
D000026961;HTTPS://WWW.CRACASTELLANA.IT/DEFAULT.ASP
D000026962;www.volksbank.it
D000026965;www.labcc.it
D000026967;https://www.raiffeisen.it/de/partschins.html
D000026969;www.crvolterra.it
D000026971;https://it.linkedin.com/company/bcc-valdostana
D000026971;www.valdostana.bcc.it
D000026972;www.carifermo.it
D000026974;www.bccbinasco.it
D000026977;WWW.BCCSANGIOVANNIROTONDO.IT
D000026977;https://www.facebook.com/bccsangiovannirotondo
D000026977;https://www.instagram.com/bccsgr/
D000026977;https://www.linkedin.com/company/bccsangiovannirotondo
D000026977;https://www.youtube.com/@bccsangiovannirotondo7893
D000026988;WWW.BAPS.IT
D000026991;www.popcortona.it
D000026994;www.bccpaliano.it
D000026997;www.bancadibologna.it
D000026997;www.facebook.com/bancadibologna
D000026997;www.instagram.com/bancadibolognaofficial
D000026997;www.linkedin.com/company/banca-di-bologna
D000027000;www.bancapopolaredelcassinate.it
D000027001;www.bancaaltatoscana.it
D000027004;www.bancabtm.it
D000027004;www.facebook.com/bancabtm
D000027004;www.instagram.com/banca_btm/?hl=it
D000027004;www.linkedin.com/company/bancabtm22
D000027004;www.youtube.com/channel/UCVMY3Eb0j2vb6ak5nmNpTyA
D000027006;www.bccprovinciaromana.it
D000027011;WWW.BDMBANCA.IT
D000027012;www.bccpratola.it
D000027013;www.bvlg.it
D000027014;www.bccostuni.it
D000027017;www.creditopadano.it
D000027018;www.raiffeisen.it/de/tauferer-ahrntal.html
D000027019;www.raika.it
D000027020;www.raiffeisen.it/it/silandro
D000027023;HTTPS://WWW.CREDIT-AGRICOLE.IT/IMPRESE-E-CORPORATE/ASSICURAZIONE-E-GESTIONE-RISCHI/INSIEME-PIU-PROTETTI
D000027023;HTTPS://WWW.CREDIT-AGRICOLE.IT/PRIVATI/ASSICURAZIONI
D000027023;HTTPS://WWW.CREDIT-AGRICOLE.IT/PRIVATI/ASSICURAZIONI/BENI-PERSONALI/PROTEZIONE-MEZZI-DI-PAGAMENTO
D000027023;HTTPS://WWW.CREDIT-AGRICOLE.IT/PRIVATI/ASSICURAZIONI/BENI-PERSONALI/PROTEZIONE-MOBILE
D000027023;HTTPS://WWW.CREDIT-AGRICOLE.IT/PRIVATI/ASSICURAZIONI/FAMIGLIA/ASSICURAZIONE-CASA
D000027023;HTTPS://WWW.CREDIT-AGRICOLE.IT/PRIVATI/ASSICURAZIONI/FAMIGLIA/PROTEZIONE-INFORTUNI-PIU
D000027023;HTTPS://WWW.CREDIT-AGRICOLE.IT/PRIVATI/ASSICURAZIONI/FAMIGLIA/PROTEZIONE-PENSARE-DOMANI
D000027023;HTTPS://WWW.CREDIT-AGRICOLE.IT/PRIVATI/ASSICURAZIONI/FAMIGLIA/PROTEZIONE-PERSONA-SALUTE
D000027023;HTTPS://WWW.CREDIT-AGRICOLE.IT/PRIVATI/ASSICURAZIONI/POLIZZA-RC-AUTO
D000027023;HTTPS://WWW.CREDIT-AGRICOLE.IT/PRIVATI/ASSICURAZIONI/POLIZZA-RC-MOTO
D000027023;HTTPS://WWW.CREDIT-AGRICOLE.IT/PRIVATI/ASSICURAZIONI/PRESTITI-E-FINANZIAMENTI/PROTEZIONE-FINANZIAMENTO
D000027023;HTTPS://WWW.CREDIT-AGRICOLE.IT/PRIVATI/MUTUI/SERVIZI-CA-HOME
D000027023;HTTPS://WWW.CREDIT-AGRICOLE.IT/PRIVATI/UNIVERSITA
D000027023;HTTPS://WWW.CREDIT-AGRICOLE.IT/PRIVATI/UNIVERSITA/UNIVERSITA-CA-FOSCARI-VENEZIA
D000027023;HTTPS://WWW.CREDIT-AGRICOLE.IT/PRIVATI/UNIVERSITA/UNIVERSITA-DEGLI-STUDI-DI-BRESCIA
D000027023;HTTPS://WWW.CREDIT-AGRICOLE.IT/PRIVATI/UNIVERSITA/UNIVERSITA-DEGLI-STUDI-DI-PARMA
D000027023;HTTPS://WWW.CREDIT-AGRICOLE.IT/PRIVATI/UNIVERSITA/UNIVERSITA-DI-CATANIA
D000027023;HTTPS://WWW.CREDIT-AGRICOLE.IT/PRIVATI/UNIVERSITA/UNIVERSITA-IUAV-DI-VENEZIA
D000027023;HTTPS://WWW.CREDIT-AGRICOLE.IT/PROFESSIONISTI-E-PMI/ASSICURAZIONE-E-PREVIDENZA/ASSICURAZIONE-DIPENDENTI/PROTEZIONE-INFORTUNI-PIU
D000027023;HTTPS://WWW.CREDIT-AGRICOLE.IT/PROFESSIONISTI-E-PMI/ASSICURAZIONE-E-PREVIDENZA/ASSICURAZIONE-IMPRESA
D000027023;HTTPS://WWW.CREDIT-AGRICOLE.IT/PROFESSIONISTI-E-PMI/ASSICURAZIONE-E-PREVIDENZA/ASSICURAZIONE-IMPRESA/POLIZZA-INCENDIO-SCOPPIO
D000027023;HTTPS://WWW.CREDIT-AGRICOLE.IT/PROFESSIONISTI-E-PMI/ASSICURAZIONE-E-PREVIDENZA/ASSICURAZIONE-IMPRESA/PROTEZIONE-AFFIDAMENTI-PIU
D000027023;HTTPS://WWW.CREDIT-AGRICOLE.IT/PROFESSIONISTI-E-PMI/ASSICURAZIONE-E-PREVIDENZA/ASSICURAZIONE-IMPRESA/PROTEZIONE-FINANZIAMENTO-BUSINESS
D000027023;HTTPS://WWW.CREDIT-AGRICOLE.IT/PROFESSIONISTI-E-PMI/ASSICURAZIONE-E-PREVIDENZA/ASSICURAZIONE-IMPRESA/PROTEZIONE-PICCOLA-IMPRESA
D000027026;www.bccbellegra.it
D000027027;www.bancacampaniacentro.it
D000027030;www.raiffeisen.it/campo-di-trens
D000027030;www.raiffeisen.it/freienfeld
D000027033;https://www.bancacentroemilia.it/
D000027033;https://www.facebook.com/bancacentroemilia
D000027033;https://www.instagram.com/bcc_banca_centro_emilia/
D000027033;https://www.linkedin.com/company/banca-centro-emilia---credito-cooperativo-societ%C3%A0-cooperativa/
D000027034;www.bancacrs.it
D000027036;www.bccsarsina.it
D000027040;WWW.RAIFFEISEN.IT/BRUNICO
D000027040;WWW.RAIFFEISEN.MY-NSURANCE.IT
D000027047;www.bancadipesciaecascina.it
D000027048;www.raiffeisen.it/obervinschgau
D000027055;www.bccavetrana.it
D000027058;https://www.facebook.com/people/BCC-di-Spello-e-del-Velino/61567955431585/?mibextid=wwXIfr&rdid=jOgH4ykdBLGJv9xD&share_url=https%3A%2F%2Fwww.facebook.com%2Fshare%2F1ELvahmSyf%2F%3Fmibextid%3DwwXIfr
D000027058;https://www.linkedin.com/company/bcc-di-spello-e-del-velino
D000027058;www.bccspelloevelino.it
D000027059;RAIFFEISEN.MY-NSURANCE.IT
D000027059;WWW.RAIFFEISEN.IT/WIPPTAL
D000027063;www.cariorvieto.it
D000027065;www.bancavalsabbina.com
D000027066;www.cradiborgo.it
D000027066;www.facebook.com/cradiborgo
D000027066;www.instagram.com/cradiborgo/
D000027067;trasparenza.cracantu.it
D000027067;www.cracantu.it
D000027070;www.bccroma.it
D000027072;WWW.BCCBRIANZAELAGHI.IT
D000027075;www.bccro.it
D000027077;https://www.facebook.com/bancadicaraglio/
D000027077;https://www.instagram.com/banca_di_caraglio/
D000027077;https://www.linkedin.com/company/banca-di-caraglio-credito-cooperativo-s.c./?disable_polymer=true
D000027077;www.bancadicaraglio.it
D000027080;www.assicura.si
D000027080;www.bccabruzziemolise.it
D000027082;www.raiffeisen.it//de/etschtal.html
D000027084;www.bccveneziagiulia.it
D000027089;https://instagram.com/crvaldinon
D000027089;https://www.facebook.com/crvaldinon
D000027089;https://www.linkedin.com/company/cassa-rurale-val-di-non/
D000027089;https://www.youtube.com/@cassaruralevaldinon-rotali3673
D000027089;www.crvaldinon.it
D000027090;www.raiffeisen.it/it/di-salorno.html
D000027092;www.raiffeisen.it/it/lasa
D000027098;www.bccrivarolo.it
D000027099;www.pianfeieroccadebaldi.bcc.it
D000027101;https://www.facebook.com/BCCCassanoMurgeTolve/
D000027101;https://www.instagram.com/bcccassanodellemurgeetolve/
D000027101;https://www.linkedin.com/company/bcc-di-cassano-delle-murge-e-tolve
D000027101;www.bcccassanomurge.it
D000027102;https://it.linkedin.com/company/cassa-rurale-valsugana-e-tesino-banca-di-credito-cooperativo
D000027102;https://www.facebook.com/CRValsuganaTesino/
D000027102;https://www.instagram.com/cassa_rurale_vt/
D000027102;www.cr-valsuganaetesino.net
D000027103;www.bcccastellituscolo.it
D000027104;https://www.facebook.com/bancapts/
D000027104;https://www.instagram.com/bancaperiltrentinoaltoadige/#
D000027104;www.bancapts.it
D000027105;WWW.BPER.IT
D000027106;https://www.raiffeisen.it/de/passeier
D000027109;www.facebook.com/primacassafvg
D000027109;www.instagram.com/primacassafvg
D000027109;www.linkedin.com/company/primacassa-credito-cooperativo-fvg
D000027109;www.primacassafvg.it
D000027111;https://www.raiffeisen.it/it/oltradige.html
D000027113;HTTPS://WWW.RAIFFEISEN.IT/DE/LANDESBANK.HTML
D000027116;WWW.BVRBANCAVENETOCENTRALE.IT
D000027116;www.facebook.com/bvrbancavenetocentrale
D000027116;www.instagram.com/bvrbancavenetocentrale/
D000027116;www.linkedin.com/company/bvr-banca-veneto-centrale/?viewAsMember=true
D000027116;www.youtube.com/channel/UCiC0Uq19pPrwGcUPG79BvTw
D000027117;WWW.BANCAINVESTIS.COM
D000027119;www.raiffeisen.it/it/scena
D000027120;www.bancadiasti.it
D000027120;www.biverbanca.it
D000027126;https://promo.sella.it
D000027126;https://www.sella.it
D000027128;www.bcccastiglione.it
D000027130;www.raiffeisen.it/marling
D000027131;www.sanfelice1893.it
D000027132;www.bancamediolanum.it
D000027132;www.mediolanumassicurazioni.it
D000027132;www.mediolanumvita.it
D000027136;www.bccmarinadiginosa.it
D000027137;www.cremascamantovana.it
D000027140;www.bcclavello.it
D000027147;www.bplajatico.it
D000027148;www.intesasanpaoloprivatebanking.com
D000027148;www.intesasanpaoloprivatebanking.it
D000027150;www.bancavalsassina.it
D000027154;www.bancadelterritoriolombardo.it
D000027154;www.facebook.com
D000027154;www.instagram.com
D000027154;www.linkedin.com
D000027155;www.bancacredifarma.it
D000027158;https://www.facebook.com/bcclocorotondo/
D000027158;https://www.instagram.com/bcc_locorotondo/
D000027158;https://www.linkedin.com/company/bcc-locorotondo/
D000027158;www.bcclocorotondo.it
D000027162;www.bancodilucca.it/ita/Privati/Assicurazioni
D000027170;www.assicura.si
D000027170;www.sicilbanca.it
D000027175;WWW.BCCDEGLIULIVI.IT
D000027176;www.assicura.si
D000027176;www.bcclodi.it
D000027176;www.prestipay.it
D000027178;www.agenziadbeasy.it
D000027178;www.dbeasy.it
D000027178;www.dbinsieme.com
D000027178;www.deutsche-bank.it
D000027180;https://www.facebook.com/cassapadana
D000027180;https://www.linkedin.com/company/cassa-padana-bcc
D000027180;www.cassapadana.it
D000027186;www.lacassa.com/ita/Privati/Assicurazioni
D000027189;http://www.bccleverano.it/
D000027198;www.bccappulolucana.it
D000027200;www.castagnetobanca.it
D000027200;www.facebook.com/castagnetobanca/
D000027200;www.instagram.com/castagnetobanca/
D000027200;www.linkedin.com/company/29121250/admin/dashboard/
D000027203;www.bancaetica.it/imprese/protezione/
D000027203;www.bancaetica.it/organizzazioni/protezione/
D000027203;www.bancaetica.it/privati-e-famiglie/protezione/
D000027203;www.facebook.com/bancaetica
D000027203;www.instagram.com/bancaetica/
D000027203;www.linkedin.com/company/banca-etica/
D000027203;www.threads.net/@bancaetica
D000027210;https://www.facebook.com/intesasanpaolo/
D000027210;https://www.intesasanpaolo.com/
D000027219;www.bccoglioeserio.it
D000027222;www.bccmilano.it
D000027226;www.cassaruralefvg.it
D000027226;www.facebook.com/cassaruralefvg/
D000027226;www.instagram.com/cassarurale_fvg/
D000027226;www.linkedin.com/Cassa Rurale FVG/
D000027226;www.youtube.com/cassaruralefvg6398/
D000027229;https://it.linkedin.com/company/bcc-di-conversano
D000027229;https://www.bccconversano.it
D000027230;www.bccmozzanica.it
D000027231;www.bccbanca1897.it
D000050734;https://twitter.com/BancaMontePruno
D000050734;https://www.facebook.com/share/1ArdmdVpCC/?mibextid=wwXIfr
D000050734;https://www.instagram.com/bancamontepruno?igsh=MXRqZ2JubmJkdjBmMg==
D000050734;https://www.linkedin.com/company/banca-monte-pruno/
D000050734;https://www.youtube.com/bancamontepruno
D000050734;www.bccmontepruno.it
D000051067;www.alto-garda.com
D000051067;www.alto-garda.it
D000051067;www.alto-garda.net
D000051067;www.altogarda.com
D000051067;www.altogarda.it
D000051067;www.altogarda.net
D000051067;www.altogardarovereto.it
D000051067;www.altogardarovereto.net
D000051067;www.cassaruralealtogardaerovereto.it
D000051067;www.cassaruralealtogardaerovereto.net
D000051067;www.cassaruralealtogardarovereto.it
D000051067;www.cassaruralealtogardarovereto.net
D000051067;www.cassaruraledirovereto.it
D000051067;www.cassaruralerovereto.it
D000051067;www.cr-ager.com
D000051067;www.cr-ager.it
D000051067;www.cr-ager.net
D000051067;www.cr-agr.it
D000051067;www.cr-agr.net
D000051067;www.cr-altogarda-rovereto.com
D000051067;www.cr-altogarda-rovereto.it
D000051067;www.cr-altogarda-rovereto.net
D000051067;www.cr-altogarda.it
D000051067;www.cr-altogarda.net
D000051067;www.cr-altogardarovereto.com
D000051067;www.cr-altogardarovereto.it
D000051067;www.cr-altogardarovereto.net
D000051067;www.cr-arco.com
D000051067;www.cr-arco.it
D000051067;www.cr-rovereto.it
D000051067;www.crager.it
D000051067;www.cragr.it
D000051067;www.cragr.net
D000051067;www.craltogarda-rovereto.it
D000051067;www.craltogarda-rovereto.net
D000051067;www.craltogardaerovereto.it
D000051067;www.craltogardaerovereto.net
D000051067;www.craltogardarovereto.com
D000051067;www.craltogardarovereto.it
D000051067;www.craltogardarovereto.net
D000051067;www.mutuovantaggio.com
D000051067;www.mutuovantaggio.it
D000051067;www.ruralerovereto.it
D000051125;WWW.RAIFFEISEN.IT/VAL-BADIA
D000051233;www.raiffeisenlana.it
D000051233;www.vzlana.it
D000051268;www.bancavalpolicella.it
D000051268;www.valpolicellabenacobanca.it
D000051268;www.vbbanca.it
D000051279;WWW.CRFOSSANO.IT
D000051310;www.raiffeisen.it/it/bassa-atesina.html
D000051530;www.meranbank.it
D000051651;https://it.linkedin.com/company/bccalberobellosammichelemonopoli
D000051651;https://www.instagram.com/bccalberobello/
D000051651;www.bccalberobello.it
D000051651;www.facebook.com/bccalberobellosammichelemonopoli
D000051830;www.cr-ledro.net
D000052471;https://www.bccvaldarnofiorentino.it/
D000052613;www.bccmadonie.it
D000053260;www.bancadonrizzo.it
D000053849;www.raiffeisen.it/kastelruth-stulrich
D000053970;www.bancadellamarca.it
D000054090;HTTPS://WWW.BCCCALABRIANORD.IT
D000055289;https://posteassicura.poste.it/
D000055289;https://posteinsurancebroker.poste.it/
D000055289;https://postevita.poste.it/
D000055289;https://www.poste.it/
D000055335;https://it.linkedin.com/company/bancomarchigiano
D000055335;https://www.facebook.com/bancomarchigiano
D000055335;https://www.instagram.com/bancomarchigiano
D000055335;https://www.youtube.com/@bancomarchigiano
D000055335;www.bancomarchigiano.it
D000055489;www.raiffeisen.it/laces
D000055489;www.raiffeisen.it/latsch
D000055711;www.assicura.si
D000055711;www.crvaldifiemme.it
D000055875;www.fpbcassa.it
D000056238;www.raiffeisen.it/de/niederdorf.html
D000056243;www.bancaannia.it
D000056493;www.raiffeisen.it
D000056493;www.rk-untervinschgau.it
D000056493;www.rkuv.it
D000056662;www.bccdellavalledeltrigno.it
D000056673;www.banca360fvg.it
D000056673;www.facebook.com/Banca360FVG
D000056673;www.instagram.com/Banca360FVG/
D000056673;www.linkedin.com/company/banca360fvg
D000057837;www.mediocrati.it
D000057883;www.bancasanfrancesco.it
D000058316;www.Bancagenerali.com
D000058316;www.Bancagenerali.it
D000058316;www.Bancageneraliprivate.it
D000058316;www.Consulente.bancagenerali.it
D000058742;WWW.BANCADELPIEMONTE.IT
D000059474;www.credem.it
D000059545;www.bancadiudine.it
D000060308;WWW.CREDEMEUROMOBILIAREPB.IT
D000060446;www.bccas.it
D000060529;www.benebanca.it
D000060672;www.fideuram.it
D000060672;www.fideuramdirect.it
D000060672;www.iwprivateinvestments.it
D000060672;www.sanpaoloinvest.it
D000060760;www.bcccanosa.it
D000062125;WWW.BCCVENETA.IT
D000062508;www.bccaltofonteecaccamo.it
D000062974;https://www.facebook.com/bancamps
D000062974;https://www.instagram.com/banca_mps/
D000062974;www.mps.it
D000064865;https://www.bccsanmarzano.it
D000064865;https://www.facebook.com/bccsanmarzano/?locale=it_IT 
D000064865;https://www.instagram.com/bccsanmarzano/?hl=it
D000064865;https://www.linkedin.com/company/bcc-san-marzano-di-san-giuseppe/
D000064865;https://x.com/bccsanmarzano.it
D000066202;www.assicura.si
D000066202;www.bancaprealpisanbiagio.it
D000066202;www.prestipay.it
D000070608;WWW.BANCADIIMOLA.IT
D000070667;https://www.cmbanca.it
D000070707;https://it.linkedin.com/company/bccfelsinea
D000070707;https://www.facebook.com/bccfelsinea
D000070707;https://www.instagram.com/bccfelsinea/
D000070707;https://www.youtube.com/@bccfelsinea
D000070707;www.bccfelsinea.it
D000070708;www.raiffeisen.it/de/hochpustertal.html
D000070759;www.bccsanteramo.it
D000070977;www.bancanagni.it
D000070977;www.facebook.com/BancAnagni/
D000070977;www.instagram.com/bancanagni/
D000071143;www.bancaveronese.it
D000071194;www.raiffeisen.it/sarntal
D000074161;WWW.LINKEDIN.COM/COMPANY/CASSA-RURALE-VALLAGARINA-BC
D000074161;www.crvallagarina.it
D000074416;www.bancaterrevenete.it
D000074473;www.raiffeisen.it/it/prato-tubre.html
D000074546;www.raiffeisen.it/untereisacktal
D000074714;www.raiffeisengherdeina.it
D000074771;www.raiffeisen.it/de/tirol
D000074889;www.bancadicagliari.it
D000074896;www.cr-valdisole.it
D000076548;WWW.BANCALAZIONORD.IT
D000076548;WWW.FACEBOOK.COM/BANCALAZIONORD/
D000076548;WWW.INSTAGRAM.COM/BANCALAZIONORD/
D000076548;WWW.LINKEDIN.COM/COMPANY/BANCA-LAZIO-NORD-CREDITO-COOPERATIVO
D000077759;www.filottrano.bcc.it
D000078677;www.bancadipesaro.it
D000078983;www.bccgarda.it
D000078992;www.credifriuli.it
D000079527;www.raiffeisen.it/de/eisacktal
D000079678;www.bancadelpiceno.bcc.it
D000079699;www.raiffeisen.it/de/toblach
D000079987;www.bancadiboves.it
D000080020;www.centropadana.bcc.it
D000080024;www.raiffeisen.it/schlern-rosengarten
D000080048;www.bccadriaticoteramano.it
D000080265;WWW.BCCAQUARA.IT
D000080275;https://it.linkedin.com/company/zkb-credito-cooperativo-di-trieste-e-gorizia
D000080275;https://www.facebook.com/zkbtsgo/
D000080275;https://www.zkb.it/
D000080291;www.bancadipiacenza.it
D000080292;WWW.BCP.IT
D000080809;www.cassacentrale.it
D000081590;https://www.facebook.com/craltavalsugana
D000081590;https://www.linkedin.com/company/cassa-rurale-alta-valsugana/
D000081590;www.cr-altavalsugana.net
D000088459;www.agrobresciano.it
D000088875;www.bccregalbuto.it
D000089049;www.bancavaldarno.it
D000090347;www.cortinabanca.it
D000090400;www.raiffeisen.it/welsberg-gsies-taisten
D000091371;www.raiffeisen.it/it/vandoies
D000104053;https://www.facebook.com/share/19diTJHmn6/?mibextid=wwXIfr
D000104053;https://www.instagram.com/bcc.barlassina?igsh=cHkzcmgzNXJ5aXQz
D000104053;www.bccbarlassina.it
D000108420;https://www.bancadiarborea.it/
D000108789;www.bccgambatesa.it
D000109374;www.bancaalpimarittime.it
D000113935;www.assicura.si
D000113935;www.bcccentrocalabria.it
D000121707;www.raiffeisen.it/funes
D000121707;www.raiffeisen.it/villnoess
D000122878;WWW.ASSICURA.SI
D000122878;WWW.PRESTIPAY.IT
D000122878;WWW.PRESTIPAYWEB.IT
D000122878;www.bancacentrolazio.net
D000128701;www.bccvalledeltorto.it
D000132022;www.sparkasse.it
D000132173;WWW.BPF.IT
D000136949;https://www.raiffeisen.it/it/ultimo-s-pancrazio-lauregno.html
D000138051;www.bccpachino.it
D000167285;www.bccvicentino.it
D000172703;https://whatsapp.com/channel/0029VaGnR9KGE56mAtNnqw3Z
D000172703;https://www.facebook.com/cassaruraleadamellogiudicarievalsabbiapaganella
D000172703;https://www.instagram.com/la.cassa.rurale/
D000172703;https://www.linkedin.com/company/56064769
D000172703;https://www.youtube.com/channel/UClnS7Rq3CrbIMNrmXQisz9A
D000172703;www.lacassarurale.it
D000186427;instagram.com/bccmalatestiana
D000186427;www.bancamalatestiana.it
D000186427;www.facebook.com/bancamalatestiana
D000186427;www.linkedin.com/company/banca-malatestiana-credito-cooperativo---soc-coop/?originalSubdomain=it
D000186427;www.youtube.com/user/BCCMalatestiana
D000186434;www.bccscafatiecetara.it
D000186738;www.bccabruzzese.it
D000187374;www.bancaelba.it
D000190058;https://www.bancodesio.it/it
D000197591;www.bppm.eu
D000197839;www.fidesspa.com
D000199761;www.unicreditleasing.it
D000199885;www.mercedes-benz.it
D000199885;www.mercedes-benz.it/passengercars/finance/insurance.html_1.it
D000199885;www.mercedes-benz.it/vans/finance/insurance.html_2.it
D000199885;www.smart.mercedes-benz.com
D000199885;www.smart.mercedes-benz.com/it/it/financial-services#servizi-assicurativi_3.com
D000200005;www.santanderconsumer.it
D000200298;www.sellapersonalcredit.it
D000200406;https://www.findomestic.it/
D000200619;https://finanziamenti.agos.it
D000200619;https://www.agos.it/assicurazioni/
D000200619;www.agos.it
D000200668;HTTPS://LEASING.SELLA.IT/
D000201446;www.bnl.it/it/Individui-e-Famiglie/Protezione
D000201446;www.hellobank.it/it/Assicurazioni/No-Problem-Plus
D000201452;www.bancadisconto.it
D000203096;www.chebanca.it
D000203141;www.compass.it/compassicura-assicurazioni.html
D000203141;www.compassquinto.it/trasparenza.html
D000205521;MAGAZINE.IBLBANCA.IT
D000205521;www.iblbanca.it
D000223918;https://it.linkedin.com/company/bcc-alta-murgia
D000223918;https://www.facebook.com/BCCAltaMurgia/?locale=it_IT
D000223918;https://www.instagram.com/bccaltamurgia/
D000223918;www.bccaltamurgia.it
D000229517;https://tratonfsitaly.com
D000232722;WWW.CASSALOMBARDA.IT
D000233765;www.bccleasing.it
D000234705;https://clarisleasing.it/it
D000242355;www.bperleasing.it
D000242552;www.creditis.it/assicurazione
D000242559;WWW.SELMABIPIEMME.IT
D000245614;www.bccagrigentino.it
D000258442;www.bccflumeri.it
D000258462;www.credemleasing.it
D000269888;www.bancacambiano.it
D000273257;www.bancaifis.it
D000283589;www.emilbanca.it
D000286954;www.bancadriacollieuganei.it
D000315600;www.bccnapoli.it
D000320132;HTTPS://WWW.CA-LEASING.IT/
D000334536;www.extrabanca.com
D000350184;WWW.UNICREDIT.IT/IT/PICCOLE-IMPRESE.HTML
D000350184;WWW.UNICREDIT.IT/IT/PRIVATE.HTML
D000350184;WWW.UNICREDIT.IT/IT/PRIVATI.HTML
D000350184;www.buddy.unicredit.it
D000350184;www.buddyunicredit.it
D000350184;www.unicredit.it/it/corporate.html
D000350184;www.unicreditleasing.it
D000350191;www.chiantibanca.it
D000364581;www.bcccreditoconsumo.it
D000364581;www.crediper.it
D000365410;www.bancacesareponti.it
D000380626;www.bancadiandria.it
D000416928;WWW.SCMSIM.IT
D000441454;www.assicura.si
D000441454;www.bccc.it
D000449829;https://www.bccrentlease.it
D000477298;WWW.CIVIBANK.IT
D000495877;faustoaugustobortolus.consulente.widiba.it
D000495877;giuseppeabbatangelo.consulente.widiba.it
D000495877;giuseppebarresi.consulente.widiba.it
D000495877;https://twitter.com/widiba_tw
D000495877;https://www.facebook.com/BancaWidiba
D000495877;https://www.instagram.com/bancawidiba/
D000495877;https://www.linkedin.com/company/banca-widiba/
D000495877;https://www.youtube.com/@WidibaIt
D000495877;paololepore.consulente.widiba.it
D000495877;www.widiba.it
D000511179;www.bcccalabriaulteriore.com
D000521717;www.bccbergamascaeorobica.it
D000533343;www.stellantis-financial-services.it
D000533651;www.bccdeicastelliedegliiblei.it
D000538938;www.rivierabanca.it
D000539395;www.bccromagnolo.it
D000546007;https://www.fondionline.it/
D000552871;www.bcccaravaggio.it
D000553205;www.bancacentro.it
D000553213;www.bancofiorentino.it
D000561350;https://www.bancatema.it/#
D000563706;https://www.bancobpm.it/
D000563709;https://instagram.com/Romagnabanca
D000563709;https://www.facebook.com/RomagnaBanca/
D000563709;https://www.linkedin.com/company/romagnabanca
D000563709;www.romagnabanca.it
D000606348;www.prestiamoci.it
D000623942;https://www.toyota-fs.it/
D000628844;www.prexta.it
D000629284;www.avverafinanziamenti.it
D000645094;WWW.BCABANCA.IT
D000650943;WWW.PRESTIPAY.IT
D000650943;WWW.PRESTIPAYFIVE.IT
D000650943;WWW.PRESTIPAYWEB.IT
D000662929;https://www.bancafucino.it/
D000666912;https://www.biae.it/
D000675247;www.timfin.it
D000688360;https://www.raiffeisen.it/it/cassa-rurale-di-bolzano.html
D000688360;www.raiffeisen.it/it/cassa-rurale-di-bolzano.html
D000705920;HTTPS://MEDIA.IT.DAIMLERTRUCK.COM/DAIMLER-TRUCK-FINANCIAL-SERVICES-ITALIA/
D000709764;WWW.IRENLUCEGAS.IT
D000714728;https://www.zurichbank.it/
D000734839;FE.CONTEPRESTITI.IT
D000734839;HTTP://WWW.CONTEPRESTITI.IT
D000735221;WWW.BANCAIFIS.IT
D000737574;BANCASTABIESE.IT
D000743046;www.isybank.com
E000000003;www.facebook.com/SA-Assoconsulting-Assicura-102460944925840
E000000086;robertovidali.consulente.zurichbank.it
E000000164;carladelpapa.consulente.zurichbank.it
E000000854;www.tortolatosandroassicurazioni.com
E000000854;www.tortolatosandroassicurazioni.com/
E000001028;www.omegabroker.it
E000001442;www.futuraserviziassicurativi.it
E000001449;www.futuraserviziassicurativi.it
E000002060;nicolatodisco.consulente.zurichbank.it
E000002523;www.unipolcagliari.it
E000002807;https://www.facebook.com/mario.brugnoli.7
E000002807;https://www.instagram.com/mario.brugnoli.67/
E000002807;linkedin.com/in/mario-brugnoli-410a46232/
E000003380;www.agenzie.generali.it/isoladellascala
E000003451;WWW.FACEBOOK.COM/FACCIOALESSIO
E000003451;WWW.INSTAGRAM.COM/FACCIOALESSIO
E000004686;www.agenzievittoria.com/piemonte/chieri
E000005214;www.agenzie.generali.it/castelfrancoborgotreviso
E000006720;www.risparmioeassicurazioni.it
E000006724;www.vittoriaassicurazioninuoro.com
E000006724;www.vittoriaassicurazioninuoro.it
E000006730;HTTPS://WWW.LINKEDIN.COM/IN/RENATO-SIENA-347274100
E000007350;www.paolonazzaro.it
E000009008;WWW.LINKEDIN.COM/IN/TOMMASOVITTORIOFORNI/
E000010096;www.ageallianz.it/oderzo325
E000010165;www.agenzie.generali.it/Termoli
E000010166;www.agenzie.generali.it/Termoli
E000010313;www.assistudioassicurazioni.com
E000010679;web.assicuraceretta.it
E000011543;MARCOBARBERINI.CONSULENTE.ZURICHBANK.IT
E000011558;marcopisa.consulente.zurichbank.it
E000011658;www.proteggi-famiglia.it
E000011979;https://agenzia.cattolica.it/bolzanosiemens/it
E000013305;www.assiteca.eu
E000013305;www.assiteca.it
E000014433;https://www.pico-adviser.com/
E000027886;www.futuraserviziassicurativi.it
E000027968;flaviorebonato.consulente.widiba.it
E000028127;www.futuraserviziassicurativi.it
E000028130;www.futuraserviziassicurativi.it
E000028132;www.futuraserviziassicurativi.it
E000028134;www.futuraserviziassicurativi.it
E000028341;www.realemutua.it/agenziamestre
E000028480;www.raikaritten.it
E000028481;www.raikaritten.it
E000029298;www.bancadicherasco.it
E000029319;www.demisvisentin.com
E000029386;stefanosommella.consulente.zurichbank.it
E000029388;www.assoclub.eu
E000029389;www.assoclub.eu
E000029407;www.elfassicurazioni.it
E000029407;www.nesios.com
E000029958;damicogiorgio.consulente.zurichbank.it
E000030335;calabreseclaudio.consulente.zurichbank.it
E000030338;robertogasperoni.consulente.zurichbank.it
E000030339;massimomorra.consulente.zurichbank.it
E000030348;gianfrancococito.consulente.zurichbank.it
E000030353;francocabutto.consulente.zurichbank.it
E000030361;luigitroiano.consulente.zurichbank.it
E000030380;gramegna-mauro.consulente.zurichbank.it
E000030388;liviobolis.consulente.zurichbank.it
E000030390;massimoghelfi.consulente.zurichbank.it
E000030396;giuseppepons.consulente.zurichbank.it
E000030398;marisagarrone.consulente.zurichbank.it
E000030400;brunofrancesca.consulente.zurichbank.it
E000030422;ANDREACOSMA.CONSULENTE.ZURICHBANK.IT
E000030425;FULVIOMARCOVICH.CONSULENTE.ZURICHBANK.IT
E000030426;EMANUELEGATTI.CONSULENTE.ZURICHBANK.IT
E000030433;angiolinobrunetti.consulente.zurichbank.it
E000030434;MIRCOMEZZETTI.CONSULENTE.ZURICHBANK.IT
E000030438;giocondomarinaro.consulente.zurichbank.it
E000030443;pierluigifabrizio.consulente.zurichbank.it
E000030445;PAOLOBISOGLIO.CONSULENTE.ZURICHBANK.IT
E000030451;giuseppescarantino.consulente.zurichbank.it
E000030453;valerioperissi.consulente.zurichbank.it
E000030458;antoninoborrello.consulente.zurichbank.it
E000030492;gaetanoguido.consulente.zurichbank.it
E000030502;giancarlotemperilli.consulente.zurichbank.it
E000030515;sergiopetirro.consulente.zurichbank.it
E000030535;francopaveri.consulente.zurichbank.it
E000030541;cavallosergio.consulente.zurichbank.it
E000030547;robertofotticchia.consulente.zurichbank.it
E000030549;robertamureddu.consulente.zurichbank.it
E000030562;antoniocasasanta.consulente.zurichbank.it
E000030567;antonio-pugliese.consulente.zurichbank.it
E000030572;armandozampa.consulente.zurichbank.it
E000030576;robertocinquini.consulente.zurichbank.it
E000030581;fabiomontefredini.consulente.zurichbank.it
E000030582;decarlofrancesco.consulente.zurichbank.it
E000030583;ALESSANDRODAVINO.CONSULENTE.ZURICHBANK.IT
E000030586;paoloiacopino.consulente.zurichbank.it
E000030595;giuseppemonteverdi.consulente.zurichbank.it
E000030600;gianfrancobosi.consulente.widiba.it
E000030601;LUCADELAZZARI.CONSULENTE.ZURICHBANK.IT
E000030603;nicolomarino.consulente.zurichbank.it
E000030607;morellielisa.consulente.zurichbank.it
E000030608;francofrattin.consulente.zurichbank.it
E000030611;aldosolmi.consulente.zurichbank.it
E000030621;giuseppecampatelli.consulente.zurichbank.it
E000030630;emmanuelecoppola.consulente.zurichbank.it
E000030632;andreavittoriomanitto.consulente.zurichbank.it
E000030635;stefanoascareggi.consulente.zurichbank.it
E000030636;maddalenabonesi.consulente.zurichbank.it
E000030638;concettaveri.consulente.zurichbank.it
E000030643;giannisacchi.consulente.zurichbank.it
E000030647;riccardotesi.consulente.zurichbank.it
E000030657;MATTEOPIERONI.CONSULENTE.ZURICHBANK.IT
E000030660;stefanomarchetti.consulente.zurichbank.it
E000030668;alfredopacini.consulente.zurichbank.it
E000030669;barbaradecandia.consulente.zurichbank.it
E000030671;salvatoregranatiero.consulente.zurichbank.it
E000030676;andreacastoldi.consulente.zurichbank.it
E000030685;MARCOGIUSIO.CONSULENTE.ZURICHBANK.IT
E000030689;giuseppeliuzzi.consulente.zurichbank.it
E000030691;paololeopardi.consulente.zurichbank.it
E000030695;domenicocammarino.consulente.zurichbank.it
E000030709;andreaboffa.consulente.zurichbank.it
E000030710;REALESSANDRO.CONSULENTE.ZURICHBANK.IT
E000030715;lorenzoborgna.consulente.zurichbank.it
E000030716;gianlucapelosi.consulente.zurichbank.it
E000030718;lorettabravi.consulente.zurichbank.it
E000030723;nunzialillini.consulente.zurichbank.it
E000030730;marcogenocchio.consulente.zurichbank.it
E000030736;luigiandreozzi.consulente.zurichbank.it
E000030740;edoardotocchetti.consulente.zurichbank.it
E000030742;gianlucascola.consulente.zurichbank.it
E000030747;ruggierobifulco.consulente.zurichbank.it
E000030752;raffaelecamposano.consulente.zurichbank.it
E000030759;fabianapasi.consulente.zurichbank.it
E000030762;SIMONACORSO.CONSULENTE.ZURICHBANK.IT
E000030765;vincenzolamberti.consulente.zurichbank.it
E000030773;gelsominoiuorio.consulente.zurichbank.it
E000030787;nelloandrate.consulente.zurichbank.it
E000030789;filipposcarpellini.consulente.zurichbank.it
E000030794;ottaviorusselli.consulente.zurichbank.it
E000030795;andreavivian.consulente.zurichbank.it
E000030797;massimilianoromani.consulente.zurichbank.it
E000030802;ANNAMARIAMAGRO.CONSULENTE.ZURICHBANK.IT
E000030803;maurizioformica.consulente.zurichbank.it
E000030807;lambertopaolinipaoletti.consulente.zurichbank.it
E000030810;lucafrola.consulente.zurichbank.it
E000030815;maurogiuseppetos.consulente.zurichbank.it
E000030818;mararossino.consulente.zurichbank.it
E000030820;rossanotacconi.consulente.zurichbank.it
E000030831;enricodini.consulente.zurichbank.it
E000030838;umilemontalto.consulente.zurichbank.it
E000030842;sabrinaariano.consulente.zurichbank.it
E000030844;davidetotolo.consulente.zurichbank.it
E000030849;cristianosantoro.consulente.zurichbank.it
E000030852;davidefrignani.consulente.zurichbank.it
E000030853;nicolinidaniele.consulente.zurichbank.it
E000030856;tommasomaracchi.consulente.zurichbank.it
E000030864;barbaramartini.consulente.zurichbank.it
E000030868;lucianocordaro.consulente.zurichbank.it
E000030869;isabellaalfarano.consulente.widiba.it
E000030871;paolopezzica.consulente.zurichbank.it
E000030876;michelelanguino.consulente.zurichbank.it
E000030881;christianbez.consulente.zurichbank.it
E000030882;mariarosariadisalvio.consulente.zurichbank.it
E000030883;giorgioantonietti.consulente.zurichbank.it
E000030887;gianpaolopiana.consulente.zurichbank.it
E000030891;federicobulleri.consulente.zurichbank.it
E000030904;alessandradrago.consulente.zurichbank.it
E000030916;laghimarco.consulente.zurichbank.it
E000030933;mauriziopaganotto.consulente.zurichbank.it
E000030948;oliviamasieri.consulente.zurichbank.it
E000030961;DAVIDEMORARI.CONSULENTE.ZURICHBANK.IT
E000030971;dariocastagna.consulente.widiba.it
E000030978;michelebosco.consulente.zurichbank.it
E000030980;mariamartelli.consulente.zurichbank.it
E000030981;danieledandrea.consulente.zurichbank.it
E000030983;paolofusconi.consulente.zurichbank.it
E000031000;rinaldiclaudio.consulente.zurichbank.it
E000031011;SAMUELEBATTEL.CONSULENTE.ZURICHBANK.IT
E000031024;nicolaamadi.consulente.zurichbank.it
E000031027;claudiosantoriello.consulente.zurichbank.it
E000031037;bassicarlo.consulente.zurichbank.it
E000031039;matteobrogi.consulente.zurichbank.it
E000031042;alessiobetti.consulente.zurichbank.it
E000031061;ferdinando-mastranzo.consulente.zurichbank.it
E000031063;giacomotarrini.consulente.zurichbank.it
E000031073;claudioiannaci.consulente.zurichbank.it
E000031082;marcobortolussi.consulente.zurichbank.it
E000031088;MARCOCENTINI.CONSULENTE.ZURICHBANK.IT
E000031093;giovambattistacorona.consulente.zurichbank.it
E000031096;antoniodandrea.consulente.zurichbank.it
E000031098;paolodebiasi.consulente.zurichbank.it
E000031101;maurizioeccelso.consulente.zurichbank.it
E000031110;lucianogiamminelli.consulente.zurichbank.it
E000031111;lucagioiello.consulente.zurichbank.it
E000031112;angelagrotticelli.consulente.zurichbank.it
E000031115;lauraleonelli.consulente.zurichbank.it
E000031117;lupoalessandro.consulente.zurichbank.it
E000031119;marianifrancesco.consulente.zurichbank.it
E000031123;marcomusumeci.consulente.zurichbank.it
E000031127;bartolomeonotarangelo.consulente.zurichbank.it
E000031141;alessandrosamaden.consulente.zurichbank.it
E000031143;gianlucasartor.consulente.zurichbank.it
E000031151;antoniotenaglia.consulente.zurichbank.it
E000031152;francangelotinti.consulente.zurichbank.it
E000031168;angelamariagiardina.consulente.zurichbank.it
E000031174;sabrinaderanieri.consulente.zurichbank.it
E000031181;romualdogianni.consulente.zurichbank.it
E000031186;lauraavantaggiato.consulente.zurichbank.it
E000031195;sandraisoardi.consulente.zurichbank.it
E000031197;claudiorevelli.consulente.zurichbank.it
E000031198;fabrizioallasia.consulente.zurichbank.it
E000031199;elisavaglienti.consulente.zurichbank.it
E000031202;mariateresafruttero.consulente.zurichbank.it
E000031207;fabiobovetti.consulente.zurichbank.it
E000031209;massimilianomalta.consulente.zurichbank.it
E000031211;mariacristinacarraro.consulente.zurichbank.it
E000031227;piscitelliantonio.consulente.zurichbank.it
E000031237;massimodonadei.consulente.zurichbank.it
E000036797;www.frattiniescrinzo.it
E000036854;www.unipolsaicassanelli.it
E000036856;www.unipolsaicassanelli.it
E000038089;www.raiffeisen.it/de/tauferer-ahrntal.html
E000038090;www.raiffeisen.it/de/tauferer-ahrntal.html
E000038111;https://agenzie.realemutua.it/agenzie/agenziavigevano/chi-siamo
E000038914;RAIFFEISEN.MY-NSURANCE.IT
E000038914;WWW.RAIFFEISEN.IT/WIPPTAL
E000039343;markragusa.consulente.zurichbank.it
E000039397;www.raiffeisen.it//de/etschtal.html
E000039806;https://piemontedigit.it/robertocraveroassicurazioni
E000040382;www.agenzie.generali.it/camisanovicentino
E000040684;WWW.ALBOINO.IT
E000040684;WWW.ASSICURAZIONIAUTOMOTOSTORICHE.IT
E000040905;vitoperri.consulente.widiba.it
E000041056;eliasantosuosso.consulente.widiba.it
E000041198;emanueletanas.consulente.zurichbank.it
E000041529;valterzagaglia.consulente.widiba.it
E000041597;enricotempra.consulente.widiba.it
E000041645;pierobenigni.consulente.zurichbank.it
E000041942;martinofranco.consulente.widiba.it
E000042002;federicozappa.consulente.widiba.it
E000042035;ginopicci.consulente.zurichbank.it
E000042092;marcocafarotti.consulente.zurichbank.it
E000042358;emiliopalluotto.consulente.widiba.it
E000042851;giorgiagiorcelli.consulente.zurichbank.it
E000043636;robertodottavio.consulente.zurichbank.it
E000044109;marcomensi.consulente.widiba.it
E000044137;pierluigiguanella.consulente.widiba.it
E000044297;enricomagri.consulente.widiba.it
E000044793;giovannilimongi.consulente.widiba.it
E000044887;gianlucademaestri.consulente.widiba.it
E000044900;mariobeccio.consulente.zurichbank.it
E000044930;salvatorespinosa.consulente.widiba.it
E000044991;lionelloloda.consulente.widiba.it
E000045504;marcogalanti.consulente.zurichbank.it
E000045663;carmelobarbiero.consulente.widiba.it
E000045924;stefanovona.consulente.zurichbank.it
E000046415;stefanoamighini.consulente.zurichbank.it
E000046634;www.agenziazurich.it/bz503
E000047039;www.assicar2000.it
E000047761;www.studiobroker.eu
E000047763;www.studiobroker.eu
E000047862;fabriziocortellesi.consulente.zurichbank.it
E000048213;WWW.CALDERONIASSICURAZIONI.COM
E000048486;WWW.SANITASS.COM
E000048637;stefanovalvo.consulente.zurichbank.it
E000048838;www.assicurazionimagistrali.it
E000048984;www.gruppoformula3.it
E000049149;www.crservice.it
E000049212;WWW.MARCHI-STELLANTIS.IT
E000049498;www.acatservizi.com
E000049642;www.linkedin.com/in/brescianini-gianluigi-20803ba4
E000049701;www.4insurance.it
E000049830;https://www.arag.it/portal/tutela-legale-ols-famiglia/-/ols/32b37a06-84c0-4350-865b-c5fc08a24475
E000049830;https://www.arag.it/portal/tutela-legale-ols-professionista/-/ols-professionista/dd9373d6-e9ce-4b36-bd19-22051871003a
E000050176;www.mpsrl.eu
E000050909;www.agenziadantoni.it
E000050920;www.agenziazurich.it/bg507
E000050920;www.vetrugnoassicurazioni.it
E000050922;www.agenziazurich.it/bg507
E000050922;www.vetrugnoassicurazioni.it
E000050941;giusepperusso.consulente.widiba.it
E000052169;www.astiglobal.it
E000052775;https://marin-alessandro-consulente-assicurativo.business.site/
E000052810;vincenzoienuso.consulente.widiba.it
E000052836;www.assicapitalassicurazioni.it
E000052836;www.instagram.com/assicapital.assicurazioni/
E000053156;www.sandiano.com
E000053219;www.diba-spa.it
E000053389;https://accainsurance.it/
E000053647;www.generalauto-srl.it
E000054788;www.futuraserviziassicurativi.it
E000055300;HTTPS://WWW.FACEBOOK.COM/SHARE/14UCBAQFNM/?MIBEXTID=WWXIFR
E000055300;HTTPS://WWW.INSTAGRAM.COM/MYFOLKSPODCAST?IGSH=ETVZZXNJMJN0MJA1&UTM_SOURCE=QR
E000055300;HTTPS://WWW.THREADS.NET/@MYFOLKSPODCAST
E000055317;www.agenziazurich.it/bz502
E000055647;agenzia.cattolica.it/milanoarena
E000056239;www.raiffeisen.it/de/niederdorf.html
E000056320;www.intermediario.eu
E000056469;WWW.SCOTTIUGO.IT/AUTO/NUOVE/MERCEDES-BENZ/
E000056706;www.chemolloassicurazioni.it
E000056805;https://it-it.facebook.com/RUSCONIASSICURAZIONI/
E000056805;https://www.instagram.com/rusconiassicurazioni/
E000056805;www.rusconiassicurazioni.it
E000057199;https://www.paolocarini.it/
E000057493;www.agenziadeltoro.it
E000057496;www.agenziadeltoro.it
E000057668;www.futuraserviziassicurativi.it
E000057669;www.futuraserviziassicurativi.it
E000057675;www.futuraserviziassicurativi.it
E000058529;www.agenzie.generali.it/omegna
E000058626;www.studiogimas.it
E000058770;www.appbroker.it
E000058827;www.chemolloassicurazioni.it
E000059025;www.assiteca.com
E000059193;www.arconsultingroup.com
E000059938;www.aaavendramin.com
E000060478;www.torquatiassicurazioni.it
E000061349;www.chemolloassicurazioni.it
E000061860;HTTPS://WA.ME/MESSAGE/3395693903
E000062001;https://www.facebook.com/marra.serviziassicurativi/
E000062800;www.assicurazionipettiti.it
E000063193;www.amatoconsulting.it
E000063226;www.agenzie.generali.it/omegna
E000063344;www.webrossi.it
E000064237;WWW.CARPIO.IT
E000064243;www.carpio.it
E000064792;mauroborelli.consulente.zurichbank.it
E000065364;www.agenzie.generali.it/ellera
E000065644;HTTPS://WWW.FACEBOOK.COM/PEOPLE/TARALLO-ASSICURAZIONI/100085549157988/
E000065805;www.studioassicurativomelorio.it
E000065854;www.bonass-agenziaunipol.it
E000066118;www.autoclub-srl.it
E000066118;www.autoclubgroup.it
E000066119;www.autosat-spa.it
E000066124;WWW.CARLOMAGNO-STELLANTIS.IT
E000067038;https://multiserviziacilia.it/
E000068025;www.ginospa.com
E000068485;WWW.AGENZIE.GENERALI.IT/ROMAIMPERIA
E000068680;https://www.studioserra.net/
E000070219;FACEBOOK.COM/MARTA.RAVAZZONI
E000070219;INSTAGRAM.COM/MARTARAVAZ
E000070241;FACEBOOK.COM/MARIA.PATERA.754
E000070339;www.lisifrancoassicurazioni.it
E000070358;https://rehsolution.it/
E000070587;https://mauriziomattei.it
E000070587;mauriziomattei.consulente.widiba.it
E000071656;www.cavaservice.it
E000073971;www.adhocassicurazioni.it
E000074380;www.agenzia.generali.it/arona
E000074773;www.raiffeisen.it/de/tirol
E000075096;silviagasperini.consulente.widiba.it
E000075105;sabinasornaga.consulente.zurichbank.it
E000075407;www.cecgroup.it
E000077093;www.sempliceassicurare.it
E000077917;www.thomaspoli-consulente.it
E000078388;www.autoquadrifoglio.it
E000078395;WWW.INTERAUTOASTI.COM
E000078413;WWW.TEMAMOTORI.IT
E000078414;www.autosudmilano.com
E000078428;www.gualdimotors.com
E000078434;www.balleriniauto.it
E000078442;www.riccardiauto.com
E000078479;WWW.LAMBROCAR.IT
E000078505;www.capelliautomobili.it
E000078507;www.rezzonicoauto-stellantis.it
E000078512;www.autotecnicaapuana.it
E000078514;www.schiatticlass.it
E000078657;WWW.FACEBOOK.COM/SIGNORIELLOASSICURAZIONI
E000078722;fabiomaschietto.consulente.zurichbank.it
E000079579;andreagiovannicarrera.consulente.zurichbank.it
E000079614;giuseppestragapede.consulente.zurichbank.it
E000079624;tommasorinaldi.consulente.widiba.it
E000079954;http://www.pietropaoliassicura.it
E000081674;www.lifegroup.it
E000081870;www.acisalernopastena.it
E000083254;www.agenzie.generali.it/padovafacciolati
E000083254;www.generalipadovafacciolati.it
E000083257;www.agenzie.generali.it/padovafacciolati
E000083257;www.generalipadovafacciolati.it
E000084371;https://www.ageallianz.it/altamura3801000/
E000084627;FACEBOOK.COM/SARETTA1981
E000084627;INSTAGRAM.COM/SARASEMPLICE
E000084627;LINKEDIN.COM/IN/SARA-VEZZANI-13BBB3133
E000085205;www.agenzie.generali.it/napolitoledo106
E000086579;WWW.FASSINA-STELLANTIS.IT
E000086609;www.massironispa.com  
E000086614;www.penatiauto.com
E000086618;www.grupposerratore.com
E000086619;WWW.MARELLIPOZZI-STELLANTIS.IT
E000087490;HTTPS://WWW.INSTAGRAM.COM/_DINA69
E000087490;HTTPS://WWW.LINKEDIN.COM/IN/DINA-GAZZILLO
E000087552;WWW.BOSIOASSICURAZIONI.COM
E000087558;WWW.BOSIOASSICURAZIONI.COM
E000087630;fabriziotraversa.consulente.zurichbank.it
E000087630;https://www.studiotraversa.it/
E000087630;www.studiotraversa.it
E000089007;WWW.FACEBOOK.COM/ELISAGRANDO
E000089007;WWW.INSTAGRAM.COM/GRANDO_ELISA
E000089007;WWW.LINKEDIN.COM/ELISAGRANDO
E000089401;domenicoantoniocartieri.consulente.widiba.it
E000089666;paololepore.consulente.widiba.it
E000090893;francescopaci.consulente.widiba.it
E000091372;www.raiffeisen.it/vintl
E000091375;www.torquatiassicurazioni.it
E000091649;marilenademarzo.consulente.widiba.it
E000092599;francocammilli.consulente.widiba.it
E000092812;gerardoepifani.consulente.widiba.it
E000092938;andreagualandi.consulente.zurichbank.it
E000092966;graziellalattanzi.consulente.widiba.it
E000093280;sabatinogabriele.consulente.widiba.it
E000093372;robertoterenzi.consulente.zurichbank.it
E000093478;ALESSANDROBALDESCHI.CONSULENTE.ZURICHBANK.IT
E000093657;lisaangelini.consulente.widiba.it
E000093701;danilobergamaschi.consulente.widiba.it
E000093920;leonildebucciero.consulente.zurichbank.it
E000094082;carlocastagnoli.consulente.widiba.it
E000095497;massimomonico.consulente.zurichbank.it
E000095640;donatopalantone.consulente.widiba.it
E000095720;piergiorgiopedrotti.consulente.zurichbank.it
E000095962;leonardoristori.consulente.zurichbank.it
E000096197;antoniotesta.consulente.zurichbank.it
E000096590;https://www.agenziabellomia.it/
E000096590;www.agenziabellomia.it
E000096590;www.facebook.com/agenziabellomia
E000098535;www.odontomar.com
E000098535;www.odontomar.eu
E000098535;www.odontomar.info
E000098535;www.odontomar.it
E000098535;www.odontomar.net
E000098535;www.odontomar.org
E000098898;www.guadagnispa.com
E000098906;www.autocurti.it
E000099610;www.giaccoassicurazioni.com
E000101841;www.sangiorgioassicura.com
E000101897;stefanoolivieri.consulente.widiba.it
E000101943;www.autoassiservice.it
E000101962;https://agenzia.cattolica.it/legnanocentro
E000103950;HTTP://AGENZIA.CATTOLICA.IT/GARBAGNATE
E000104161;https://agenzia.cattolica.it/legnanocentro
E000104213;www.micheliniservice.it
E000104351;www.omegabroker.it
E000104471;www.appbroker.it
E000104777;massimobarblan.consulente.widiba.it
E000104852;nicolabizzotto.consulente.widiba.it
E000104969;www.appbroker.it
E000104988;https://www.ageallianz.it/matera3635/
E000105094;vincenzodaniele.consulente.widiba.it
E000105260;fabrizioferri.consulente.widiba.it
E000105261;federicoferro.consulente.widiba.it
E000105261;https://www.federicoferro.it/
E000105284;robertofontanini.consulente.widiba.it
E000105349;lorenageri.consulente.widiba.it
E000105372;www.cinziagiaroli.allianzbankfa.it
E000105691;www.robertomolteni.allianzbankfa.it
E000105828;antoniopirozzi.consulente.widiba.it
E000105935;robertorosini.consulente.zurichbank.it
E000105956;https://www.manuelarubinatoadvisor.com
E000105956;manuelarubinato.consulente.widiba.it
E000106102;www.distretto-gianluca-sudano.allianzbankfa.it
E000106194;www.lorisvaccher.allianzbankfa.it
E000106340;www.abcsa.it
E000106341;www.abcsa.it
E000106549;stefanobattistella.consulente.zurichbank.it
E000106560;cristinabergamini.consulente.widiba.it
E000106596;stefanocapanna.consulente.zurichbank.it
E000106600;carbonifabrizio.consulente.zurichbank.it
E000106601;loriscarlesso.consulente.zurichbank.it
E000106613;carloceroni.consulente.zurichbank.it
E000106640;giuseppe-costanzo.consulente.zurichbank.it
E000106647;valerianodalfuoco.consulente.zurichbank.it
E000106658;giuseppedeliguoricarino.consulente.zurichbank.it
E000106662;fabiodellungo.consulente.zurichbank.it
E000106683;FILIPPOPIETROFABBRI.CONSULENTE.ZURICHBANK.IT
E000106691;danielefarini.consulente.zurichbank.it
E000106696;marcofenu.consulente.zurichbank.it
E000106726;massimogonella.consulente.widiba.it
E000106740;fabioisnardi.consulente.zurichbank.it
E000106758;ROBERTOLONGO.CONSULENTE.ZURICHBANK.IT
E000106773;fabio-marchetti.consulente.zurichbank.it
E000106776;massimomarianitopino.consulente.zurichbank.it
E000106791;giampieromecocci.consulente.zurichbank.it
E000106816;stefanonicolai.consulente.zurichbank.it
E000106819;giancarlooliva.consulente.zurichbank.it
E000106843;silvioperciballi.consulente.zurichbank.it
E000106849;marcopiccirillo.consulente.zurichbank.it
E000106858;dariopodagrosi.consulente.zurichbank.it
E000106882;antoninorosa.consulente.zurichbank.it
E000106892;renatosaltari.consulente.zurichbank.it
E000106935;massimilianoterenzi.consulente.zurichbank.it
E000107370;simonealberizzi.consulente.zurichbank.it
E000107482;www.appbroker.it
E000108586;www.agenzie.generali.it/milanobonola
E000109230;https://www.facebook.com/ParisAssicurazioni/?locale=it_IT
E000109230;www.parisassicurazioni.it
E000109302;HTTPS://WWW.VERDEASS.IT/
E000109677;www.andreaguizzardi.it
E000110137;giuseppeussorio.consulente.zurichbank.it
E000110382;www.reggioni.it
E000110428;www.braitstudio.it
E000110825;giovannimiserrafiti.consulente.widiba.it
E000111499;https://agenzie.realemutua.it/agenzie/agenziaceva
E000111796;mauroauseretti.consulente.widiba.it
E000111845;riccardobattaglini.consulente.widiba.it
E000112121;francescaciappetta.consulente.zurichbank.it
E000112125;https://mondocauzioni.it/
E000112162;coppolamarcello.consulente.zurichbank.it
E000112316;dariodimaro.consulente.zurichbank.it
E000112432;giovannifloccari.consulente.widiba.it
E000112438;francescofocareta.consulente.zurichbank.it
E000112502;lucagandola.consulente.zurichbank.it
E000112544;paologiacomelli.consulente.zurichbank.it
E000112824;fernandomattii.consulente.widiba.it
E000112971;lucapaganini.consulente.zurichbank.it
E000113009;giancarlopatti.consulente.zurichbank.it
E000113012;katiapavoni.consulente.widiba.it
E000113164;angeloribecco.consulente.zurichbank.it
E000113977;https://eur01.safelinks.protection.outlook.com/?url=https%3A%2F%2Fwww.facebook.com%2Fprofile.php%3Fid%3D100063786025537%26locale%3Dit_IT&data=05%7C02%7C%7C09c8864e1f74435f116e08de15434d69%7Ccbeb3ecc6f454183b5a8088140deae5d%7C0%7C0%7C638971576085112806%7CUnknown%7CTWFpbGZsb3d8eyJFbXB0eU1hcGkiOnRydWUsIlYiOiIwLjAuMDAwMCIsIlAiOiJXaW4zMiIsIkFOIjoiTWFpbCIsIldUIjoyfQ%3D%3D%7C40000%7C%7C%7C&sdata=SiJhQDW5Y4F1bOmrUh6nQfMoxSoKRmvRZP%2BqphoBN68%3D&reserved=0
E000114046;www.galdieriauto.it
E000114704;www.agenziapontedecimo.it 
E000115415;vincenzogitto.consulente.zurichbank.it
E000115617;www.siracusanosai.it
E000115942;www.agenzie.generali.it/cremonavirgilio
E000116549;https://www.ageallianz.it/matera3635/
E000116555;https://www.ageallianz.it/matera3635/
E000116766;www.mpsrl.eu
E000116880;www.agenzie.generali.it/napolitoledo106
E000117536;www.omnia-group.org
E000118095;enricoscarnati.consulente.zurichbank.it
E000118209;HTTPS://WWW.INSTAGRAM.COM/GARATTIASSICURAZIONI
E000118832;www.campellomotors.it
E000118834;www.girellifratelli.it
E000119805;www.assiplansrl.it
E000119904;www.unipolfontenuova.com
E000121389;www.coopalleanza3-0.it
E000121438;WWW.AGENZIAMG.EU
E000121479;https://www.agenzialogiudicesilvia.it/
E000121710;monicabianchi.consulente.zurichbank.it
E000121953;robertociolli.consulente.widiba.it
E000122631; https://bolognaoffice.eu/servizi/assicurazioni-salizzoni/
E000122731;www.omegabroker.it
E000122785;www.salernoassicurazioni.it
E000122899;HTTPS://WWW.FACEBOOK.COM/FABIANA.SOSIO
E000122899;HTTPS://WWW.INSTAGRAM.COM/SOSIOFABIANA76/?HL=IT
E000122899;LINKEDIN.COM/IN/FABIANA-SOSIO
E000122908;HTTPS://WWW.FACEBOOK.COM/SHARE/15EW2LPVOB/
E000122908;HTTPS://WWW.LINKEDIN.COM/IN/NANDOPIGHETTI
E000123150;www.venetagroup.com
E000124401;www.potitofrancescofa.com
E000124930;https://www.agenziaferroni.it/
E000125196;www.agenziazurich.it/vv003
E000125221;https://www.facebook.com/caleandro.serviziassicurativi/about/?ref=page_internal
E000127348;WWW.LUCESOLIMAZZIERI-STELLANTIS.IT
E000127350;www.gruppoprogettoauto.com
E000127350;www.progettoauto-srl.it
E000127359;www.nuovautospa.com
E000127363;www.auto4srl.com
E000127368;www.ecoliri.it
E000127368;www.ecoliri.it/concessionario
E000127369;https://www.icarspa.it
E000127376;www.frentauto.it
E000128384;https://paolatoluserviziassicurativi.myadj.it/v/paolatoluserviziassicurativi?PageSpeed=noscript
E000128673;https://www.agenzieunipol.it/64830.html
E000128674;https://www.agenzieunipol.it/64830.html
E000128677;https://www.agenzieunipol.it/64830.html
E000131095;danilofacelli.consulente.widiba.it
E000131440;antonellanenci.consulente.widiba.it
E000132183;WWW.SURIANOESSEAUTO.IT
E000132379;www.agenziazurich.it/an502
E000133554;WWW.CARLOVERS-ROMA.IT
E000133563;www.bencivenniauto.it
E000133569;www.scaassucurazioni.it
E000133639;www.agriass.com
E000133886;WWW.DOTTORCOVER.COM
E000133886;WWW.ELETTROASSICURAZIONI.COM
E000133886;WWW.STEVENMINISINI.COM
E000133903;http://www.veschiassicurazioni.it/
E000134132;www.debona.it
E000135952;filippoabbate.consulente.widiba.it
E000135954;maurizioagrippa.consulente.widiba.it
E000135959;ANDREAAMAOLO.CONSULENTE.ZURICHBANK.IT
E000135964;sandroangelucci.consulente.widiba.it
E000135965;antonioannunziata.consulente.widiba.it
E000135965;www.antonioannunziata.it
E000135971;giorgioarcolesse.consulente.widiba.it
E000135973;pietroarienzo.consulente.widiba.it
E000135974;francescoartini.consulente.widiba.it
E000135975;riccardoasselta.consulente.widiba.it
E000135976;www.raffaeleavallone.com
E000135977;ANGELOBAFARO.CONSULENTE.ZURICHBANK.IT
E000135983;sabinabarontini.consulente.widiba.it
E000135984;giuseppebarresi.consulente.widiba.it
E000135987;giovannicarlobasanisi.consulente.widiba.it
E000135989;federicabattenti.consulente.widiba.it
E000135995;elenabersani.consulente.widiba.it
E000135996;patriziobertaggia.consulente.widiba.it
E000135997;lucabertone.consulente.widiba.it
E000135999;alessandrabianchi.consulente.widiba.it
E000136000;alessiobianco.consulente.widiba.it
E000136003;giovannibisogno.consulente.widiba.it
E000136008;lucabonifacio.consulente.widiba.it
E000136009;gianpaolobonsignori.consulente.widiba.it
E000136011;mattiabottalico.consulente.widiba.it
E000136013;enzobove.consulente.widiba.it
E000136016;alessandrorobertobreda.consulente.widiba.it
E000136019;barbarabrollo.consulente.widiba.it
E000136031;michelecalabro.consulente.widiba.it
E000136035;rubenscamilloni.consulente.widiba.it
E000136037;claudiocandotti.consulente.widiba.it
E000136039;alessandrocapaccioli.consulente.widiba.it
E000136042;diegocappuccio.consulente.widiba.it
E000136050;giuseppecarcelli.consulente.widiba.it
E000136060;alessandrocaserta.consulente.widiba.it
E000136063;francescocastro.consulente.widiba.it
E000136065;massimocatino.consulente.widiba.it
E000136066;dariacattaneo.consulente.widiba.it
E000136067;pietrocattani.consulente.widiba.it
E000136075;donatelloceccotti.consulente.widiba.it
E000136075;https://www.donatelloceccotti.it/
E000136076;danielaceci.consulente.widiba.it
E000136089;tommasociavarella.consulente.widiba.it
E000136101;mariocompagnucci.consulente.widiba.it
E000136111;paolocortellessa.consulente.widiba.it
E000136114;robertocosta.consulente.widiba.it
E000136118;luisamariacozzio.consulente.widiba.it
E000136124;https://www.stefanodarin.com/
E000136124;stefanodarin.consulente.widiba.it
E000136128;riccardodamiani.consulente.widiba.it
E000136132;fabiodauria.consulente.widiba.it
E000136144;francescodepascalis.consulente.widiba.it
E000136148;patrizioderosso.consulente.widiba.it
E000136162;alvarodigiuseppe.consulente.widiba.it
E000136165;domenicodimaria.consulente.widiba.it
E000136166;robertodimario.consulente.widiba.it
E000136179;roccoesposito.consulente.widiba.it
E000136180;giorgiafabbro.consulente.widiba.it
E000136187;mauriziofarinetti.consulente.widiba.it
E000136194;claudiofestuccia.consulente.widiba.it
E000136197;catiafinocchio.consulente.widiba.it
E000136198;michelefiorella.consulente.widiba.it
E000136204;fernandofranciosi.consulente.widiba.it
E000136208;pasqualefrese.consulente.widiba.it
E000136209;lucamariafrigerio.consulente.widiba.it
E000136223;michelegardi.consulente.widiba.it
E000136227;giuseppegenco.consulente.widiba.it
E000136237;paologigli.consulente.widiba.it
E000136239;marcogiorgetti.consulente.widiba.it
E000136241;francogironimo.consulente.widiba.it
E000136246;alessiomandrillo.consulente.widiba.it
E000136247;sergiomangione.consulente.widiba.it
E000136248;paolomanzotti.consulente.widiba.it
E000136249;marinamarano.consulente.widiba.it
E000136253;sandramarconi.consulente.widiba.it
E000136255;antoniomarinaccio.consulente.widiba.it
E000136256;francescomarino.consulente.widiba.it
E000136261;roccomarra.consulente.widiba.it
E000136269;guglielmomasiello.consulente.widiba.it
E000136271;silviamassari.consulente.widiba.it
E000136276;giovannimiale.consulente.widiba.it
E000136278;antoniomilite.consulente.widiba.it
E000136278;www.antoniomilite.com
E000136281;massimominichiello.consulente.widiba.it
E000136295;mariangelanesta.consulente.widiba.it
E000136297;maurizionicosia.consulente.widiba.it
E000136299;giuseppenigro.consulente.widiba.it
E000136300;angelaninivaggi.consulente.widiba.it
E000136307;sergiooriente.consulente.widiba.it
E000136309;faustopaduano.consulente.widiba.it
E000136311;paolopagliaroli.consulente.widiba.it
E000136327;paolopavani.consulente.widiba.it
E000136329;marcellopedone.consulente.widiba.it
E000136333;carmelaperrucci.consulente.widiba.it
E000136336;nicolapetruzzelli.consulente.widiba.it
E000136338;mariaassuntapezzuto.consulente.widiba.it
E000136339;francopiantoni.consulente.widiba.it
E000136340;alessandropiazza.consulente.widiba.it
E000136341;tizianapica.consulente.widiba.it
E000136342;alfonsopicaro.consulente.widiba.it
E000136344;stefanopieracciani.consulente.widiba.it
E000136349;luigipipoli.consulente.zurichbank.it
E000136354;domenicopolicriti.consulente.widiba.it
E000136365;antonellapulzone.consulente.widiba.it
E000136368;samueleraffaelli.consulente.widiba.it
E000136371;cristianorascazzo.consulente.widiba.it
E000136372;nunzioravazza.consulente.widiba.it
E000136377;raffaelerescina.consulente.widiba.it
E000136378;nunziatoresta.consulente.widiba.it
E000136391;andrearossetti.consulente.widiba.it
E000136393;stefanorossi.consulente.widiba.it
E000136394;paolorossi.consulente.widiba.it
E000136401;feliceruotolo.consulente.widiba.it
E000136403;gerardorusso.consulente.widiba.it
E000136405;giuseppesacchitello.consulente.widiba.it
E000136406;claudiosaccucci.consulente.widiba.it
E000136407;giuseppesalatino.consulente.widiba.it
E000136409;brunosalvatelli.consulente.widiba.it
E000136412;amatosantantonio.consulente.widiba.it
E000136417;gaetanosaporito.consulente.widiba.it
E000136423;flaviasavaris.consulente.widiba.it
E000136425;adolfoscandurra.consulente.widiba.it
E000136427;biagioschiattino.consulente.widiba.it
E000136438;giuseppesergi.consulente.widiba.it
E000136440;giuseppinaserio.consulente.widiba.it
E000136442;vincenzosessa.consulente.widiba.it
E000136447;mauriziosiano.consulente.widiba.it
E000136455;marilisasmeragliuolo.consulente.widiba.it
E000136457;cosimosolimeo.consulente.widiba.it
E000136465;barbarastrapazzini.consulente.widiba.it
E000136466;riccardostrobelt.consulente.widiba.it
E000136470;massimilianosutera.consulente.widiba.it
E000136474;giannitariciotti.consulente.widiba.it
E000136487;robertotrebbi.consulente.widiba.it
E000136489;martinotursi.consulente.widiba.it
E000136495;emilianovalleriani.consulente.widiba.it
E000136496;fernandovalletta.consulente.widiba.it
E000136499;danielevarriale.consulente.widiba.it
E000136500;nicolavasiento.consulente.widiba.it
E000136504;fabioviani.consulente.widiba.it
E000136505;stefanovillani.consulente.widiba.it
E000136506;roccoviola.consulente.widiba.it
E000136510;http://marialuisavisione.it/
E000136510;marialuisavisione.consulente.widiba.it
E000136514;annamariavozza.consulente.widiba.it
E000136515;mariovuolo.consulente.widiba.it
E000136521;massimilianozilio.consulente.widiba.it
E000136526;marinazugnoni.consulente.widiba.it
E000136527;manliozuliani.consulente.widiba.it
E000136530;domenicograssia.consulente.widiba.it
E000136534;fabriziogrisolia.consulente.widiba.it
E000136535;andreagualdi.consulente.widiba.it
E000136550;isaccoizzo.consulente.widiba.it
E000136556;francolandolfi.consulente.widiba.it
E000136557;stefanolangellotti.consulente.widiba.it
E000136560;michelelatorraca.consulente.widiba.it
E000136564;gabriellalizzio.consulente.widiba.it
E000136565;giovannibattistalobosco.consulente.widiba.it
E000136567;fabiolofranco.consulente.widiba.it
E000136569;davidelodirizzini.consulente.widiba.it
E000136577;antoniolosito.consulente.widiba.it
E000138835;www.lamiglioreassicurazione.it
E000139591;lucabelmonte.consulente.widiba.it
E000139597;francescocottini.consulente.widiba.it
E000139606;gianlucaparziale.consulente.widiba.it
E000139610;gianpierorasador.consulente.widiba.it
E000140368;www.pcabroker.com
E000141207;tulliocataldi.consulente.zurichbank.it
E000141269;alessandrofornari.consulente.zurichbank.it
E000141277;massimilianogabrielli.consulente.zurichbank.it
E000141315;alessiamaccari.consulente.zurichbank.it
E000141328;enricamarchesini.consulente.zurichbank.it
E000141333;lorenzomartinidonati.consulente.zurichbank.it
E000141358;francescanapoletano.consulente.zurichbank.it
E000141377;massimopatrizi.consulente.zurichbank.it
E000141378;sergiopauluzzi.consulente.widiba.it
E000141461;elenazampieron.consulente.zurichbank.it
E000141530;WWW.ALBOINO.IT
E000141622;www.assiomega.it
E000143426;silvianabadiale.consulente.widiba.it
E000144203;andreoletti-silvia.consulente.zurichbank.it
E000144209;isabellabianchi.consulente.zurichbank.it
E000144402;www.trapassi.it
E000144728;www.appbroker.it
E000145177;GIUSEPPINACIRINOGROCCIA.CONSULENTE.ZURICHBANK.IT
E000146475;sandromontanini.consulente.zurichbank.it
E000146484;luigirobertotortu.consulente.zurichbank.it
E000146907;https://agenzie.realemutua.it/agenzie/agenziacastelliromani
E000147227;https://www.altabrokerandpartners.it
E000148225;www.sozioassicurazioni.it
E000148478;www.villaservizi.com
E000148576;paoloaudino.consulente.zurichbank.it
E000148591;carlobagnato.consulente.zurichbank.it
E000148781;vincenzocarideo.consulente.widiba.it
E000149081;salvatoreferraiolo.consulente.widiba.it
E000149150;andreagalleri.consulente.widiba.it
E000149164;cherindogargiulo.consulente.widiba.it
E000149224;alfredogoracci.consulente.widiba.it
E000149346;paolorigamonti.consulente.widiba.it
E000149408;domenicosabatino.consulente.widiba.it
E000149493;fortunatoseverini.consulente.widiba.it
E000149662;giacomoguarneri.consulente.widiba.it
E000149685;lorenzoimbimbo.consulente.widiba.it
E000150143;alessandrotoccacieli.consulente.zurichbank.it
E000150274;mauriziozuppiroli.consulente.widiba.it
E000151933;antoninomugneco.consulente.zurichbank.it
E000152000;www.borgoassicurazioni.altervista.org
E000152000;www.facebook.com/BorgoAssicurazioni
E000152000;www.instagram.com/borgo_assicurazioni
E000153791;www.agenzie.generali.it/padovafacciolati
E000153791;www.generalipadovafacciolati.it
E000154281;www.agenzie.generali.it/figlinevaldarno
E000154676;www.agenzie.generali.it/vogheraviaemilia58
E000155267;GIOVANNIMAGANUCO.CONSULENTE.ZURICHBANK.IT
E000155645;WWW.CARBOLOGNA.COM
E000158244;https://www.facebook.com/minottifinancialadvisor/
E000158244;https://www.instagram.com/_marco_minotti_/
E000158244;https://www.linkedin.com/in/marcominotti/
E000158244;www.marcominotti.it
E000158563;www.adelmomannarino.it
E000158687;WWW.AUTOSCUOLATERMINE.IT
E000158985; HTTPS://WWW.VITTORIAASSICURAZIONISUBAGENZIACAGRANDA.IT
E000159164;www.renzocinti.weebly.com
E000159226;gruppoautoequipe.it
E000159592;giacomobarsotti.consulente.zurichbank.it
E000159602;claudiabellini.consulente.widiba.it
E000159647;danielebordoni.consulente.zurichbank.it
E000159855;desantisandrea.consulente.zurichbank.it
E000160098;alessandromummolo.consulente.zurichbank.it
E000160223;cesarepopoli.consulente.zurichbank.it
E000160463;mauroromito.consulente.widiba.it
E000160618;caterinadevecchi.consulente.widiba.it
E000161011;HTTP://AGENZIA.CATTOLICA.IT/GARBAGNATE
E000162835;arconsulenze.it
E000162846;WWW.LISAROSSI.IT
E000163136;https://www.facebook.com/AgenziaSecaOrnellaUnipolSai
E000163734;www.lemotodiscaglione.it
E000163734;www.scooterpalermo.it/assicurazione-scooter
E000164624;https://www.prismabroker.it/
E000165595;WWW.ILMONDODELLEASSICURAZIONI.COM
E000166049;https://agenzie.realemutua.it/agenzie/agenziacastelliromani
E000166239;www.agenziapratika.com
E000167608;HTTP://WWW.TRANSPORTSERVICEONLINE.IT
E000168145;www.facebook.com/lorinimarcoassicurazioni
E000168145;www.instagram.com/lorini_marco_assicurazioni
E000169045;https://agenzia.cattolica.it/oderzotrevisobelluno
E000169129;https://essebi-consulenze.webnode.it/
E000169377;www.torquatiassicurazioni.it
E000169768;nicolettamarani.consulente.zurichbank.it
E000169983;www.chemolloassicurazioni.it
E000170051;www.consulenze2f.it
E000172214;www.fakkyservice.it
E000173015;www.alessandrodegani.it
E000173260;WWW.LAI-AUTOMOBILI.IT
E000173263;WWW.PINCAR-STELLANTIS.IT
E000178301;www.grupposcar.com
E000178316;www.astra-arona.com
E000178338;www.stavauto.it
E000178350;WWW.SINA-STELLANTIS.IT
E000178355;www.palmucci.it
E000178357;WWW.STERPETTI-STELLANTIS.IT
E000178364;WWW.CHECCACCISRL.IT
E000178370;WWW.LOMBATTI.IT
E000178380;WWW.PRONTOAUTO-STELLANTIS.IT
E000178380;www.autonordfioretto.it
E000178385;www.concessionariafiori.it
E000178386;www.latuauto.it
E000178389;WWW.AUTOALPINA.IT
E000178392;www.autosicar.it
E000178396;www.cosilinauto-srl.it
E000178410;WWW.CECCATOAUTOMOBILI.COM
E000178413;www.gruppobossoni.it
E000178424;www.autoduemila.it
E000178442;www.paradisogroup.it
E000178460;WWW.GRUPPOROSATI-STELLANTIS.IT
E000178499;WWW.AUTO3-STELLANTIS.IT
E000178500;WWW.ROMANA-DIESEL.IT
E000178518;www.carbone-motors.it
E000178519;WWW.BONACINI-STELLANTIS.IT
E000178555;www.autocentroolgiata.it
E000178588;WWW.ZANCAUTO-SRL.IT
E000178590;WWW.ALESSANDRIAUTO.IT
E000178627;WWW.GRUPPOGHEDINI-STELLANTIS.IT
E000178627;WWW.GRUPPOGHEDINI.IT
E000178648;WWW.TREVIGLIOAUTO.IT
E000178674;www.pavanautomobili.it
E000178710;WWW.AUTOINGROS.IT
E000178717;WWW.DENICAR-STELLANTIS.IT
E000178717;WWW.DENICAR.IT
E000178805;www.riminiunipolsai.it
E000178858;https://www.dofran.net/
E000178944;www.bonass-agenziaunipol.it
E000178962;www.assicurazionidelucia.it
E000179646;www.pacchioliassicura.it
E000180798;https://celestreauto.weebly.com/
E000181886;filippomuscarella.consulente.zurichbank.it
E000182763;www.adimsrl.it/contatti
E000183680;www.agenzie.generali.it/napolitoledo106
E000184344;www.dinopastanella.it
E000184344;www.dinopastanella.it/
E000186238;albertolegnani.consulente.zurichbank.it
E000186535;www.automontblanc.it
E000187053;carminegiovanniparisi.consulente.zurichbank.it
E000188370;www.agenzievittoria.com/cigliano
E000188664;www.saicar.it
E000188685;massimoagabitini.consulente.zurichbank.it
E000188710;andreaberti.consulente.widiba.it
E000188718;riccardobrasolin.consulente.widiba.it
E000188727;antonellocalcagni.consulente.zurichbank.it
E000188782;paolalarosa.consulente.zurichbank.it
E000188795;SILVIADANELUTTO.CONSULENTE.ZURICHBANK.IT
E000188859;riccardomarciante.consulente.zurichbank.it
E000188870;fabiomonaco.consulente.zurichbank.it
E000188875;idamorelli.consulente.zurichbank.it
E000188896;mariagraziapigni.consulente.widiba.it
E000188920;antonio-schiavone.consulente.zurichbank.it
E000188925;filipposofia.consulente.zurichbank.it
E000188926;francescosolmi.consulente.widiba.it
E000188932;fabiosusi.consulente.zurichbank.it
E000188939;patriziatosolini.consulente.zurichbank.it
E000189119;ivanoallaria.consulente.zurichbank.it
E000189216; HTTP://LINKEDIN.COM/IN/EMILIANO-FRANCESCHINI-954A47159
E000189216;HTTP://LINKEDIN.COM/IN/EMILIANO-FRANCESCHINI-650445230
E000189216;https://emilianofranceschini.it/
E000190268;armandocapuano.consulente.widiba.it
E000190278;christianspampinato.consulente.widiba.it
E000190974;paolanovarese.consulente.widiba.it
E000192418;www.jurisservice.it
E000192483;eugeniotaricone.consulente.widiba.it
E000192725;giovannicarocci.consulente.zurichbank.it
E000192955;stefanomontanaro.consulente.zurichbank.it
E000192980;stefanoodorico.consulente.zurichbank.it
E000193005;lorenapettinari.consulente.zurichbank.it
E000193062;alessiosciotti.consulente.zurichbank.it
E000193086;pietroteodori.consulente.zurichbank.it
E000193091;francescotolli.consulente.widiba.it
E000193115;gaetanoviti.consulente.zurichbank.it
E000194376;gigliarelli-matteo.consulente.zurichbank.it
E000194378;michelemattioli.consulente.zurichbank.it
E000194381;matteopittola.consulente.zurichbank.it
E000194633;https://www.instagram.com/milena_manuali/
E000194766;https://studio-stamerra.business.site
E000195132;https://www.studiopratici.com/
E000195199;ANTONIODICATERINO.CONSULENTE.ZURICHBANK.IT
E000195390;lucaalessi.consulente.widiba.it
E000195408;luciabalsamo.consulente.widiba.it
E000195618;patriziamarangoni.consulente.widiba.it
E000195646;gianlucamonachesi.consulente.widiba.it
E000195888;giuseppedenaro.consulente.widiba.it
E000195934;WWW.INSTAGRAM.COM/GPAOLA_BRESOLIN
E000195934;WWW.LINKEDIN.COM/PAOLABRESOLIN
E000196563;www.bonass-agenziaunipol.it
E000196911;www.negroassicurazioni.it
E000197589;HTTPS://WWW.FACEBOOK.COM/ADRIANODIMATTEO.INFO
E000197589;HTTPS://WWW.INSTAGRAM.COM/DIMATTEO_ADRIANO_CONSULENTE
E000197589;HTTPS://WWW.LINKEDIN.COM/IN/ADRIANODIMATTEO
E000198493;www.assimedsas.com 
E000200012;HTTPS://WA.ME/MESSAGE/3334754020
E000200012;HTTPS://WWW.FACEBOOK.COM/SHARE/1B4B5JH2CS/?MIBEXTID=WWXIFR
E000200012;HTTPS://WWW.INSTAGRAM.COM/MB150584?IGSH=OHBJOXRYA3KYNDVG
E000200012;HTTPS://WWW.LINKEDIN.COM/IN/MARIO-BALZANO-3672321A6?
E000200346;giovannibernasconi.consulente.widiba.it
E000200385;www.assicredit24.it
E000200680;www.fulgione.it
E000200707;www.cremadiesel.it/assicurazioni/
E000200708;https://industriali.trivellato.it/pagina/finanziamento-e-leasing
E000200798;www.agenzie.generali.it/padovafacciolati
E000202606;www.clericiauto.it
E000202638;www.gruppoge.it
E000202679;www.specialcargroup.com
E000203287;https://www.surianoesseauto.it
E000203444;filipposoldatini.consulente.widiba.it
E000205074;www.cnabergamo.it
E000205075;www.cnacremona.it
E000205077;www.colsea.it
E000206799;www.binsurance.info
E000214696;https://www.zanuso.com/assicurazione
E000215999;WWW.BMSMOTO.IT
E000218507;www.postetransfer.it
E000221381;WWW.DIRUVO.COM
E000223647;www.assidi.it
E000223659;HTTPS://WWW.FACEBOOK.COM/RUGGIERO.FILANNINO
E000223659;HTTPS://WWW.INSTAGRAM.COM/RUGGIE78
E000223659;HTTPS://WWW.LINKEDIN.COM/IN/RUGGIERO-FILANNINO
E000224140;DANIELARAUGEI.CONSULENTE.ZURICHBANK.IT
E000224372;www.agenzie.generali.it/orbetello
E000224402;silviaguazzi.consulente.zurichbank.it
E000225823; WWW.GRUPPOCARRARO.IT
E000225825;www.cascioligroup.it
E000225832;HTTPS://DSERVICE.IT
E000225845;www.trivellato.it
E000225858;www.autogepy.it
E000225885;amp.autotorino.it
E000225885;evolution.autotorino.it
E000225885;prenotazioni.autotorino.it
E000225885;shop.autotorino.it
E000225885;www.autotorino.it
E000225885;www.autotorino.it/brand/mercedes-benz
E000225888;HTTPS://WWW.MERBAG.IT/IT/AUTOVETTURE/SERVIZIO-CONSULENZA/SERVIZI-ASSICURATIVI/
E000226504;www.officine-brennero.it
E000226517;www.liguria-diesel.it
E000228270;https://www.autoerre81.com/
E000232042;http://daas-sas.it/
E000232042;http://www.daas-sas.it/
E000232042;www.daas-sas.it
E000232164;https://www.massimofantin.it/
E000232164;massimofantin.consulente.widiba.it
E000232169;paolozadro.consulente.widiba.it
E000233503;www.euroansa.it
E000233612;www.agenzie.generali.it/sanvitoaltagliamento
E000233748;www.agenzie.generali.it/orbetello
E000233794;paolocampagnucci.consulente.widiba.it
E000233835;www.servicenter.it
E000234748;andreamantoan.consulente.widiba.it
E000236489;carmelomoscato.consulente.widiba.it
E000238921;francescabassotti.consulente.zurichbank.it
E000239602;HTTPS://WWW.FACEBOOK.COM/SHARE/12E6RZYV7FY/?MIBEXTID=WWXIFR
E000239602;HTTPS://WWW.INSTAGRAM.COM/CMP_SERVICE?IGSH=MTHYMMTZZ2ZUM3VU
E000239602;WWW.CMPSERVICE.IT
E000241480;www.decar-auto.it
E000242818;www.ducativerona.com
E000242848;www.iannettaassicurazioni.it
E000243646;HTTPS://WWW.FACEBOOK.COM/LUCA.MARZUCCHI
E000243646;HTTPS://WWW.INSTAGRAM.COM/LUCAMARZU79/
E000243646;HTTPS://WWW.LINKEDIN.COM/IN/LUCA-MARZUCCHI-7176A280/
E000244997;HTTPS://WWW.FACEBOOK.COM/SUBAGASSICURATIVAFRANCAVILLAINSINNI
E000250308;www.nuovasportcar.com
E000250562;schiesari.it
E000252599;www.studiomarturano.net
E000252674;www.piumutuicasa.it
E000253473;gianbattistathiella.consulente.widiba.it
E000253712;cosimocalabrese.consulente.zurichbank.it
E000255639;www.mondialcarservice.net
E000255880;www.autoshopping.it
E000256798;robertasiciliano.consulente.zurichbank.it
E000259947;www.euromotor.it
E000260150;www.lomanto.it
E000260165;WWW.MORENO-STELLANTIS.IT
E000261060;giovannimaio.consulente.widiba.it
E000263111;https://www.instagram.com/viappiani_cfc_parma/
E000263322;www.autorpz.com
E000264426;www.gruppomechetti.it
E000264758;antoniorombola.consulente.zurichbank.it
E000264760;vittoriaparodi.consulente.zurichbank.it
E000264761;baldassarrestefano.consulente.zurichbank.it
E000264763;rovelligiuseppina.consulente.zurichbank.it
E000264826;https://www.your-solution.it/
E000264905;www.agricaf.com
E000266980;WWW.SPAZIOGENOVA.IT
E000268378;giuseppeminonne.consulente.widiba.it
E000269353;www.motoaction.it
E000269495;WWW.GRUPPOMARCAR.IT
E000275722;www.maionauto.it
E000275940;www.agenziabonetta.it
E000276457;marabalzari.consulente.zurichbank.it
E000276569;PAOLABENVENUTO.CONSULENTE.ZURICHBANK.IT
E000276616;www.futuraserviziassicurativi.it
E000277844;luciagagliardo.consulente.zurichbank.it
E000278410;https://generalstudi.com/
E000278442;www.assicooper.com
E000279489;www.omegabroker.it
E000283063;https://www.gruppovauto.it
E000283582;www.brignolaservizi.it
E000284774;emanuelazanella.consulente.widiba.it
E000286573;fabiobracaglia.consulente.zurichbank.it
E000287052;www.giustozziauto.com
E000287225;www.raiffeisen.it//de/etschtal.html
E000287602;www.vittoriaassicurazioniolbia.it
E000287625;michelescagliarini.consulente.zurichbank.it
E000287626;STEFANOGIARDINA.CONSULENTE.ZURICHBANK.IT
E000287643;giancarlosfondrini.consulente.widiba.it
E000288262;www.azzurracenter.it
E000288854;mariarosamastrorilli.consulente.zurichbank.it
E000288857;samantarizzo.consulente.zurichbank.it
E000290123;www.harley-davidsonspeedshopfirenze.com
E000290185;WWW.TRUCKITALIA.COM/RUI-ED-IVASS/
E000290581;www.crescieciabatti.it
E000291074;RAIFFEISEN.MY-NSURANCE.IT
E000291074;WWW.RAIFFEISEN.IT/WIPPTAL
E000291827;ettoreleiduan.consulente.zurichbank.it
E000293270; https://www.cotabo.it/chi-siamo/assicurazione/
E000294437;www.unionyachtsbroker.com/it
E000294558;milenagancitano.consulente.zurichbank.it
E000294704;www.professionistiassociatisrl.it
E000294729;marzioabbondanza.consulente.widiba.it
E000294889;www.autovolla.it
E000295058;WWW.CALDARARO.IT
E000295113;WWW.CRVALDINON.IT
E000295143;WWW.QUEENCAR-AUTO.COM
E000295187;www.motoonesrl.com
E000295260;WWW.PASQUARELLIAUTO.IT
E000295568;www.autoginevra.it
E000295650;www.harley-davidson-bergamo.com
E000295778;www.amar.it
E000295899;www.gruppotoday.com
E000297120;https://www.nuovaassifin-casaldiprincipe.it
E000297208;www.icautocapitelli.it
E000297323;http://randazzoassicurazioni.weebly.com/
E000297531;www.euroass.net
E000298806;massimo-donati.consulente.zurichbank.it
E000301385;www.autobovolone.it
E000302427;HTTPS://WWW.FACEBOOK.COM/LAURA.SESTU.3/
E000302427;HTTPS://WWW.INSTAGRAM.COM/LAURA.SESTU?UTM_SOURCE=QR&IGSH=MWRUEHJXMDE0MW9ZZA==
E000302566;www.torquatiassicurazioni.it
E000303114;www.autotrend.it
E000303268;WWW.FACEBOOK.COM/MATTIAFERRONATO
E000303268;WWW.LINKEDIN.COM/MATTIA_FERRONATO
E000303463;www.lvinsurance.it
E000303800;www.lorenzoassicurazioni.it
E000305540;www.assicuralice.it
E000306150;www.andrianauto.it
E000306267;WWW.BRESCIMOTOR.IT
E000306437;www.mototecnicaisaia.it
E000307085;www.weunit.it/trasparenza.php
E000307953;rossanagiusti.consulente.widiba.it
E000307954;ROBERTOMUSSO.CONSULENTE.ZURICHBANK.IT
E000309147;GIOVANNIMOLLO.CONSULENTE.ZURICHBANK.IT
E000309474;www.youdrivecars.it
E000311931;www.mattiazzoauto.com
E000312206;WWW.CENTOPRATICHESENAGO.IT
E000312579;www.nonsoloassicurazioni.it
E000314155;mancinomaurizio.consulente.zurichbank.it
E000314833;www.scapinavenzasport.it
E000315274;https://www.redaelliauto.it
E000315443;www.maiorino.it
E000315447;www.autozitra.it
E000315962;www.dalmaforyou.it
E000316814;alessandrocarratu.consulente.zurichbank.it
E000316942;WWW.BOSIOASSICURAZIONI.COM
E000317562;www.ofsoluzioniassicurative.com
E000317735;www.theoremaonline.com
E000319361;www.premudamoto.net
E000319934;www.autogrifone.com
E000320181;www.bonass-agenziaunipol.it
E000320407;gianfrancosalvi.consulente.widiba.it
E000322546;www.harley-davidson-verona.com
E000322797;www.stefaniniauto.it
E000323348;www.agrisafe.it
E000323357;www.raiffeisen.it
E000323901;https://www.dominaspa.it
E000324166;https://www.facebook.com/share/1GrwmsokN9/?mibextid=wwXIfr
E000324166;https://www.instagram.com/danilo.gambino/profilecard/?igsh=YXZ6cHRxOG1qYjBq
E000324166;https://www.linkedin.com/in/danilo-gambino-03716158?utm_source=share&utm_campaign=share_via&utm_content=profile&utm_medium=ios_app
E000324445;autosportfoggia.it
E000326333;www.iperauto.it
E000327000;www.autosile.it
E000327876;www.aec-assicurazioni.it
E000328018;https://www.linkedin.com/in/mattia-montanari-302b18104
E000328163;HTTPS://WWW.FACEBOOK.COM/ERICA.CANNIZZARO.35
E000328163;HTTPS://WWW.INSTAGRAM.COM/ERICACANNIZZARO
E000328163;HTTPS://WWW.LINKEDIN.COM/IN/ERICA-CANNIZZARO-05440310B?TRK=CONTACT-INFO
E000329097;www.ghiraldo-autoin.it
E000329760;stefano-bianchi.consulente.zurichbank.it
E000330298;www.andrearenzullo.com
E000330453;ernestoleoni.consulente.widiba.it
E000330547;www.dettagliassicurazioni.com
E000331764;WWW.IRIDEGROUP.EU
E000331765;http://www.dnaconsulenze.com/
E000331765;https://www.facebook.com/DnaConsulenze
E000335786;www.movispa.it
E000338970;WWW.INBLUSERVIZI.COM
E000339886;www.petrellamotors.it
E000340408;www.realemutua.it/agenziamestre
E000340629;WWW.LOCAUTODUE.COM
E000340662;www.noerisorse.it
E000340995;andreaferrari.consulente.widiba.it
E000341094;claudiamilazzo.consulente.zurichbank.it
E000342186;www.corsaromoto.it
E000342312;https://www.maininiauto.it
E000342318;https://www.crespivolkswagen.it
E000343473;www.orecchia-iveco.it
E000343932;facebook.com/leda.bulku
E000343987;www.comunianezanetti.it
E000344003;www.maioraniugolino.it
E000344388;www.grupponuovasacar.it
E000345702;www.dgconsulting.it
E000347726;HTTPS://WWW.FACEBOOK.COM/SHARE/15MDUMJKHT/?MIBEXTID=LQQJ4D
E000347726;HTTPS://WWW.INSTAGRAM.COM/__MANU__84/?IGSH=MWLPA3BNEXU3ODR6NG%3D%3D#
E000348636;FACEBOOK.COM/MARCELLO.PIZZAFERRI
E000349916;WWW.SALVAGNOASSICURAZIONI.IT
E000350053;https://www.facebook.com/ilaria.bordellini
E000350053;https://www.instagram.com/ilariabordellini/
E000350053;linkedin.com/in/ilaria-bordellini-4b7a9a92/
E000350254;HTTPS://WWW.BARCHETTI.IT/
E000350788;https://www.segretoautomobili.it/
E000350922;www.agenzialonardo.it
E000351147;www.zeuscar.it
E000351174;www.infortunistica-isac.com
E000352121;https://www.autosani.it
E000352148;www.aevmotori.it
E000352170;www.basilesrl.it
E000352203;https://www.lazzariauto.it
E000352736;https://www.depieri.com
E000352756;https://www.terigi.it
E000352785;omarricciardi.consulente.zurichbank.it
E000352789;lauragarbero.consulente.zurichbank.it
E000352811;https://www.soverini-auto.it
E000352946;https://www.autopiavegroup.it
E000353013;https://www.autobrenner.it
E000353107;https://www.autovalle.it/assicurazione-auto-brescia
E000354630;WWW.FACEBOOK.COM/SHARE/15K1AS2YBA/?MIBEXTID=WWXIFR
E000354630;WWW.INSTAGRAM.COM/MASSIMILIANOPAGETTO?IGSH=C3FOZXO0NDJMDNI5
E000354630;WWW.LINKEDIN.COM/IN/MASSIMILIANO-PAGETTO-04439465?TRK=BLENDED-TYPEAHEAD
E000356159;WWW.GRUPPOEUROCAR.IT
E000356749;www.cirilloconsulting.it
E000357333;www.tizianozaninello.it
E000357470;http://www.aziendaassicurata.it
E000358295;www.gammaprestiti.com 
E000358796;WWW.ASSICURAZIONITARTARO.IT
E000358796;www.linkedin.com/in/monica-tartaro-912b7182
E000359224;www.fornaroliauto.it
E000360153;https://agenzie.realemutua.it/agenzie/agenziacasalemonferrato
E000362120;www.money360.it
E000363506;https://www.sermetranet.it/
E000363752;www.emmepiconsulenze.it
E000365680;chiarastagnitti.consulente.zurichbank.it
E000365681;mariozaccolo.consulente.zurichbank.it
E000366660;barbaranatale.consulente.zurichbank.it
E000366763;marcolangellotto.consulente.zurichbank.it
E000366768;marcomascarino.consulente.zurichbank.it
E000368232;danielzecchinel.consulente.widiba.it
E000368697;antoniostrano.consulente.zurichbank.it
E000368699;distefanomaurizio.consulente.zurichbank.it
E000369802;www.asprino.it
E000372279;vitomusto.consulente.widiba.it
E000373068;massimilianofonti.consulente.zurichbank.it
E000373319;www.harley-davidson-treviso.it
E000375686;dellabellapaolo.consulente.zurichbank.it
E000375696;lucaruini.consulente.zurichbank.it
E000375738;https://agenzie.realemutua.it/agenzie/agenziacastelliromani
E000375854;HTTPS://WWW.LINKEDIN.COM/IN/NICOLA-COMENDUCCI-217365A3/
E000375900;simonagritti.consulente.zurichbank.it
E000377071;https://instagram.com/robsal_consulenteassicurativo
E000377071;robsalerno1966.wixsite.com/website
E000377071;www.facebook.com/p/Roberto-Salerno-consulenteassicurativo-100057043191499
E000377250;piercarlogreppi.consulente.widiba.it
E000377291;mauromessulam.consulente.widiba.it
E000377360;www.ponginibbigroup.it
E000377743;www.nicolaprezioso.com
E000377808;www.castiglionisrl.it
E000377829;WWW.GRUPPOSERUIS.IT
E000377915;maurolaus.consulente.zurichbank.it
E000377919;WWW.MAR-AUTOGROUP.IT
E000378019;www.feninoauto.it
E000379849;www.latuapolizzauto.it
E000380149;www.maxitender.com
E000380725;massimilianopetracchini.consulente.zurichbank.it
E000381315;marcosinisi.consulente.zurichbank.it
E000382593;www.gtassicurazioni.com
E000383462;HTTPS://WWW.FACEBOOK.COM/GIGI.BONISOLO/
E000383462;HTTPS://WWW.INSTAGRAM.COM/GIGIBONISOLO/
E000383462;HTTPS://WWW.LINKEDIN.COM/IN/LUIGI-BONISOLO-389664130
E000384802;www.chemolloassicurazioni.it
E000384982;www.chemolloassicurazioni.it
E000387054;WWW.AGSMONEY.IT
E000387284;PAOLOLONGOBARDI.CONSULENTE.ZURICHBANK.IT
E000387632;HTTPS://WWW.LINKEDIN.COM/FEED/?TRK=GUEST_HOMEPAGE-BASIC_NAV-HEADER-SIGNIN
E000391704;www.medicredit.it
E000392707;www.assiomega.it
E000393348;sandrobuonavita.consulente.zurichbank.it
E000394260;ivrea.bartoliniemauri.com
E000394553;https://ceccatoassicura.it/
E000394553;www.ceccatoassicura.it
E000394553;www.ceccatoconsulenze.com
E000395826;www.facebook.com/lassicuratorealtuoangolo
E000395826;www.instagram.com/l_assicuratore_al_tuo_angolo/
E000395826;www.linkedin.com/in/nicola-marra/
E000395826;www.youtube.com/channel/UCE--TLj-JkqYy10OmOlffmw
E000395872;www.professionistasereno.it
E000396009;www.cr-altogarda.it
E000396009;www.cr-rovereto.it
E000396011;www.cr-altogarda.it
E000396011;www.cr-rovereto.it
E000396013;www.cr-altogarda.it
E000396013;www.cr-rovereto.it
E000396014;www.cr-altogarda.it
E000396014;www.cr-rovereto.it
E000396015;www.cr-altogarda.it
E000396015;www.cr-rovereto.it
E000396016;www.cr-altogarda.it
E000396016;www.cr-rovereto.it
E000396019;www.cr-altogarda.it
E000396019;www.cr-rovereto.it
E000397085;www.armandogroup.it 
E000397124;www.bartolozzigiacomo.it
E000397138;www.gozzinisrl.it
E000398041;simoneansovini.consulente.widiba.it
E000400873;www.massimo-zovi-soluzione-assicurative.business.site
E000401071;www.lealisrl.it
E000404396;www.cr-altogarda.it
E000404396;www.cr-rovereto.it
E000404883;www.studiobroker.eu
E000405421;https://agenzie.realemutua.it/agenzie/agenziaceva
E000406582;lucapanetta.consulente.widiba.it
E000407203;www.umbertofiore.it
E000407490;www.assivantaggi.it
E000408698;www.harley-davidson-monza.com
E000408701;www.harleydavidsonbologna.com
E000409180;cristianasergio.consulente.zurichbank.it
E000409424;giuseppeattanasio.consulente.zurichbank.it
E000409544;www.dmservice-consulting.com
E000411928;www.harleydavidsonroute76.it
E000412311;https://instagram.com/mastropietro_assicurazioni?igshid=ZGUzMzM3NWJiOQ==
E000412311;https://www.facebook.com/mastropietroconsulenze
E000412311;www.mastropietroassicurazioni.it
E000413714;https://instagram.com/gentile.serviziassicurativi?igshid=YmMyMTA2M2Y=
E000413714;https://www.facebook.com/profile.php?id=100027869275169
E000415460;HTTPS://M.FACEBOOK.COM/SAMUELE.ESCIBUGHI/
E000415460;HTTPS://WWW.INSTAGRAM.COM/SAMUELE_BUGHI/
E000415491;https://www.bergamomotori.it/
E000416475;www.lericonsulting.it
E000417982;www.omegabroker.it
E000419356;www.futuraserviziassicurativi.it
E000420446;mediassifin.it
E000420766;www.assipratica.it
E000420916;marchettialessandra.consulente.zurichbank.it
E000421216;WWW.ROCHIRASSICURAZIONI.IT
E000421704;fabiotuninetti.consulente.zurichbank.it
E000421934;www.seven-car.com
E000422166;www.gruppotoday.com
E000422451;https://capitalfactory.it/
E000423727;www.luigiditullio.allianzbankfa.it
E000424029;lauraverdecchia.consulente.zurichbank.it
E000424291;www.marcotrapani.it
E000424448;www.raikaritten.it
E000424449;www.raikaritten.it
E000427484;matteoiberto.consulente.zurichbank.it
E000427724; HTTPS://WWW.LINKEDIN.COM/IN/ADELE-IMPARATO-BB5A6597?UTM_SOURCE=SHARE&UTM_CAMPAIGN=SHARE_VIA&UTM_CONTENT=PROFILE&UTM_MEDIUM=IOS_APP
E000427724;HTTPS://WWW.FACEBOOK.COM/SHARE/1ASXQND3NY/?MIBEXTID=WWXIFR
E000427724;HTTPS://WWW.INSTAGRAM.COM/IMPARATO.ADELE?IGSH=N3CXEDV0OXL0ZGDQ&UTM_SOURCE=GR
E000428496;www.sozioassicurazioni.it
E000429427;https://www.motordrive.it/
E000430344;www.giustinianiservizi.it
E000430388;giarre.bartoliniemauri.com
E000430473;WWW.TIRSERVICEPC.COM
E000430816;facebook.com/people/Gabriele-Tasso-Assicuratore/100061258103246/
E000432692;HTTPS://WWW.FACEBOOK.COM/DEBORA.CALABRESE
E000432692;HTTPS://WWW.INSTAGRAM.COM/_DEBORA_CALABRESE
E000432692;HTTPS://WWW.LINKEDIN.COM/IN/DEBORA-CALABRESE
E000432826;www.agenziamp.it
E000433250;silviaserafin.consulente.zurichbank.it
E000433291;matteospalierno.consulente.widiba.it
E000433333;cinziatirrito.consulente.zurichbank.it
E000433347;www.globalservice.info
E000433494;MATTEOAGERDE.CONSULENTE.ZURICHBANK.IT
E000433654;https://www.facebook.com/LucaMariaSalemmi
E000433654;https://www.instagram.com/lucamaria_salemmi/
E000434069;www.creditsolutionsrl.it
E000435253;www.venetagroup.com
E000435514;www.harley-davidson-legnano.it
E000436905;https://www.linkedin.com/in/paolo-foglia-934918234/
E000438183;pasqualebarone.consulente.widiba.it
E000438183;www.pasqualebarone.it
E000438702;www.euro-vector.it
E000439866;www.omegabroker.it
E000441419;WWW.AGENZIAATLANTE.IT
E000442447;https://muggianoserviziassicurativi.com/
E000442447;https://www.facebook.com/muggianoserviziassicurativi/
E000442447;https://www.instagram.com/muggiano.serviziassicurativi
E000442447;https://www.linkedin.com/company/muggiano-servizi-assicurativi/
E000442447;https://www.linkedin.com/in/andrea-muggiano-938870125/
E000442669;www.motorteampiaggio.com
E000443725;orbassano.bartoliniemauri.com
E000444429;www.benelliconsulenti.it/contatti/sede-di-lodi-smg-carena
E000444522;guidocerchia.consulente.widiba.it
E000444913;www.rugipiaggio.it
E000445017;www.protettidavvero.com
E000445044;WWW.INSTAGRAM.COM/ABIZZO85
E000445044;WWW.LINKEDIN.IT/ANDREABIZZOTTO
E000446178;www.studiogirola.it
E000447042;MARIALOREDANAANDREOLETTI.CONSULENTE.ZURICHBANK.IT
E000447291;www.motoperformance.it
E000447322;HTTPS://WWW.FACEBOOK.COM/SHARE/19SBC3WEKG/
E000447438;andreaghelfi.consulente.zurichbank.it
E000449092;www.fasolipasetto.it
E000449693;www.hdvillage.it
E000449911;www.astercar.it
E000450603;www.danielestroppiana.it
E000451529;mariapaolagiorgio.consulente.zurichbank.it
E000451638;www.emmeautocasilina.it
E000451972;ALBERTAMARTANA@FACEBOOK.COM
E000451972;HTTPS://WWW.LINKEDIN.COM/IN/ALBERTA-MARTANA-B094A0159
E000452471;www.rossispa.it/servizi-assicurativi/
E000453096;https://www.pezzutogroup.it
E000453234;https://lucacorteseblog.blogspot.com/
E000453234;https://www.google.com/search?q=Luca+Cortese+@+Consulenza+legale+%26+assicurativa
E000453234;https://www.linkedin.com/company/11218041
E000453255;giordanobonalumi.consulente.zurichbank.it
E000453257;SEBASTIANOMENDOLIA.CONSULENTE.ZURICHBANK.IT
E000454574;www.assicurazionigalatina.it
E000454574;www.assicurazionilecce.it
E000454923;www.parmeggianigroup.com
E000455130;www.rossettomotors.it
E000455346;www.assicurazionimoto.eu
E000455346;www.assicurazionimoto.eu/
E000455346;www.autobussrl.com
E000455346;www.autobussrl.com/
E000455349;www.verasport.it
E000457152;gloriavalletta.consulente.zurichbank.it
E000457679;https://www.facebook.com/cristina.pascucci.733
E000457679;https://www.instagram.com/cristypasc/
E000457679;https://www.linkedin.com/in/cristina-pascucci-5b3b06232/
E000458004;www.automaggiolo.it/assicurazioni
E000458117;www.agenzie.generali.it/sangiovannivaldarno
E000458543;www.agenzie.generali.it/sangiovannivaldarno
E000458544;www.agenzie.generali.it/sangiovannivaldarno
E000458905;https://www.valentinoautomobili.it
E000458914;www.facebook.com/vittoriaassicurazionisubagenziatraversetolo
E000459759;www.indecostudio.it
E000460030;HTTPS://WWW.FACEBOOK.COM/PEOPLE/ESPOSITO-ASSICURAZIONI-SRL/61558438923304/#
E000460399;ostinellibarbara.consulente.zurichbank.it
E000461300;leonardotiberi.consulente.zurichbank.it
E000461310;marcospadola.consulente.zurichbank.it
E000461748;https://www.zanuso.com/assicurazione
E000461748;www.zanuso.com
E000461748;www.zanuso.it
E000462037;ELIOGUGLIELMOTTO.CONSULENTE.ZURICHBANK.IT
E000462043;alessandrofornaroli.consulente.zurichbank.it
E000462194;www.grupporadicci.it
E000462603;www.agenziazurich.it/bg507
E000462603;www.vetrugnoassicurazioni.it
E000466920;HTTPS://WWW.BOFFAASSICURAZIONI.IT
E000467610;https://www.giovannimuratore.it/
E000474246;www.maurobrunauto.it
E000480106;www.futuraserviziassicurativi.it
E000481402;https://assicurazioni.sanitassicura.it
E000481495;www.pea.it
E000481668;www.agriass.com
E000481871;www.assicuradanoi.com
E000482758;www.harley-davidson-catania.it
E000482760;www.ruggeri.net
E000483945;http://www.agenzie.generali.it/TORINOCORSICA
E000483945;www.alessandropane.it
E000484748;leonardonistri.consulente.widiba.it
E000484877;www.negroassicurazioni.it
E000485299;www.sozioassicurazioni.it
E000485302;WWW.CONSULENTECYBER.COM
E000485302;WWW.CONSULENTEPERSONALE.IT
E000485302;WWW.CONSULENTEPMI.IT
E000485302;WWW.VINCENZOPICARDI.COM
E000485372;lucagrossetto.consulente.zurichbank.it
E000485599;beniaminocialla.consulente.zurichbank.it
E000485601;ELIOAIME.CONSULENTE.ZURICHBANK.IT
E000485946;HTTPS://MANNINOPIAGGIO.IT/
E000487563;https://www.agenziaginevra.it/
E000488553;www.imparatoservice.it
E000488701;federicogigli.consulente.widiba.it
E000488705;WWW.FARINA-STELLANTIS.IT
E000488817;www.omniassicurazioni.it
E000490043;https://www.fideiussioni.online/
E000490043;https://www.fingeo.it/
E000490177;danielapippi.consulente.zurichbank.it
E000490480;www.harley-davidson.ra.it
E000490483;www.esposauto.com
E000490862;www.bonass-agenziaunipol.it
E000492101;faustogorla.consulente.zurichbank.it
E000492156;www.vitalone-assicurazionE.it
E000493243;HTTPS://WWW.BARBIERIBROKER.IT/
E000493659;www.consulenze2f.it
E000494102;https://www.ab-assicurazioni.it/
E000494507;gianlucaprimavera.consulente.zurichbank.it
E000495731;FACEBOOK.COM/CRISTINA.PELOSI.77
E000495731;INSTAGRAM.COM/PELOSICRISTINA81/
E000495731;LINKEDIN.COM/IN/CRISTINA-PELOSI-B0105B353/
E000496267;paolodemarzo.consulente.zurichbank.it
E000496758;www.claudiomeda.allianzbankfa.it
E000497215;massimofranzin.consulente.zurichbank.it
E000497234;antonioscarpato.consulente.widiba.it
E000497316;www.ageallianz.it/saronno124
E000497355;jacopogiannoni.consulente.zurichbank.it
E000497362;www.chronossrl.com
E000497878;www.marcopaoloverga.allianzbankfa.it
E000497900;HTTP://WWW.DOMUSLIBERAPROFESSIONE.NET
E000497900;HTTP://WWW.DOMUSMEDICASERVIZI.NET
E000497900;HTTP://WWW.DOMUSMEDICASTRUTTURE.NET
E000498008;giuseppeabbatangelo.consulente.widiba.it
E000498117;www.hdfrosinone.com
E000498273;HTTPS://WWW.FACEBOOK.COM/SHARE/18K2QFUNKS/?MIBEXTID=LQQJ4D
E000498273;HTTPS://WWW.INSTAGRAM.COM/MFAGENZIADIASSICURAZIONI?IGSH=MWPQYTIYNM95BMXVBW%3D%3D&UTM_SOURCE=QR
E000498273;WWW.MATTEOFIORINI.IT
E000498679;https://www.facebook.com/unideagardonevaltrompia
E000498692;leonardosardella.consulente.zurichbank.it
E000500195;https://www.scuolaguidacar.it/
E000500195;www.scuolaguidacar.it
E000500448;www.aginsurance.it
E000500739;mauriziotumino.consulente.zurichbank.it
E000500906;schioppadavide.consulente.zurichbank.it
E000500985;https://iotiassicuro.assipratiko.it/assipratiko/camp/index.php?sorgente
E000500999;https://www.carulli.com
E000501007;www.grioniauto.it
E000501355;HTTPS://WWW.LINKEDIN.COM/IN/ANDREA-ABENANTE-4A0728246/
E000501358;HTTPS://WWW.LINKEDIN.COM/IN/SIMONE-BENEDETTIS-7A33222A/
E000501359;HTTPS://WWW.LINKEDIN.COM/IN/CRISTINA-RUSSO-807134246/?TRK=EML-EMAIL_NOTIFICATION_DIGEST_01-HEADER-0-PROFILE_GLIMMER
E000502870;https://www.linkedin.com/in/franco-rossoni-4ba113232
E000502880;www.agenzie.generali.it/cuneo
E000503585;www.nardimoto.it
E000505804;andreamattioli.consulente.widiba.it
E000506318;www.harleydavidsonversilia.it
E000506612;HTTPS://WWW.FACEBOOK.COM/ELISA.SONNOLI?MIBEXTID=WWXIFR&RDID=YLDYXI9FCVE4LUA5&SHARE_URL=HTTPS%3A%2F%2FWWW.FACEBOOK.COM%2FSHARE%2F1HGBNUXFMH%2F%3FMIBEXTID%3DWWXIFR#
E000506612;HTTPS://WWW.INSTAGRAM.COM/ELISASONNOLI/
E000506612;HTTPS://WWW.LINKEDIN.COM/IN/ELISA-SONNOLI-494457120/
E000507096;LORENZOMANCADIVILLAHERMOSA.CONSULENTE.ZURICHBANK.IT
E000508477;WWW.ASASSICURAZIONI.IT
E000509388;pietromagno.consulente.zurichbank.it
E000509800;www.negroassicurazioni.it
E000510956;https://consulenze-assicurative-di-massa-raffaele.business.site/
E000511347;HTTPS://WWW.LINKEDIN.COM/IN/MARIA-TERESA-CARRUBBA-947B89245/
E000511714;www.harleyparma.com
E000511758;www.debonisassicurazioni.it
E000512018;www.bellatoassicura.it
E000513572;www.mutuicasaweb.it
E000513918; HTTPS://WWW.LINKEDIN.COM/IN/ANDREAELEFANTE/
E000514793;lorenzoberti.consulente.widiba.it
E000514953;www.assicuratore.click
E000515807;www.amautocarrozzeria.it
E000516295;www.vittoriaassicurazionicarbonia.com
E000516386;www.motoemotosalerno.it
E000516387;www.newlucca.com
E000516389;www.gigamoto.it
E000516392;www.filippiniscooter.it
E000516411;www.tummiolomotors.it
E000516416;www.zmotor.it
E000517259;MIRKOMORARA.CONSULENTE.ZURICHBANK.IT
E000517400;assicurazionistoriche.info
E000517400;motostoriche.net
E000517400;www.assicurazioniepoca.net
E000517439;https://www.assicurazionecastellodiannone.it
E000518646;https://www.pastoreassicurazioni.it
E000518646;www.pastoreassicurazioni.it
E000519078;romanomarianelli.consulente.zurichbank.it
E000519102;WWW.GIACONI-ASSICURAZIONI.IT
E000519420;https://www.liberafc.it/
E000520622;www.agenzie.generali.it/civitanovamarche
E000520724;nosenzo.it
E000520724;www.nosenzo.it
E000523189;www.fanimotors.it
E000523192;www.trivellonemotors.it
E000523209;www.sabra-blumotors.it
E000523215;www.lorussomoto.it
E000523330;www.agenzie.generali.it/sangiovannivaldarno
E000523331;www.agenzie.generali.it/sangiovannivaldarno
E000523332;www.agenzie.generali.it/sangiovannivaldarno
E000523704;www.camperopoli.it
E000523754;www.arcopiaggio.it
E000523909;WWW.FACEBOOK.COM/AGNESE.CREMASCHI
E000523909;WWW.FACEBOOK.COM/THERAPYAC/
E000523909;WWW.INSTAGRAM.COM/AGNESE.CREMASCHI
E000523909;WWW.LINKEDIN.COM/IN/AGNESECREMASCHI/
E000523943;www.autovi.it
E000524320;https://www.3stellegroup.it
E000524388;https://www.ortelliauto.it/
E000525142;www.assicentro.eu
E000526561;FACEBOOK.COM/CRISTINA.BARDINI.71
E000526561;INSTAGRAM.COM/BARDINICRISTINA71
E000526776;www.sceglisicura.it
E000527073;giovanninicodemo.consulente.widiba.it
E000527080;sofiafranciosi.consulente.widiba.it
E000528950;www.topassicurazioni.com
E000529815;WWW.CNATOSCANACENTRO.IT
E000530351;www.futuraserviziassicurativi.it
E000530352;www.futuraserviziassicurativi.it
E000530423;simplyservizi.it
E000530613;www.carlococina.com
E000531792;giuliagrignani.consulente.zurichbank.it
E000531950;www.gpinsurance.it
E000532112;nicolinafloriano.consulente.widiba.it
E000532294;emanueleinfriccioli.consulente.zurichbank.it
E000533180;pinerolo.bartoliniemauri.com
E000533701;www.atenateamcompass.com
E000535891;albertozanivan.consulente.zurichbank.it
E000536413;lucaciglioni.consulente.zurichbank.it
E000536723;www.agenziarossi.it
E000536961;francescaguzzo.consulente.zurichbank.it
E000536963;ivanostolani.consulente.zurichbank.it
E000537148;http://www.scconsulenze.it
E000537148;www.scconsulenze.it
E000538589;https://www.assicurazionisabaudia.it/
E000538598;daigomastelli.consulente.widiba.it
E000538863;www.leonori-stellantis.it
E000539277;FACEBOOK.COM/ARIANNA.PIAZZA.94
E000539277;INSTAGRAM.COM/ARIANNA.PIAZZA1
E000540392;paolomatteucci.consulente.widiba.it
E000540393;robertogangemi.consulente.widiba.it
E000540747;matteociccioriccio.consulente.zurichbank.it
E000541147;https://www.sintoniaassicurazioni.it/
E000541543;annaminciotti.consulente.widiba.it
E000541594;https://acicastrocielo.it/
E000541983;aldocasciano.consulente.zurichbank.it
E000542048;www.assicurservice.it
E000542202;HTTP://WWW.CREDIT-SURETY.IT/
E000542385;marcoroman.consulente.widiba.it
E000543426;www.novacar.biz
E000543691;HTTPS://WWW.FACEBOOK.COM/GIANLUCAMICALIZZIASSICURAZIONIMODICA
E000543795;franceschinimassimo.consulente.zurichbank.it
E000543814;assicurazioneveicolistorici.it
E000543865;lucianoliguori.consulente.widiba.it
E000543865;www.lucianoliguori.it
E000544696;www.rigobello.com
E000544856;www.artesianimoto.com
E000545703;WWW.GRUPPOJOLLYAUTOMOBILI.COM
E000545813;https://www.giulioalessioraia.com/
E000545844;lorenarobino.consulente.zurichbank.it
E000545940;www.effepibroker.it
E000545986;www.agenziazurich.it/bz503
E000546256;https://agenzia.cattolica.it/oderzotrevisobelluno
E000546346;costantinocutolo.consulente.widiba.it
E000546346;https://www.costantinocutolo.com/
E000546759;www.unioneassicurazioni.it
E000548260;marcocarraretto.consulente.widiba.it
E000549009;www.mascimoto.it
E000549159;www.prevenzanomoto.it
E000549275;https://www.studiomennaconsulting.com/
E000550363;www.tvrmoto.it
E000551071;HTTPS://WWW.AUTOCARROZZERIACOSTARELLE.IT/
E000551078;corradozolio.consulente.zurichbank.it
E000551102;andreaciappelloni.consulente.zurichbank.it
E000551504;paolomoras.consulente.zurichbank.it
E000552493;https://www.facebook.com/profile.php?id=100073245810876
E000552493;https://www.linkedin.com/in/zoran-luzi-50a37633b/
E000554442;federicamanzo.consulente.widiba.it
E000554891;www.luanmoto.it
E000554900;www.vespasprint.it
E000555092;simonaallori.consulente.zurichbank.it
E000555119;www.calibrafm.com
E000556197;www.citroenmeroni.it
E000556225;jacopogiovannoli.consulente.widiba.it
E000556308;marcoconti.consulente.widiba.it
E000556341;https://www.giancarlopercuoco.it/
E000556662;https://paolonavacchia.com/
E000556662;paolonavacchia.consulente.widiba.it
E000556687;cristianocaldera.consulente.zurichbank.it
E000556712;https://www.facebook.com/eleonora.cruciani.10
E000556801;www.concessionariasara3.it
E000556802;www.kataneauto.com
E000557463;agenzia-zacheo-assicurazioni.business.site
E000557580;albertoanderlini.consulente.zurichbank.it
E000558746;HTTPS://WWW.LINKEDIN.COM/IN/ANDREA-BAZZOFFI-31A589105?UTM_SOURCE=SHARE&UTM_CAMPAIGN=SHARE_VIA&UTM_CONTENT=PROFILE&UTM_MEDIUM=IOS_APP
E000558897;HTTPS://WWW.INSTAGRAM.COM/ASSICURATIVAMENTELAURA/
E000558949;stefanobenedettini.consulente.widiba.it
E000558958;WWW.STUDIOMENNACONSULTING.COM
E000559949;moneycare.it
E000561014;www.piuautoservice.it
E000561544;danieleangeloni.consulente.widiba.it
E000561545;faustoaugustobortolus.consulente.widiba.it
E000561550;fedullosoluzioni.it
E000561840;www.cyberriskassicurazioni.it
E000561840;www.difesalegaleassicurazioni.it
E000561840;www.virtualagencyofsardinia.it
E000561841;www.vittoriaassicurazionisassari.com
E000561841;www.vittoriaassicurazionisassari.it
E000563362;www.polepositioncantalupo.com
E000563867;arturocangialosi.consulente.widiba.it
E000564498;https://www.bancatema.it/#
E000564499;https://www.bancatema.it/#
E000565057;www.ciesseconsulenze.it
E000565068;andreamerighi.consulente.zurichbank.it
E000565117;marcosestilli.consulente.widiba.it
E000565118;francescacorsi.consulente.widiba.it
E000565119;biagioreina.consulente.widiba.it
E000565392;www.serviziglobali.eu/agenziamoroso/
E000565944;paoloansaloni.consulente.zurichbank.it
E000566908;HTTPS://UNOIN.IT/
E000566946;www.burocraticaservizi.it
E000567489;https://bimservice.it/
E000567947;https://www.instagram.com/assifruit_romagna
E000567984;www.maioraniugolino.it
E000570737;alessandropuliatti.consulente.zurichbank.it
E000570903;https://www.optimaitalia.com/
E000571157;https://www.facebook.com/annalisa.severini
E000571157;https://www.instagram.com/annalisa_severini/
E000571157;https://www.linkedin.com/in/annalisa-severini-17b239128/
E000571250;www.baldinimotomania.com
E000571258;http://www.osellinimoto.it
E000571287;www.motorgio.com
E000571289;https://www.gripmotor.it/it-it/
E000572698;www.futuraserviziassicurativi.it
E000572699;www.futuraserviziassicurativi.it
E000573603;HTTPS://WWW.INSTAGRAM.COM/SALVADORITRIVIGNOASSICURAZIONI/
E000573708;www.agenziazurich.it/bz503
E000573730;caprinoassicurazioni-com.webnode.it
E000573730;torino-corso-grosseto.bartoliniemauri.com
E000574674;www.soluzioni4you.it
E000574883;rosarioragusa.consulente.zurichbank.it
E000574886;alessandrocrestana.consulente.zurichbank.it
E000575107;https://prosserevans.com/
E000575160;WWW.PALMUCCI.IT
E000575683;www.faietamoto.it
E000575781;www.aciromaprati.it
E000577419;www.agenzie.generali.it/orbetello
E000577479;MARCOFORNO.CONSULENTE.ZURICHBANK.IT
E000578592;https://www.easyathena.it
E000579770;www.bancadicherasco.it
E000580297;www.areamotomodena.com
E000580502;www.hd-motorfanriccione.it
E000580511;www.dalbarco.it
E000580606;IRENEMARIACEPPI.CONSULENTE.ZURICHBANK.IT
E000581021;www.mastrototaro.com
E000581207;natalegiuseppesparacino.consulente.zurichbank.it
E000581799;www.autoscuolaroma70.it
E000581962;www.agenziazurich.it/mi545
E000582231;luciodauria.consulente.zurichbank.it
E000582251;www.fortunatoassicurazioni.it
E000583067;FACEBOOK.COM/PROFILE.PHP?ID=1833506027
E000583067;INSTAGRAM.COM/AIRENS70
E000583286;emanuelecattani.consulente.zurichbank.it
E000583374;www.leoneservicesrl.it
E000583467;WWW.NADAROSAADVISOR.IT
E000583524;https://www.facebook.com/profile.php?id=100063648215124
E000584438;HTTPS://WWW.FACEBOOK.COM/MARCO.TRESOLDIGENERALI
E000584438;HTTPS://WWW.LINKEDIN.COM/IN/MARCO-TRESOLDI-83716879/
E000584493;FABIOGIANNELLI.CONSULENTE.ZURICHBANK.IT
E000584803;https://it.linkedin.com/company/bccfelsinea
E000584803;https://www.facebook.com/bccfelsinea
E000584803;https://www.instagram.com/bccfelsinea/
E000584803;https://www.youtube.com/@bccfelsinea
E000584803;www.bccfelsinea.it
E000585005;www.padovastar.it
E000585500;www.studiobroker.eu
E000585599;www.ghigoconsulenza.it
E000585800;www.eurofinconsultingsrl.it
E000587209;segeacoop.it
E000587360;federicobianchiguizzardi.consulente.zurichbank.it
E000587362;IVANCASPANI.CONSULENTE.ZURICHBANK.IT
E000587829;https://www.gruppoautoscala.com/
E000588113;ANDREAGAGGI.CONSULENTE.ZURICHBANK.IT
E000588231;luciodauria.consulente.zurichbank.it
E000588572;www.polizzestoriche.net
E000588577;HTTPS://WWW.FACEBOOK.COM/SHARE/1KWKLFALSS/?MIBEXTID=WWXIFR
E000588577;HTTPS://WWW.INSTAGRAM.COM/MORETTOACHI?IGSH=CNNXAXNNDZF4NWLH&UTM_SOURCE=QR
E000588752;https://www.glassicurazioni.com
E000589379;www.assinergie.it
E000589381;sandrolilli.consulente.zurichbank.it
E000589382;massimosirotti.consulente.zurichbank.it
E000590366;simonefilippini.consulente.widiba.it
E000590396;WWW.CAPODRISEASSICURAZIONI.IT
E000590405;campolongo-maggiore.bartoliniemauri.com
E000590847;www.centroservizifinanziari.eu
E000591316;www.motorspassion.it
E000591430;www.golden-age.it
E000592021;https://www.kenzaboga.com/
E000592021;kenzabogachougara.consulente.widiba.it
E000592089;www.panizzolointermediari.it
E000592688;www.chemolloassicurazioni.it
E000593140;www.unipolsaicassanelli.it
E000593247;https://www.penskecars.it/staremilia/
E000593786;https://www.tosoniauto.it
E000594129;adrianobuiani.consulente.zurichbank.it
E000594132;marinalapini.consulente.zurichbank.it
E000594312;www.raiffeisen.it
E000594313;www.raiffeisen.it
E000594880;https://www.facebook.com/erregi.assicurazioni
E000595085;HTTPS://WWW.FACEBOOK.COM/CRISTINA.MENGHI.5
E000595085;HTTPS://WWW.INSTAGRAM.COM/CRISTINAMENGHI/
E000595085;HTTPS://WWW.LINKEDIN.COM/IN/CRISTINA-MENGHI/
E000595660;albertosevero.consulente.zurichbank.it
E000595952;www.labussolaassicurativa.it
E000595952;www.simonavolpi.it
E000597909;https://valentinafraschetta.com/
E000597909;valentinafraschetta.consulente.widiba.it
E000598195;www.uninetsrl.eu
E000598409;www.agenzialonardo.it
E000598409;www.cuneoassicurazioni.it
E000598415;www.agenzie.generali.it/figlinevaldarno
E000599007;bergamo.bartoliniemauri.com
E000599299;lorismorresi.consulente.zurichbank.it
E000599774;HTTPS://WWW.GHINIAUTO.IT/
E000600004;www.bonass-agenziaunipol.it
E000600005;www.bonass-agenziaunipol.it
E000600006;www.bonass-agenziaunipol.it
E000600007;www.bonass-agenziaunipol.it
E000600500;TOMMASOBALDI.CONSULENTE.ZURICHBANK.IT
E000600544;www.creditpartnersrl.it
E000601174;simonettadibacco.consulente.zurichbank.it
E000601244;https://telepassassicura.telepass.com
E000601636;www.bartollinimoto.it
E000601707;HTTPS://WWW.FACEBOOK.COM/BEATRICE.PADULA
E000601707;HTTPS://WWW.INSTAGRAM.COM/BEUZ46
E000601708;HTTPS://WWW.FACEBOOK.COM/MARTINA.PESCE.5
E000601708;HTTPS://WWW.INSTAGRAM.COM/MARTIPINAPEX/
E000602070;www.tconsultinglivigno.com
E000604840;HTTPS://AUTOSTORE-SRL.IT
E000604918;https://www.royalmotor.it
E000605145;www.superpann.it
E000605147;www.benellinapoli.com
E000605257;www.bancadicherasco.it
E000605442;WWW.SAMOCAR.IT
E000605495;letteriodonato.consulente.widiba.it
E000606240;luigitattoli.consulente.zurichbank.it
E000606261;www.creditsolutionsrl.it
E000606650;stefaniamazzilli.consulente.zurichbank.it
E000607293;www.valtermotogroup.com
E000607546;ragusa.bartoliniemauri.com
E000607873;massimozanon.consulente.zurichbank.it
E000607932;WWW.GIACONI-ASSICURAZIONI.IT
E000608765;www.orciaservizi.it
E000609275;www.fiorellaassicurazioni.it
E000609276;www.fiorellaassicurazioni.it
E000609277;WWW.FIORELLAASSICURAZIONI.IT
E000609278;www.fiorellaassicurazioni.it
E000609741;WWW.GRUPPOEASYBROKER.COM
E000609746;alessandroimperatori.consulente.zurichbank.it
E000609805;https://www.linkedin.com/in/manuel-grassi-b85ab3182/
E000609924;https://agenzia.cattolica.it/darfoboarioterme
E000610355;www.puglisauto.it
E000610436;www.appbroker.it
E000610523;mariasoniadesouza.consulente.widiba.it
E000611538;https://morrauto.it/
E000611547;www.mattiaudagroup.com
E000611661;tempoassicurazioni.it
E000612128;www.bucciconsulenze.it
E000612235;www.futuraserviziassicurativi.it
E000612618;https://agenzie.realemutua.it/agenzie/agenziacastelliromani
E000612658;https://csautolentini.com/home
E000612850;www.mircomoto.com
E000613471;www.securoassicurazioni.it
E000613520;https://autoresegone.it
E000614367;WWW.NEGRIASSICURAZIONI.IT/
E000614493;www.eurekaassicura.com
E000614570;https://agenzia.cattolica.it/oderzotrevisobelluno
E000614981;www.gecotruck.it
E000617129; WWW.ICARGT.IT
E000617487;www.ideeperviaggiare.it
E000617790;gianluigiloreto.consulente.zurichbank.it
E000617828;www.alidays.it
E000617845;www.premiafinancespa.it
E000617854;https://www.instagram.com/elisavirassicura/
E000619366;portulanolorenzo.consulente.zurichbank.it
E000619368;giorgiofodde.consulente.zurichbank.it
E000620219;www.lumesiainsurance.com/
E000620265;www.autopreneste.it
E000620360;anagninaservice.it
E000620446;delgeniomultiservice.it
E000620536;www.zarrillo.info
E000621764;www.agenzie.generali.it/figlinevaldarno
E000621785;www.servicecarinzago.it
E000621793;www.zaccaricaravan.it
E000622721;https://exxtra.io/
E000622817;ANTONELLOMASALA.CONSULENTE.ZURICHBANK.IT
E000623147;FELICEEUGENIOANDOLFI.CONSULENTE.ZURICHBANK.IT
E000623184;www.hondapoint.com
E000623194;HTTPS://WWW.FACEBOOK.COM/MARKOJOVA93
E000623199;WWW.IANNIAUTO.IT
E000623886;www.agenzie.generali.it/sansepolcro
E000623932;HTTPS://INSTAGRAM.COM/DODOLAPADULA
E000624047;www.creditsolutionsrl.it
E000624853;www.assaperlo.com
E000625092;www.vicenzamoto.com
E000625291;www.vogliadimoto.net
E000626025;WWW.CREDITAMI.IT
E000627030;https://www.piaggiotrieste.com/
E000627032;www.giulianomoto.it
E000627428;http://www.autoerre81.com
E000627428;www.autoerre81.com
E000627614;www.skycaritalia.com
E000627690;www.crostella.it
E000627816;https://it.linkedin.com/company/bccfelsinea
E000627816;https://www.facebook.com/bccfelsinea
E000627816;https://www.instagram.com/bccfelsinea/
E000627816;https://www.youtube.com/@bccfelsinea
E000627816;www.bccfelsinea.it
E000628134;www.gioelegoti.it
E000628519;www.cr-altogarda.it
E000628783;www.frontierassicurazioni.it
E000628861;www.going.it
E000629295;https://www.brumbrum.it/
E000629568;www.consorzioagrariocremona.it/assicurazioni/
E000630726;https://www.picki.it
E000631144;www.cavallottiassicurazioni.it
E000631983; HTTPS://WWW.LINKEDIN.COM/IN/DAMIANO-IURLARO?UTM_SOURCE=SHARE&UTM_CAMPAIGN=SHARE_VIA&UTM_CONTENT=PROFILE&UTM_MEDIUM=IOS_APP
E000631983;HTTPS://WWW.DAMIANOIURLARO.IT
E000632853;https://www.facebook.com/profile.php?id=100076457630053
E000632953;www.nga-service.it
E000633919;chiarafenu.consulente.zurichbank.it
E000633921;FABIOCOMPAGNO.CONSULENTE.ZURICHBANK.IT
E000634490;www.unipolsaicomovolta.it
E000634780;https://gevinsurance.it/
E000635258;HTTPS://WWW.INSTAGRAM.COM/ULTIMATE_120?IGSH=MTG2AMFJNMJKMDY3AW%3D%3D&UTM_SOURCE=QR
E000635258;HTTPS://WWW.LINKEDIN.COM/IN/MANUEL-PARIS-21206A157?UTM_SOURCE=SHARE&UTM_CAMPAIGN=SHARE_VIA&UTM_CONTENT=PROFILE&UTM_MEDIUM=IOS_APP
E000636094;www.concessionariagiovanili.it
E000636539;https://www.linkedin.com/in/samuele-maestroni-326742218
E000636763;carladurante.consulente.zurichbank.it
E000637007;https://www.cfmarcorizzo.net/
E000637007;marcorizzo.consulente.widiba.it
E000638669;https://www.mediaticar.it/
E000639609;www.ofsoluzioniassicurative.com
E000640171;https://www.facebook.com/silvia.depiccoli.assicurazione
E000640533;www.studiomeluzzi.it
E000640600;www.dgmoto.it
E000640601;www.urbanamoto.com
E000641019;www.peressini.it
E000641449;paolorepetti.consulente.zurichbank.it
E000641751;www.riskadvisor.info
E000642026;www.omegabroker.it
E000642491;www.gioelemauri.it
E000642518;www.futuraserviziassicurativi.it
E000643180;mauriziodanese.consulente.zurichbank.it
E000643959;www.autohero.com
E000644088;HTTPS://SKIAREALPECIMBRA.SKIPERFORMANCE.COM/
E000644088;WWW.ALPECIMBRA.IT
E000644105;silviasterpi.consulente.zurichbank.it
E000644135;https://www.studiodoto.it
E000644845;www.machgrosseto.com
E000644891;www.gostmoto.com
E000645987;https://www.my-fiore.it/
E000646058;luigiscarano.consulente.widiba.it
E000647892;marcofeniello.consulente.zurichbank.it
E000647894;erjolalumi.consulente.zurichbank.it
E000648210;ivanlandaverdegarcia.consulente.zurichbank.it
E000650005;WWW.ASSICURAZIONIBOCCEA.IT
E000650578;www.loiaconomoto.it
E000650732;matteopiavanini.consulente.zurichbank.it
E000650734;ORIANOPRATI.CONSULENTE.ZURICHBANK.IT
E000650839;https://mag.fpcisl.it
E000650880;https://www.gedeservizi.it/Home/
E000652352;www.realemutua.it/agenziamestre
E000654549;https://99bros.com
E000654698;robertovinciguerra.consulente.widiba.it
E000655330;www.abc-studioprofessionale.com
E000655381;www.imocoassicurazioni.it
E000656423;RUGGEROBOTTINI.CONSULENTE.ZURICHBANK.IT
E000657270;https://www.automontegiove.it/
E000657370;HTTPS://WWW.LINKEDIN.COM/AUTHWALL?TRK=BF&TRKINFO=AQHRKURYYYNFTWAAAZUTQ7KA01SRFZC6WZDDAF6NSDNV0BLLDSCO_NA3WMJVKKXX-08LNW42VQDICPVCAE0-_YXQXZKTHR_9GEESYAIZBCXHF3VMMWLU7TIT6-E_QOS1KHPOQLM=&ORIGINAL_REFERER=&SESSIONREDIRECT=HTTPS%3A%2F%2FWWW.LINKEDIN.COM%2FIN%2FANDREA-MATTEI-00A71123
E000657508;www.assicuraservizi.it/massimo-fusconi-consulente-assicurativo/
E000657752;www.garripoli.it
E000657913;www.futuroalsicuro.it
E000658254;facebook.com/jonny.boccaccio1
E000658254;https://instagram.com/jonnyboccaccio?igshid=MzRlODBiNWFlZA==
E000658720;chiavari-corso-genova.bartoliniemauri.com
E000659020;www.petcareassicurazione.it/
E000659545;HTTPS://WWW.LINKEDIN.COM/IN/ARANGINO-CARLO-A8344AA7?UTM_SOURCE=SHARE&UTM_CAMPAIGN=SHARE_VIA&UTM_CONTENT=PROFILE&UTM_MEDIUM=IOS_APP
E000659672;www.automaster.it
E000660316;vincenzocolella.consulente.zurichbank.it
E000660317;MASSIMILIANOFALCOCCHIO.CONSULENTE.ZURICHBANK.IT
E000661787;www.tecnicars.it
E000661881;https://www.instagram.com/vins_44?igsh=MXI3ZmY5cjVvN3d0NA%3D%3D%3D&utm_source=qr
E000662305;www.motoauriemma.it
E000662574;arientistefano.consulente.zurichbank.it
E000662575;marziaravagna.consulente.zurichbank.it
E000663775;FACEBOOK.COM/SHARE/168AAOBQWS/
E000663775;LINKEDIN.COM/IN/LAURA-GENNARI-453A24137
E000663775;WWW.INSTAGRAM.COM/LA_LAURETTA_G?IGSH=MW8XZ2RYYNO3Y2HZYW
E000665219;www.gruppotoday.com
E000665378;www.sozioassicurazioni.it
E000665595;www.harleydavidsontrento.it
E000666796;stefanolanzon.consulente.widiba.it
E000666951;https://www.instagram.com/consulenza_marcovago/
E000667414;RENATOESPOSITO.CONSULENTE.ZURICHBANK.IT
E000667931;HTTPS://WWW.LINKEDIN.COM/IN/RICCARDO-BARBETTI-4503131A1?UTM_SOURCE=SHARE&UTM_CAMPAIGN=SHARE_VIA&UTM_CONTENT=PROFILE&UTM_MEDIUM=IOS_APP
E000668313;www.facebook.com/jacopotobaldiassicurazioni
E000668313;www.instagram.com/jacopo_tobaldi
E000668313;www.jacopotobaldi.it
E000668313;www.linkedin.com/in/jacopo-tobaldi-91189517b
E000668967;www.camperlegnano.it
E000671126;https://quadra.srl/
E000671241;giulianiivan.consulente.zurichbank.it
E000671312;dariotravaini.consulente.zurichbank.it
E000671313;CLAUDIADANIELI.CONSULENTE.ZURICHBANK.IT
E000671621;www.motorgooo.it
E000672154;sofiafontanini.consulente.widiba.it
E000672525;www.motocapital.it
E000672584;https://www.instagram.com/officine_puma/
E000672943;federicocamelin.consulente.widiba.it
E000673395;https://agenzie.realemutua.it/agenzie/agenziavigevano/chi-siamo
E000673414;WWW.LINKEDIN.COM/DELLAGIOIAGIACOMO
E000674357;FRANCESCOGIORDANO.CONSULENTE.ZURICHBANK.IT
E000674439;www.sammybormolini.it
E000675035; HTTPS://WWW.LINKEDIN.COM/IN/ALESSANDRO-PERCO-3B25228A?UTM_SOURCE=SHARE&UTM_CAMPAIGN=SHARE_VIA&UTM_CONTENT=PROFILE&UTM_MEDIUM=IOS_APP
E000675035;HTTPS://WWW.INSTAGRAM.COM/PERCOALESSANDRO?IGSH=MWHQYZR0ADV2EWOWYG%3D%3D&UTM_SOURCE=QR
E000675099;https://lcassicura.torinoinvetrina.com/
E000675380;https://www.prontopass.it/
E000675451;www.previdenzasicura.it
E000675695;www.vumbacaauto.it
E000675888;www.snowitexperience.com
E000678093;https://www.romagnoliassicurazionitrento.com
E000678192;https://assicurazione.sogesa.net
E000678716;ANTONINOLAMIA.CONSULENTE.ZURICHBANK.IT
E000678747;HTTPS://WWW.LINKEDIN.COM/IN/GIORGIA-LONGO-3A195B245?UTM_SOURCE=SHARE&UTM_CAMPAIGN=SHARE_VIA&UTM_CONTENT=PROFILE&UTM_MEDIUM=IOS_APP
E000679438;WWW.GIANFRANCESCOAUTOMOBILI.IT
E000679519;www.consulenze2f.com
E000679522;www.agenziazurich.it/bz503
E000679716;www.autosporttorino.it
E000680092;www.realemutua.it/agenziamestre
E000680190;LUIGICIOTOLA.CONSULENTE.ZURICHBANK.IT
E000680313;giuseppegarzoni.consulente.widiba.it
E000680486;www.vaccaroassicurazioni.it
E000681722;https://www.ageallianz.it/matera3635/
E000682224;HTTPS://WWW.FACEBOOK.COM/SHARE/18KNSASGQK/?MIBEXTID=WWXIFR
E000682224;HTTPS://WWW.INSTAGRAM.COM/PIPPIPEDRO?IGSH=MWJMB25RDNFIZHB2NA%3D%3D&UTM_SOURCE=QR
E000682224;HTTPS://WWW.LINKEDIN.COM/IN/ANGELICA-PEDRONCELLI-93992820A?UTM_SOURCE=SHARE&UTM_CAMPAIGN=SHARE_VIA&UTM_CONTENT=PROFILE&UTM_MEDIUM=IOS_APP
E000682460;www.studioappalti.it
E000682516;emanuelecapurso.consulente.zurichbank.it
E000682990;asiaazzolini.consulente.widiba.it
E000683021;federicomoriconi.consulente.zurichbank.it
E000683401;https://www.atena-assicurazioni.it/
E000683401;https://www.instagram.com/atena_assicurazioni?igsh=MXhlc3lweW1xazB6Zg==
E000683569;www.moveconsulting.it
E000684276;www.piaggioavellino.com
E000684277;www.xgamemoto.com
E000684343;HTTPS://WWW.FACEBOOK.COM/SHARE/19VBCHOCZP/?MIBEXTID=WWXIFR
E000684343;HTTPS://WWW.INSTAGRAM.COM/REF.DELLO99?IGSH=MXVYNZJLM2T6CZG2NA==
E000684343;HTTPS://WWW.LINKEDIN.COM/IN/DANIELE-DELL-ORO-73315524A?UTM_SOURCE=SHARE&UTM_CAMPAIGN=SHARE_VIA&UTM_CONTENT=PROFILE&UTM_MEDIUM=IOS_APP
E000684343;HTTPS://WWW.TIKTOK.COM/@DELLO806?_T=ZN-8TFSXQAP3D0&_R=1
E000684462;donatofornuto.consulente.zurichbank.it
E000684463;nicolomondaini.consulente.zurichbank.it
E000684903;www.cafcisaludine.it/it
E000685767;www.galassoconsulenza.it
E000685839;www.raiffeisen.it/de/toblach
E000685840;www.raiffeisen.it/de/toblach
E000686207;fideiussioni-assicurative.it
E000686347;www.regold.it
E000686411;simonemarconi.consulente.widiba.it
E000687475;www.safaricar.it
E000687725;www.powerbikesas.it
E000688335;www.riccardodifalco.it
E000688508;WWW.CRVALDINON.IT
E000688509;WWW.CRVALDINON.IT
E000688510;WWW.CRVALDINON.IT
E000688511;WWW.CRVALDINON.IT
E000688512;WWW.CRVALDINON.IT
E000688513;WWW.CRVALDINON.IT
E000688514;WWW.CRVALDINON.IT
E000688515;WWW.CRVALDINON.IT
E000688516;WWW.CRVALDINON.IT
E000688517;WWW.CRVALDINON.IT
E000688518;WWW.CRVALDINON.IT
E000688519;WWW.CRVALDINON.IT
E000688520;WWW.CRVALDINON.IT
E000688521;WWW.CRVALDINON.IT
E000688522;WWW.CRVALDINON.IT
E000688523;WWW.CRVALDINON.IT
E000688524;WWW.CRVALDINON.IT
E000688525;WWW.CRVALDINON.IT
E000688526;WWW.CRVALDINON.IT
E000688527;WWW.CRVALDINON.IT
E000688528;WWW.CRVALDINON.IT
E000688529;WWW.CRVALDINON.IT
E000688531;WWW.CRVALDINON.IT
E000688532;WWW.CRVALDINON.IT
E000688533;WWW.CRVALDINON.IT
E000688534;WWW.CRVALDINON.IT
E000688535;WWW.CRVALDINON.IT
E000688537;WWW.CRVALDINON.IT
E000688993;fabioaschieri.consulente.zurichbank.it
E000689005;WWW.BELLASCELTA.IT
E000689249;saveriomontenegro.consulente.widiba.it
E000690210;https://www.dpassicurazioniluceegas.com/
E000690979;ettoremorsiani.consulente.widiba.it
E000691211;www.andreacasagrande.it
E000691416;www.creditsolutionsrl.it
E000691701;MASSIMOMONTESI.CONSULENTE.ZURICHBANK.IT
E000692076;gabrielechiappa.consulente.widiba.it
E000692365;https://it.linkedin.com/company/bccfelsinea
E000692365;https://www.facebook.com/bccfelsinea
E000692365;https://www.instagram.com/bccfelsinea/
E000692365;https://www.youtube.com/@bccfelsinea
E000692365;www.bccfelsinea.it
E000692366;https://it.linkedin.com/company/bccfelsinea
E000692366;https://www.facebook.com/bccfelsinea
E000692366;https://www.instagram.com/bccfelsinea/
E000692366;https://www.youtube.com/@bccfelsinea
E000692366;www.bccfelsinea.it
E000692632;DEMBADIOP.CONSULENTE.ZURICHBANK.IT
E000692633;DOMENICOMARTINALLI.CONSULENTE.ZURICHBANK.IT
E000692634;marcoforante.consulente.zurichbank.it
E000692972;www.sozioassicurazioni.it
E000693009;https://fmpraticheauto.it/
E000693010;https://fmpraticheauto.it/
E000693289;https://www.polizzestoriche.net/
E000693502;https://www.autogiordano.com/
E000695130;https://testamatteo.it/
E000695130;matteotesta.consulente.widiba.it
E000696436;https://instagram.com/studiocorvino.mss?igshid=MzRlODBiNWFlZA==
E000696935;https://www.instagram.com/il_caster?igsh=ZTh4ajI0M3BrY2R&utm_source=qr
E000697008;https://www.berti-investments.com/
E000697504;https://m.facebook.com/profile.php?id=100076273452032
E000699471;www.creditsolutionsrl.it
E000699614;HTTPS://WWW.INSTAGRAM.COM/AGENZIA_ZURICH_SALO
E000699657;www.raiffeisen.it/de/tirol
E000700069;https://www.salbora.it/consulenza-assicurativa/
E000700069;www.salbora.it
E000700358;linkedin.com/in/michela-tonini
E000700358;www.instagram.com/investoergosum?igsh=NzIxZG96MzJwcjNj&utm_source=qr
E000700569;www.agririsksrl.it
E000700628;www.ccsoluzioni.it
E000700670;https://www.agenziagloria.com/
E000700670;https://www.facebook.com/ACIVILLACARCINA/
E000700811;WWW.AESERVIZISRL.IT
E000701274;www.raiffeisen.it/it/cassa-rurale-di-bolzano.html
E000701312;www.guagliumicars.it
E000701434;www.sn-consulting.it
E000701567;www.carluccimoto.com
E000701595;www.motoriders.it
E000702474;marcobattarra.consulente.zurichbank.it
E000702704;www.mocautogroup.com
E000702706;www.modicamotori.it
E000702835;www.linkedin.com/in/federico-ferrando-picchio-54897819b
E000702950;www.ccsoluzioni.it
E000703034;filippocosma.consulente.zurichbank.it
E000703102;HTTPS://WWW.FACEBOOK.COM/GIO.GIO.7758?MIBEXTID=LQQJ4D&RDID=QIYEOUXNAME7CPVA&SHARE_URL=HTTPS%3A%2F%2FWWW.FACEBOOK.COM%2FSHARE%2F1LRTKCBHYC%2F%3FMIBEXTID%3DLQQJ4D#
E000703302;https://instagram.com/angela_damanti_?igshid=OGQ5ZDc2ODk2ZA==
E000704067;www.ptmmotors.it
E000704258;https://assicurazione-salute.com
E000704258;www.assicurazione-salute.com
E000705445;antoniolopiccolo.consulente.zurichbank.it
E000705526;https://dnzfideiussioni.eu/
E000705629;MARCOCELLERINO.CONSULENTE.ZURICHBANK.IT
E000706277;https://confagricolturapavia.it/assicurazione.aspx
E000706278;https://confagricolturapavia.it/assicurazione.aspx
E000706828;www.servizionigo.it
E000707387;https://simonezaro2.wixsite.com/assicurazioni
E000707387;https://simonezaroassicura.wordpress.com
E000707483;hristotodorov.consulente.zurichbank.it
E000707650;www.emmegierre.info
E000708015;lucamarchini.consulente.widiba.it
E000709285;massimilianocosta.consulente.zurichbank.it
E000709289;ANDREAAUDINO.CONSULENTE.ZURICHBANK.IT
E000709311;www.inmotum.it
E000709318;HTTPS://WA.ME/MESSAGE/3383022999
E000709318;HTTPS://WWW.INSTAGRAM.COM/NIKADEROSA?IGSH=AZNSN3P6BHD5CJNU&UTM_SOURCE=QR
E000709318;HTTPS://WWW.LINKEDIN.COM/IN/DOMENICA-DE-ROSA-OA1B051B1
E000709685;lucarodari.consulente.widiba.it
E000709692;www.chemolloassicurazioni.it
E000711369;francescosumma.consulente.widiba.it
E000711863;FLORIANAMANFRINI.CONSULENTE.ZURICHBANK.IT
E000711867;DANIELACAPELLI.CONSULENTE.ZURICHBANK.IT
E000711870;GIANLUCAGAMBADORO.CONSULENTE.ZURICHBANK.IT
E000712554;marcomontanari.consulente.zurichbank.it
E000713025;www.gigaconsulenze.it
E000713508;www.agenzie.generali.it/lodidelemene
E000713955;PAMELAAGNELETTI.CONSULENTE.ZURICHBANK.IT
E000714443;HTTPS://ROSCIANOMOTO.IT/
E000715074;HTTPS://ANASSICURAZIONI.COM/
E000715470;WWW.INSTAGRAM.COM/PAOLO_CERVELLIN
E000715470;WWW.LINKEDIN.COM/PAOLOCERVELLIN
E000715900;enricomariabiglino.consulente.zurichbank.it
E000715901;massimilianobruni.consulente.zurichbank.it
E000715905;paologiuliodantelay.consulente.zurichbank.it
E000715913;marconieri.consulente.zurichbank.it
E000715914;MARCOMARIAPICCININI.CONSULENTE.ZURICHBANK.IT
E000716962;HTTPS://WWW.LINKEDIN.COM/IN/FEDERICA-MARCIALIS-51B78B69/
E000716983;WWW.TRIUMPHBRESCIA.IT
E000717607;https://www.facebook.com/andrea.ciuffini
E000717607;https://www.instagram.com/andrea_ciuffini/
E000717607;https://www.linkedin.com/in/andrea-ciuffini-41598717b/
E000718053;www.agenziagmassicurazioni.it
E000718116;https://www.linkedin.com/in/sandro-mafrica-99b2b394/
E000718483;HTTPS://WWW.INSTAGRAM.COM/CLAUDIO_MICERA?UTM_SOURCE=QR&IGSH=ANKXCNHWNMZ3EXA2
E000719441;rosatolino.consulente.widiba.it
E000719949;e-fideiussioni.it
E000719973;www.agenzie.generali.it/padovafacciolati
E000719973;www.generalipadovafacciolati.it
E000720033;stefanoparise.consulente.widiba.it
E000720406;WWW.HONDASEGALE.IT
E000720613;HTTPS://WWW.FACEBOOK.COM/VPINI
E000720613;HTTPS://WWW.INSTAGRAM.COM/VERO89PINI/
E000720613;HTTPS://WWW.LINKEDIN.COM/IN/VERONICA-PINI-A297A419B/
E000720771;HTTPS://WWW.FACEBOOK.COM/SHARE/19TI5U5KMC/?MIBEXTID=WWXIFR
E000720771;HTTPS://WWW.INSTAGRAM.COM/MATTEOBARTOLINI_10?IGSH=MWTPZNFINHRNDNBIDQ%3D%3D&UTM_SOURCE=QR
E000720771;HTTPS://WWW.LINKEDIN.COM/IN/MATTEO-BARTOLINI-AB4B53272?UTM_SOURCE=SHARE&UTM_CAMPAIGN=SHARE_VIA&UTM_CONTENT=PROFILE&UTM_MEDIUM=IOS_APP
E000721298;www.gruppotoday.com
E000721442;https://www.acatservizi.com/
E000721808;SVARASSICURA@GMAIL.COM
E000721829;MASSIMOCURINA.CONSULENTE.ZURICHBANK.IT
E000721830;VALTERAMOROSO.CONSULENTE.ZURICHBANK.IT
E000721831;ROBERTONATALINI.CONSULENTE.ZURICHBANK.IT
E000721851;www.veratour.it
E000722250;www.energekoveicolielettrici.it
E000722307;www.paciautoquattro-stellantis.it
E000722420;https://www.facebook.com/andrea.castellini.71
E000722420;https://www.instagram.com/andreacastellini1978/
E000722420;linkedin.com/in/andrea-castellini-b2554037/
E000722520;www.99bros.com
E000723563;agenziadantoni.it
E000723912;https://www.facebook.com/profile.php?id=61583048371894
E000723912;https://www.instagram.com/giustoallocca.consulente
E000723912;https://www.tiktok.com/@giustoallocca.consulente
E000723912;www.giustoallocca.it
E000723939;https://assicurazione.axieme.com/andrea-giommetti
E000723947;www.guerrieroassicurazioni.it
E000724550;lorisferrara.consulente.widiba.it
E000724806;https://www.facebook.com/nicolo.lunghi.79
E000724806;https://www.instagram.com/nlunghi/
E000724806;https://www.linkedin.com/in/nicol%C3%B2-lunghi-024846256/
E000724930;WWW.BOSIOASSICURAZIONI.COM
E000725049;FEDERICALAVATELLI.CONSULENTE.ZURICHBANK.IT
E000725102;www.sia-assicurazioni.it
E000725190;www.spaziocasaimmobiliarepescara.it
E000725194;HTTPS://WWW.FACEBOOK.COM/ALESSANDROLISTACONSULENTEASSICURATIVO/
E000725232;www.farmconsultingsrls.it
E000725325;www.agenziamorganti.it
E000725667;Www.Zerotreassicurazioni.it
E000725667;Www.Zerotrevicenza.it
E000725667;www.centroservizipontealto.it
E000725667;www.zerotresporteterzosettore.it
E000725735;HTTPS://WWW.FACEBOOK.COM/FILIPPO.BELLANTONE
E000725735;HTTPS://WWW.INSTAGRAM.COM/FILIPPO.BELLA?IGSH=MWRINHR6YJUYZTZ4OQ==
E000725780;WWW.GRASSOMOTO.COM
E000727109;francescopesaro.consulente.widiba.it
E000727396;https://www.linkedin.com/posts/filippo-menapace-9b57b591_agenziassicurazioni-agenziaassicurazioni-activity-7043960879368843266-3UOF?utm_source=share
E000727452;www.taoro.it
E000728320;fabiomagagnoli.consulente.zurichbank.it
E000728322;CARMINEFIORDELLISI.CONSULENTE.ZURICHBANK.IT
E000728323;ANDREAFIORDELLISI.CONSULENTE.ZURICHBANK.IT
E000728325;COSIMINAMORRONE.CONSULENTE.ZURICHBANK.IT
E000728326;GIANFRANCOCAMPANILE.CONSULENTE.ZURICHBANK.IT
E000728328;tommasogallo.consulente.zurichbank.it
E000728329;MARIODENARD.CONSULENTE.ZURICHBANK.IT
E000728330;paolodallacqua.consulente.zurichbank.it
E000728652;https://adrpartner.com/
E000728817;www.cip.srl
E000728874;https://www.facebook.com/profile.php?id=100089350446525
E000729363;marcomarchese.consulente.zurichbank.it
E000729364;domenicogifuni.consulente.zurichbank.it
E000729365;GAETANODEPASQUALE.CONSULENTE.ZURICHBANK.IT
E000729366;CARMELALUSURIELLO.CONSULENTE.ZURICHBANK.IT
E000729367;mariomoretti.consulente.zurichbank.it
E000729368;emiliaferraro.consulente.zurichbank.it
E000729384;https://www.instagram.com/ilariaruggiero2001?igsh=aDBhbTY1eXc1Yc1Y3Js&utm_source=qr
E000729872;https://andreamasino-consulentefinanziario.it/
E000730062;https://www.gittomotor.it/
E000731144;www.agenziazurich.it/bz503
E000732344;paolopisani.consulente.zurichbank.it
E000733541;https://www.creditoxte.com/
E000733541;https://www.hifinance.it/
E000734288;MATTEOMARIANI.CONSULENTE.ZURICHBANK.IT
E000734289;antoniopesce.consulente.zurichbank.it
E000734477;HTTPS://LOMAXASSICURAZIONI.IT/
E000734720;www.w3digitalstore.it/landing-v3-windtre-assicurazioni/?origine=9001201843
E000734751;www.w3digitalstore.it/landing-v3-windtre-assicurazioni/?origine=9001262276
E000735076;https://www.facebook.com/benedetta.moretti.12
E000735076;https://www.instagram.com/ryhab_/
E000735304;www.w3digitalstore.it/landing-v3-windtre-assicurazioni/?origine=9001046126
E000735304;www.w3digitalstore.it/landing-v3-windtre-assicurazioni/?origine=9001103392
E000735343;www.w3digitalstore.it/landing-v3-windtre-assicurazioni/?origine=9001029885
E000735439;www.w3digitalstore.it/landing-v3-windtre-assicurazioni/?origine=9001234397
E000735799;www.w3digitalstore.it/landing-v3-windtre-assicurazioni/?origine=9001255652
E000736456;www.w3digitalstore.it/landing-v3-windtre-assicurazioni/?origine=9000249190
E000736514;www.w3digitalstore.it/landing-v3-windtre-assicurazioni/?origine=9001189396
E000736860;www.linkedin.com/in/stefano-viotti-a885b1190
E000736992;www.agenziabarchi.it
E000737060;www.w3digitalstore.it/landing-v3-windtre-assicurazioni/?origine=9001188763
E000737111;www.w3digitalstore.it/landing-v3-windtre-assicurazioni/?origine=90001038293
E000737408;FACEBOOK.COM/NICOLEE.LEO
E000737408;INSTAGRAM.COM/NICOLE_SCIROCCALE
E000737408;LINKEDIN.COM/IN/NICOLE-ROSITA-SCIROCCALE-B080B3284
E000737585;www.w3digitalstore.it/landing-v3-windtre-assicurazioni/?origine=9001029602
E000737615;www.w3digitalstore.it/landing-v3-windtre-assicurazioni/?origine=9001060592
E000738218;WWW.CAPITALFACTORY.IT
E000738431;PAOLOBONELLI.CONSULENTE.ZURICHBANK.IT
E000738434;marcellomorlandi.consulente.zurichbank.it
E000738435;GABRIELEPRANDINA.CONSULENTE.ZURICHBANK.IT
E000738495;WWW.FACEBOOK.COM/SHARE/15TFVVMX8W/?MIBEXTID=WWXIFR
E000738495;WWW.INSTAGRAM.COM/EMANUELE_SALVATORE_?IGSH=M2ZREJFMDNPWZDJO
E000738495;WWW.LINKEDIN.COM/IN/EMANUELE-SALVATORE-B89B1B168?TRK=UNIVERSAL-SEARCH-CLUSTER
E000738666;www.raiffeisen.it/it/di-parcines
E000739644;WWW.SISCOSSERVIZI.COM
E000739785;https://www.facebook.com/francesco.lunghi.18
E000739785;https://www.instagram.com/francesco_lunghi/
E000739895;albinomarino.consulente.zurichbank.it
E000740791;GIANPIEROCARA.CONSULENTE.ZURICHBANK.IT
E000742123;PAOLOBERLANI.CONSULENTE.ZURICHBANK.IT
E000743450;https://www.tuverifinanziamenti.it
E000743450;https://www.tuverifinanziamenti.it/servizi.asp
E000743768;HTTPS://WWW.FACEBOOK.COM/IN/FRANCESCA.FRATAZZI
E000743768;HTTPS://WWW.INSTAGRAM.COM/IN/FRANCESCA.FRATAZZI
E000743768;HTTPS://WWW.LINKEDIN.COM/IN/FRANCESCA.FRATAZZI
E000743922;FACEBOOK.COM/SHARE/15NURA61EX/
E000743922;INSTAGRAM.COM/CANALI_ANDREA/
E000744397;HTTPS://WWW.WEAREIMPLAN.IT/
E000745321;http://www.agenziaformamentis.com/
E000745602;https://aniwaycars.it/
E000745607;https://www.facebook.com/roberto.roscini
E000745607;https://www.instagram.com/rroscini/
E000745607;https://www.linkedin.com/in/roberto-roscini/
E000746463;WWW.STEFANINIAUTO.IT
E000746649;https://www.subitoinregola.it/home-inregola-assicura/
E000746682;fabiomarinaro.consulente.zurichbank.it
E000747418;https://www.instagram.com/marialauracof99?igsh=MWNrODdvcHk1NTd6bQ%3D%3D&utm_sorce=qr
E000747692;MICHELEMONACO.CONSULENTE.ZURICHBANK.IT
E000747810;edoardodimagli.consulente.zurichbank.it
E000747828;https://www.facebook.com/alessandro.fogu.12
E000747828;https://www.instagram.com/ale_fogu/
E000747828;https://www.linkedin.com/in/alessandro-fogu-55a34028b/
E000747985;HTTPS://WWW.FACEBOOK.COM/P/BUFFOLANO-ASSICURAZIONI-100063553807747/
E000747985;HTTPS://WWW.INSTAGRAM.COM/BUFFOLANO_ASSICURAZIONI/
E000747985;HTTPS://WWW.LINKEDIN.COM/IN/ANTONIO-BUFFOLANO-2B930A144/?ORIGINALSUBDOMAIN=IT
E000748058;HTTPS://WWW.LINKEDIN.COM/IN/MATTEO-CAIAZZO-BA0126279?UTM_SOURCE=SHARE&UTM_CAMPAIGN=SHARE_VIA&UTM_CONTENT=PROFILE&UTM_MEDIUM=IOS_APP
E000748500;https://www.extrafideiussioni.it
E000748897;soniastanislao.consulente.zurichbank.it
E000750055;www.assitaffo.it
E000750188;denisgolubev.consulente.zurichbank.it
E000750189;LUIGIFERRARO.CONSULENTE.ZURICHBANK.IT
E000750191;maurizioteresi.consulente.zurichbank.it
E000750211;www.lfcredit.it
E000751015;https://www.agenziapraticheautofrascati-saif.it
E000751497;WWW.CRVALDINON.IT
E000751498;WWW.CRVALDINON.IT
E000751499;WWW.CRVALDINON.IT
E000751500;www.crvaldinon.it
E000751501;WWW.CRVALDINON.IT
E000751502;WWW.CRVALDINON.IT
E000751503;WWW.CRVALDINON.IT
E000751504;WWW.CRVALDINON.IT
E000751505;WWW.CRVALDINON.IT
E000751506;WWW.CRVALDINON.IT
E000751507;WWW.CRVALDINON.IT
E000751508;WWW.CRVALDINON.IT
E000751509;WWW.CRVALDINON.IT
E000751510;WWW.CRVALDINON.IT
E000751511;WWW.CRVALDINON.IT
E000751512;WWW.CRVALDINON.IT
E000751513;WWW.CRVALDINON.IT
E000751514;WWW.CRVALDINON.IT
E000751515;WWW.CRVALDINON.IT
E000751516;WWW.CRVALDINON.IT
E000751517;WWW.CRVALDINON.IT
E000751518;WWW.CRVALDINON.IT
E000751519;WWW.CRVALDINON.IT
E000751520;WWW.CRVALDINON.IT
E000751521;WWW.CRVALDINON.IT
E000751522;WWW.CRVALDINON.IT
E000751523;WWW.CRVALDINON.IT
E000751524;WWW.CRVALDINON.IT
E000751525;WWW.CRVALDINON.IT
E000751526;WWW.CRVALDINON.IT
E000751527;www.crvaldinon.it
E000751528;WWW.CRVALDINON.IT
E000751529;WWW.CRVALDINON.IT
E000751530;WWW.CRVALDINON.IT
E000751631;WWW.WELLFI.IT
E000751885;https://www.risk-free.it/
E000752039;WWW.BUSIBROKERASSICURAZIONI.IT
E000752275;www.alfuturoserviziassicurativi.it
E000752625;www.insurantia.it
E000752638;www.freerentcar.fe.com
E000752674;www.gecoconsultings.it
E000752833;NICOLOOGGIANO.CONSULENTE.ZURICHBANK.IT
E000752834;lorenzocercio.consulente.zurichbank.it
E000752863;www.alfuturoserviziassicurativi.it
E000752865;www.alfuturoserviziassicurativi.it
E000752868;www.alfuturoserviziassicurativi.it
E000752872;www.alfuturoserviziassicurativi.it
E000752877;www.alfuturoserviziassicurativi.it
E000752888;WWW.INSTAGRAM.COM/RACHELE.CAMPAGNAROO
E000753725;www.alfuturoserviziassicurativi.it
E000753729;www.alfuturoserviziassicurativi.it
E000753730;www.alfuturoserviziassicurativi.it
E000753731;www.alfuturoserviziassicurativi.it
E000753732;www.alfuturoserviziassicurativi.it
E000753734;www.alfuturoserviziassicurativi.it
E000753735;www.alfuturoserviziassicurativi.it
E000753736;www.alfuturoserviziassicurativi.it
E000753737;www.alfuturoserviziassicurativi.it
E000753746;www.alfuturoserviziassicurativi.it
E000753755;www.alfuturoserviziassicurativi.it
E000753758;www.alfuturoserviziassicurativi.it
E000753761;www.alfuturoserviziassicurativi.it
E000753765;www.alfuturoserviziassicurativi.it
E000753766;www.alfuturoserviziassicurativi.it
E000753767;www.alfuturoserviziassicurativi.it
E000753772;www.alfuturoserviziassicurativi.it
E000753774;www.alfuturoserviziassicurativi.it
E000753775;www.alfuturoserviziassicurativi.it
E000753777;www.alfuturoserviziassicurativi.it
E000753778;www.alfuturoserviziassicurativi.it
E000753779;www.alfuturoserviziassicurativi.it
E000753781;www.alfuturoserviziassicurativi.it
E000753785;www.alfuturoserviziassicurativi.it
E000753786;www.alfuturoserviziassicurativi.it
E000753791;www.alfuturoserviziassicurativi.it
E000753792;www.alfuturoserviziassicurativi.it
E000753794;www.alfuturoserviziassicurativi.it
E000753797;www.alfuturoserviziassicurativi.it
E000753800;www.alfuturoserviziassicurativi.it
E000753811;www.alfuturoserviziassicurativi.it
E000753815;www.alfuturoserviziassicurativi.it
E000754201;paolasilvestri.consulente.zurichbank.it
E000754202;leonardosalamone.consulente.zurichbank.it
E000754203;marcofrione.consulente.zurichbank.it
E000754315;www.alfuturoserviziassicurativi.it
E000754316;www.alfuturoserviziassicurativi.it
E000754317;www.alfuturoserviziassicurativi.it
E000754328;www.alfuturoserviziassicurativi.it
E000754332;www.alfuturoserviziassicurativi.it
E000754334;www.alfuturoserviziassicurativi.it
E000754335;www.alfuturoserviziassicurativi.it
E000754818;www.alfuturoserviziassicurativi.it
E000754820;www.alfuturoserviziassicurativi.it
E000755583;WWW.FIORELLAASSICURAZIONI.IT
E000755608;FRANCESCOMORRA.CONSULENTE.ZURICHBANK.IT
E000756024;www.alfuturoserviziassicurativi.it
E000756025;www.alfuturoserviziassicurativi.it
E000756030;www.alfuturoserviziassicurativi.it
E000756031;www.alfuturoserviziassicurativi.it
E000756032;www.alfuturoserviziassicurativi.it
E000756033;www.alfuturoserviziassicurativi.it
E000756038;www.alfuturoserviziassicurativi.it
E000756040;www.alfuturoserviziassicurativi.it
E000756190;www.alfuturoserviziassicurativi.it
E000756192;www.alfuturoserviziassicurativi.it
E000756195;www.alfuturoserviziassicurativi.it
E000756196;www.alfuturoserviziassicurativi.it
E000756199;www.alfuturoserviziassicurativi.it
E000756200;www.alfuturoserviziassicurativi.it
E000756224;www.alfuturoserviziassicurativi.it
E000756226;www.alfuturoserviziassicurativi.it
E000756227;www.alfuturoserviziassicurativi.it
E000756230;www.alfuturoserviziassicurativi.it
E000756232;www.alfuturoserviziassicurativi.it
E000756233;www.alfuturoserviziassicurativi.it
E000756243;www.alfuturoserviziassicurativi.it
E000756245;www.alfuturoserviziassicurativi.it
E000756246;www.alfuturoserviziassicurativi.it
E000756526;www.alfuturoserviziassicurativi.it
E000756527;www.alfuturoserviziassicurativi.it
E000756531;www.alfuturoserviziassicurativi.it
E000756532;www.alfuturoserviziassicurativi.it
E000756533;www.alfuturoserviziassicurativi.it
E000756534;www.alfuturoserviziassicurativi.it
E000756610;antoniomariascappaticci.consulente.zurichbank.it
E000756851;marcocolombo.consulente.zurichbank.it
E000756893;www.alfuturoserviziassicurativi.it
E000756894;www.alfuturoserviziassicurativi.it
E000756895;www.alfuturoserviziassicurativi.it
E000756897;www.alfuturoserviziassicurativi.it
E000756898;www.alfuturoserviziassicurativi.it
E000756902;www.alfuturoserviziassicurativi.it
E000756904;www.alfuturoserviziassicurativi.it
E000757231;www.alfuturoserviziassicurativi.it
E000757235;www.alfuturoserviziassicurativi.it
E000757240;www.alfuturoserviziassicurativi.it
E000757243;www.alfuturoserviziassicurativi.it
E000757250;www.alfuturoserviziassicurativi.it
E000757490;EMILIOGIOVANNIVITTORIOCIVARDI.CONSULENTE.ZURICHBANK.IT
E000757491;ALESSIAPESCE.CONSULENTE.ZURICHBANK.IT
E000757699;HTTPS://WWW.OGMOTORS.COM/
E000757802;www.alfuturoserviziassicurativi.it
E000757805;www.alfuturoserviziassicurativi.it
E000757817;www.alfuturoserviziassicurativi.it
E000757840;www.alfuturoserviziassicurativi.it
E000757841;www.alfuturoserviziassicurativi.it
E000758201;www.alfuturoserviziassicurativi.it
E000758202;www.alfuturoserviziassicurativi.it
E000758203;www.alfuturoserviziassicurativi.it
E000758206;www.alfuturoserviziassicurativi.it
E000758207;www.alfuturoserviziassicurativi.it
E000758209;www.alfuturoserviziassicurativi.it
E000758213;www.alfuturoserviziassicurativi.it
E000758218;www.alfuturoserviziassicurativi.it
E000758219;www.alfuturoserviziassicurativi.it
E000758222;www.alfuturoserviziassicurativi.it
E000758226;www.alfuturoserviziassicurativi.it
E000758228;www.alfuturoserviziassicurativi.it
E000758237;FACEBOOK.COM/KING7MASA/
E000758237;INSTAGRAM.COM/KINGMASA21/
E000758237;LINKEDIN.COM/IN/ALESSANDRO-GROSSI-0570191B2/
E000758502;lucascavazzini.consulente.zurichbank.it
E000758505;ELISABETTALUNA.CONSULENTE.ZURICHBANK.IT
E000758597;www.alfuturoserviziassicurativi.it
E000758606;www.alfuturoserviziassicurativi.it
E000758608;www.alfuturoserviziassicurativi.it
E000758609;www.alfuturoserviziassicurativi.it
E000758611;www.alfuturoserviziassicurativi.it
E000758613;www.alfuturoserviziassicurativi.it
E000758615;www.alfuturoserviziassicurativi.it
E000758616;www.alfuturoserviziassicurativi.it
E000758618;www.alfuturoserviziassicurativi.it
E000758621;www.alfuturoserviziassicurativi.it
E000758627;www.alfuturoserviziassicurativi.it
E000758628;www.alfuturoserviziassicurativi.it
E000758629;www.alfuturoserviziassicurativi.it
E000758630;www.alfuturoserviziassicurativi.it
E000758631;www.alfuturoserviziassicurativi.it
E000758632;www.alfuturoserviziassicurativi.it
E000758633;www.alfuturoserviziassicurativi.it
E000758634;www.alfuturoserviziassicurativi.it
E000758635;www.alfuturoserviziassicurativi.it
E000758639;www.alfuturoserviziassicurativi.it
E000758640;www.alfuturoserviziassicurativi.it
E000759057;www.alfuturoserviziassicurativi.it
E000759067;www.alfuturoserviziassicurativi.it
E000759071;www.alfuturoserviziassicurativi.it
E000759463;www.niustoremilano.it
E000759607;www.alfuturoserviziassicurativi.it
E000759608;www.alfuturoserviziassicurativi.it
E000759610;www.alfuturoserviziassicurativi.it
E000759611;www.alfuturoserviziassicurativi.it
E000759617;www.alfuturoserviziassicurativi.it
E000759622;www.alfuturoserviziassicurativi.it
E000759624;www.alfuturoserviziassicurativi.it
E000759698;andreanesti.consulente.zurichbank.it
E000759898;HTTPS://WWW.FACEBOOK.COM/ILARIA.LENOCI
E000759898;HTTPS://WWW.INSTAGRAM.COM/IAIA131
E000759902;www.wedly.it
E000760468;www.alfuturoserviziassicurativi.it
E000760474;www.alfuturoserviziassicurativi.it
E000760475;www.alfuturoserviziassicurativi.it
E000760476;www.alfuturoserviziassicurativi.it
E000760482;www.alfuturoserviziassicurativi.it
E000760489;www.alfuturoserviziassicurativi.it
E000760490;www.alfuturoserviziassicurativi.it
E000760492;www.alfuturoserviziassicurativi.it
E000760493;www.alfuturoserviziassicurativi.it
E000760494;www.alfuturoserviziassicurativi.it
E000760496;www.alfuturoserviziassicurativi.it
E000760497;www.alfuturoserviziassicurativi.it
E000760500;www.alfuturoserviziassicurativi.it
E000760503;www.alfuturoserviziassicurativi.it
E000760582;https://www.instagram.com/zerosbattiassicurati/?igsh=MTJ6Nm85cWNmZ2VweA%3D%3D&utm_source=qr#
E000760734;www.alfuturoserviziassicurativi.it
E000760743;www.alfuturoserviziassicurativi.it
E000760747;www.alfuturoserviziassicurativi.it
E000760748;www.alfuturoserviziassicurativi.it
E000760755;www.alfuturoserviziassicurativi.it
E000760766;www.alfuturoserviziassicurativi.it
E000760768;www.alfuturoserviziassicurativi.it
E000760770;www.alfuturoserviziassicurativi.it
E000760772;www.alfuturoserviziassicurativi.it
E000760773;www.alfuturoserviziassicurativi.it
E000760775;www.alfuturoserviziassicurativi.it
E000760780;www.alfuturoserviziassicurativi.it
E000760782;www.alfuturoserviziassicurativi.it
E000760785;www.alfuturoserviziassicurativi.it
E000760787;www.alfuturoserviziassicurativi.it
E000760788;www.alfuturoserviziassicurativi.it
E000760793;www.alfuturoserviziassicurativi.it
E000760796;www.alfuturoserviziassicurativi.it
E000760801;www.alfuturoserviziassicurativi.it
E000761326;www.bancaifis.it
E000761328;www.bancaifis.it
E000761330;www.bancaifis.it
E000761331;www.bancaifis.it
E000761333;www.bancaifis.it
E000761351;www.alfuturoserviziassicurativi.it
E000761355;www.alfuturoserviziassicurativi.it
E000761356;www.alfuturoserviziassicurativi.it
E000761358;www.alfuturoserviziassicurativi.it
E000761366;www.alfuturoserviziassicurativi.it
E000761371;www.alfuturoserviziassicurativi.it
E000761379;www.alfuturoserviziassicurativi.it
E000761380;www.alfuturoserviziassicurativi.it
E000761383;www.alfuturoserviziassicurativi.it
E000761387;www.alfuturoserviziassicurativi.it
E000761388;www.alfuturoserviziassicurativi.it
E000761389;www.alfuturoserviziassicurativi.it
E000761397;www.alfuturoserviziassicurativi.it
E000761400;www.alfuturoserviziassicurativi.it
E000761405;www.alfuturoserviziassicurativi.it
E000761407;www.alfuturoserviziassicurativi.it
E000762001;marcomaraldi.consulente.zurichbank.it
E000762002;lorellamaraldi.consulente.zurichbank.it
E000762003;mauriziomauri.consulente.zurichbank.it
E000762004;cristinasalamone.consulente.zurichbank.it
E000762007;www.alfuturoserviziassicurativi.it
E000762011;www.alfuturoserviziassicurativi.it
E000762014;www.alfuturoserviziassicurativi.it
E000762400;HTTP://LINKEDIN.COM/IN/PAOLO-AUGUSTO-BOIDO-9BB126251
E000762406;mariaritamoretti.consulente.zurichbank.it
E000762408;EMANUELEBRUNI.CONSULENTE.ZURICHBANK.IT
E000762488;stefanoscarafia.consulente.zurichbank.it
E000762546;www.alfuturoserviziassicurativi.it
E000762547;www.alfuturoserviziassicurativi.it
E000763272;www.motorhomesrls.it
E000764103;https://www.tecno-moto.com/
E000764946;gianlucacaldo.consulente.zurichbank.it
E000764947;riccardogaggiotti.consulente.zurichbank.it
E000764948;ALESSANDROLAVARONE.CONSULENTE.ZURICHBANK.IT
E000764951;antonellacanova.consulente.zurichbank.it
E000765557;https://www.motorizzazione.com/
E000765619;WWW.089GARAGE.IT
E000766012;www.ajamministrazioni.com
E000766237;www.bancadicherasco.it
E000766237;www.tizianofarina.it
E000767064;ROBERTOCARDARELLO.CONSULENTE.ZURICHBANK.IT
E000767065;robertoditrapano.consulente.zurichbank.it
E000767067;massimopopulin.consulente.zurichbank.it
E000767207;antoniochiarucci.consulente.zurichbank.it
E000767506;https://nardoniserviziassicurativi.it/
E000767943;https://www.instagram.com/ciro_sem?igs=MWtoMDU5Zzk5bms2MQ%3D%3D&utm_source=qr
E000768294;www.assiver.it
E000768302;www.triumphumbria.it
E000768329;HTTPS://ENERGIEINVEST.IT/
E000768388;WWW.OLTREEENERGIA.IT
E000769097;katiusciadematteis.consulente.zurichbank.it
E000770247;giovannimariaadinolfi.consulente.zurichbank.it
E000770535;https://giannettoadvisor.com/
E000770833; INSTAGRAM.COM/JACOPOPELOSI_/
E000770918;lucarubini.consulente.zurichbank.it
E000774309;https://www.cesarmeccanica.com/
E000774488;https://www.mea-assicurazioni.com/
E000774902;https://www.facebook.com/annarita.bellachioma
E000774902;https://www.instagram.com/nikianny/
E000774902;linkedin.com/in/annarita-bellachioma-949053253/
E000775542;www.ruggeromoto.it
E000775665;HTTPS://WWW.INSTAGRAM.COM/FRANCESCA.OLIVIERI
E000776238;https://www.linkedin.com/in/katya-esposito-20616327?lipi=urn%3Ali%3Apage%3Ad_flagship3_profile_view_base_contact_details%3BWnev6K0DT0C12j%2FWAdig2g%3D%3D
E000778254;www.bancadicherasco.it
E000778300;https://agostinimandello.com
E000778306;robertogiambrocono.consulente.zurichbank.it
E000779129;www.chiarain.com
E000779962;danielebrambilla.consulente.zurichbank.it
E000781026;www.zampol.it
E000781131;sandroturbessi.consulente.zurichbank.it
E000781352;riccardolami.consulente.zurichbank.it
E000781540;lucagullino.consulente.zurichbank.it
E000781659;https://treesessanta.eu/
E000781659;https://www.instagram.com/treesessanta/?__d=1%3Futm_source%3Dig_embed
E000782200;gianlucacesarecolnaghi.consulente.zurichbank.it
E000782575;https://maestralefinance.it
E000785653;https://www.facebook.com/share/1DtWx94f7T/
E000785653;https://www.instagram.com/verde.assicurazioni?igsh=eWJyYjJzdGw4N3M4
E000785653;https://www.tiktok.com/@verdeassicurazioni?_r=1&_t=ZN-93aKhcVLoCU
E000788241;www.edoardobizzoco.com
E000788257;michelepalamara.consulente.zurichbank.it
E000789027;www.agenzie.generali.it/mercogliano
E000789718;guidodipalma.consulente.zurichbank.it
E000792486;https://www.tuttoxte.it/
E000794029;https://wa.me/message/GDGUMDEE2DYOA1
E000794029;https://www.instagram.com/danilo_cantoro?utm_source=qr&igsh=aXV0cm5zMm1kNDRx
E000797532;www.roadhousemotor.com
E000797738;enricotisi.consulente.zurichbank.it
E000797820;www.jgreen.it
E000798081;enricovaccari.consulente.zurichbank.it
E000798921;www.flixfin.it
E000799421;www.insuretech.it
E000799732;cristinabilba.consulente.zurichbank.it
E000799860;https://agenzie.realemutua.it/agenzie/agenziatreviglio
E000799864;WWW.ASSIFIDI.IT
E000800182;ernestodecoppi.consulente.zurichbank.it
E000800848;www.agenziaatlante.it
E000801005;https://www.insiemegroup.it/
E000801007; agenzianocera.it
E000801092;www.heltaiassicurazioni.it
E000801182;www.wtwco.com
E000801245;www.bancaifis.it
E000801361;www.premiafinancespa.it
E000802104;https://www.kaleassicurazioni.it/
E000802334;https://www.myklaro.com/
E000802950;https://orizon.one/
E000803003;https://www.kaleassicurazioni.it/
E000803016;www.bancaifis.it
E000803046;www.multinsurance.it
E000803065;www.gruppoviras.com
E000803267;https://www.agenzie.generali.it/ribera
E000803460;https:\\valtermerlat.consulente.widiba.it
E000803461;https:\\cletomeneghello.consulente.widiba.it
E000803656;http://wtwco.com
E000803733;belardinelli.alessandro@hotmail.it
E000803870;www.bancaifis.it
E000803908;http://wtwco.com
E000804185;https://www.epipoli.com/
E000804471;http://wtwco.com
E000804510;danieledilodovico.consulente.zurichbank.it
E000804517;https://www.pianegondaluciano.it/
E000804558;www.sbbroker.it
E000805105;https://www.soleenergiaimpetek.it
E000805148;www.bancaifis.it
E000805149;www.bancaifis.it
E000805162;HTTPS://WTWCO.COM
E000805445;https://www.gruppoviras.com/
E000805446;https://www.gruppoviras.com/
E000805673;www.mediazioniassicurative.com
E000805828;www.csassicuratori.it
E000806089;https://www.albricciravasio.it/
E000806396;www.alfuturoserviziassicurativi.it
E000806396;www.integrabroker.it
E000806414;https://wtwco.com
E000806440;www.alfuturoserviziassicurativi.it
E000809130;https://wtwco.com
E000809132;HTTPS://WTWCO.COM
E000809165;WWW.ORISBROKER.IT
E000809303;WWW.FDEPALMA.IT
E000809824;www.premiafinancespa.it 
E000810065;https://wtwco.com
E000810076;https://wtwco.com
E000810145;www.ap-assicura.it
E000810184;hypoleasing.it
E000810221;www.bancamacerata.it
E000810222;www.bancamacerata.it
E000810223;www.bancamacerata.it
E000810297;https://wtwco.com
E000810643;www.alfuturoserviziassicurativi.it
E000810754;www.campersereno.it
E000810764;www.alfuturoserviziassicurativi.it
E000810776;stefanoolinteo.consulente.zurichbank.it
E000811120;www.assicredit.it
E000811168;www.assiteam.com
E000811169;www.assiteam.com
E000811277;https://wtwco.com
E000811279;www.alfuturoserviziassicurativi.it
E000811281;www.alfuturoserviziassicurativi.it
E000811572;https://wtwco.com
E000811662;ste5200@yahoo.it
E000811738;www.ageallianz.it/torredelgreco610
E000812234;https://wtwco.com
E000812255;https://www.beraldoassicurazioni.it/
E000812258;https://wtwco.com
E000812611;https://www.unicass.it/
E000812646;massimilianocalveri.consulente.zurichbank.it
E000812720;www.sacam.it
E000812741;www.sacam.it
E000812972;www.assicofra.it
E000813383;www.sara.it
E000813576;www.poascpa.it
E000813636;https://www.edmond-de-rothschild.com/it/home
E000813786;www.portilloinvestment.com
E000814057;https://wtwco.com
E000814059;HTTPS://WTWCO.COM
E000814060;HTTPS://WTWCO.COM
E000814061;HTTPS://WTWCO.COM
E000814062;HTTPS://WTWCO.COM
E000814063;HTTPS://WTWCO.COM
E000814069;www.alfuturoserviziassicurativi.it
E000814109;www.agenzie.generali.it/reggiocalabriacorsogaribaldi
E000814181;http://www.gruppoitas.it/
E000814515;www.fiocchibroker.it
E000814526;www.generali.it
E000814572;www.agenziaapriliacs.it
E000814712;agenzie.realemutua.it/agenzie/agenziapadovavigodarzere
E000814734;www.alfuturoserviziassicurativi.it
E000814966;www.assicofra.it
E000815190;ariannadicarne.consulente.zurichbank.it
E000815357;HTTPS://WTWCO.COM
E000816424;www.darhomearredamenti.it
E000816470;guglielmiassicurazioni.it
E000816501;www.alfuturoserviziassicurativi.it
E000816908;https://www.assicurazionipiazzadeibruzi.it/
E000816933;https://www.bancaterrevenete.it/
E000817163;HTTPS://WTWCO.COM
E000817169;www.automotiveservicesrl.net
E000817180;HTTPS://WTWCO.COM
E000817448;https://www.instagram.com/consulenza_fg
E000817516;www.smartwage.it
E000817944;www.trevisoassicura.it
E000818098;https://www.litiostore.it/
E000818381;www.alfuturoserviziassicurativi.it
E000818558;HTTPS://WTWCO.COM
E000818559;www.dronezine.net
E000818600;www.devere-italia.it
E000818607;HTTPS://WTWCO.COM
E000818634;www.intesasanpaoloinsuranceagency.it
E000818641;www.devere-italia.it
E000818642;www.devere-italia.it
E000818643;www.devere-italia.it
E000818644;www.devere-italia.it 
E000818672;www.assitaffo.it
E000819082;https://wtwco.com
E000819169;annamariaalfonso71@libero.it
E000819180;www.alfuturoserviziassicurativi.it
E000819270;www.assifinanziariasrl.com
E000819295;www.alfuturoserviziassicurativi.it
E000819936;https://wtwco.com
E000820153;WWW.ZKB.IT
E000820253;www.girva.it
E000820404;WWW.BANCAIFIS.IT
E000820622;www.globalcreditmanagement.it
E000821182;www.cuffaroassicurazioni.it
E000821228;www.gruppopalmesano.it
E000821250;https://wtwco.com
E000821330;https://wtwco.com
E000821549;www.sistoassicurazioni.net
E000821550;https://wtwco.com
E000821645;g.jato1970@gmail.com
E000821832;www.confesercentipiacenza.it
E000821833;www.confesercentipiacenza.it
E000821867;www.bancaifis.it
E000821877;HTTPS://WTWCO.COM
E000822074;https://wtwco.com
E000822481;www.assigest.eu
E000822547;www.alfuturoserviziassicurativi.it
E000822549;www.alfuturoserviziassicurativi.it
E000822550;www.alfuturoserviziassicurativi.it
E000822752;WWW.3DA.IT
E000822753;WWW.3DA.IT
E000822765;vittorerosa@gmail.com
E000823119;https://wtwco.com
E000823125;www.alfuturoserviziassicurativi.it
E000823450;francesco.coppitelli@gmail.com
E000823724;https://www.grouporange.it/assicurazioni/
E000823813;https://wtwco.com
E000823854;https://wtwco.com
E000824710;www.stimpf.it
E000824742;HTTPS://WTWCO.COM
E000824788;www.carrazza.net
E000824859;mareasrl.amministrazione@gmail.com
E000825476;www.alfuturoserviziassicurativi.it
E000825793;www.mecvis.it
E000826589;HTTPS://WTWCO.COM
E000827105;www.alfuturoserviziassicurativi.it
E000827492;www.assiquattro.it
E000827541;www.alfuturoserviziassicurativi.it
E000827711;https://wtwco.com
E000827781;www.devere-italia.it
E000827782;www.devere-italia.it
E000827922;lucaancona.consulente.zurichbank.it
E000827923;www.bvbroker.com
E000828186;WWW.AGENZIAATLANTE.IT
E000828252;https://wtwco.com
E000828361;www.alfuturoserviziassicurativi.it
E000828466;HTTPS://WTWCO.COM
UE00005541;www.daciafin.it
UE00005541;www.finren.it
UE00005541;www.mobilize-fs.it
UE00005541;www.nissan-fs.it
UE00006756;www.kereisitalia.com
UE00007499;https://www.droege-holding.de/aktiv-assekuranz/en/sezione-italiana
UE00008189;www.intermundial.it
UE00008527;WWW.BMW.IT
UE00008527;WWW.MINI.IT
UE00008527;www.alphera.it
UE00008527;www.bmw-motorrad.it
UE00009218;www.ing.it
UE00009748;https://www.assuropoil.it
UE00009799;HTTPS://IT.YOUNITED-CREDIT.COM/
UE00010467;HTTPS://WWW.BEAGROUP.EU/BEAH/
UE00010469;https://heymondo.it
UE00010496;canegatto.conte.it
UE00010496;www.conte.it
UE00010617;www.iprbrokers.co.uk
UE00010617;www.iprbrokers.com
UE00010619;www.furnessunderwriting.com
UE00010908;www.coverwise.it
UE00010927;https://covergenius.com/embedded-insurance-for-seamless-protection/
UE00010927;https://go.xcover.com/en
UE00010927;https://www.rentalcover.com/it/
UE00010927;https://www.xcover.com/it
UE00011239;HTTPS://WWW.EDMOND-DE-ROTHSCHILD.COM/IT/PAGINE/LEGAL.ASPX
UE00011390;www.altasigna.com
UE00011473;www.furnessunderwriting.com
UE00011544;www.hyundaicapitalitaly.com
UE00012402;https://www.cofidis.it/it/trasparenza.html
UE00757788;HTTPS://WWW.EDMOND-DE-ROTHSCHILD.COM/IT/HOME
UE00762456;www.vwfs.it
UE00767812;www.cabinet-pauk.com
UE00768337;sealeadercrewagency.com
UE00797713;www.qonto.com/it
UE00805861;www.allianzprivee.com/it
